# wavelength [micron] flux [Jy]
0.9701125 1.192299E-5
0.9703591 8.648532E-6
0.9706057 8.242863E-6
0.9708523 9.014763E-6
0.9710989 6.335739E-6
0.9713455 4.259195E-6
0.9715921 7.632507E-6
0.9718386 1.526664E-5
0.9720852 1.211949E-5
0.9723318 7.306452E-6
0.9725784 3.713522E-6
0.9728250 3.239507E-6
0.9730716 4.997074E-6
0.9733182 6.991986E-6
0.9735648 6.613448E-6
0.9738114 7.755698E-6
0.9740580 5.636820E-6
0.9743046 4.827950E-6
0.9745512 5.379401E-6
0.9747978 5.686067E-6
0.9750444 4.590530E-6
0.9752909 3.334338E-6
0.9755375 5.395711E-6
0.9757841 6.673647E-6
0.9760307 7.120367E-6
0.9762773 1.088962E-5
0.9765239 7.764383E-6
0.9767705 5.292620E-6
0.9770171 4.852290E-6
0.9772637 6.975672E-6
0.9775103 6.279318E-6
0.9777569 5.941013E-6
0.9780035 4.954593E-6
0.9782501 5.310735E-6
0.9784966 5.900142E-6
0.9787432 6.807803E-6
0.9789898 7.743954E-6
0.9792364 7.093059E-6
0.9794830 8.959442E-6
0.9797296 6.924671E-6
0.9799762 5.507706E-6
0.9802228 6.082204E-6
0.9804694 6.347147E-6
0.9807160 5.319315E-6
0.9809626 7.193724E-6
0.9812092 8.566591E-6
0.9814558 7.176700E-6
0.9817024 7.177549E-6
0.9819489 7.836852E-6
0.9821955 6.677146E-6
0.9824421 6.578065E-6
0.9826887 8.452934E-6
0.9829353 9.348119E-6
0.9831819 1.022812E-5
0.9834285 7.677291E-6
0.9836751 8.042580E-6
0.9839217 1.103027E-5
0.9841683 7.551184E-6
0.9844149 7.265403E-6
0.9846615 7.214565E-6
0.9849081 4.849475E-6
0.9851547 5.253466E-6
0.9854012 5.649411E-6
0.9856478 7.208463E-6
0.9858944 8.286152E-6
0.9861410 8.914640E-6
0.9863876 7.667582E-6
0.9866342 6.106988E-6
0.9868808 4.800262E-6
0.9871274 4.013797E-6
0.9873740 6.117895E-6
0.9876206 5.075510E-6
0.9878672 4.723469E-6
0.9881138 5.599866E-6
0.9883604 5.076331E-6
0.9886069 4.599030E-6
0.9888535 5.209671E-6
0.9891001 5.584674E-6
0.9893467 5.045456E-6
0.9895933 6.198193E-6
0.9898399 6.784053E-6
0.9900865 6.317055E-6
0.9903331 2.526358E-6
0.9905797 4.668230E-7
0.9908263 2.087093E-6
0.9910729 5.379396E-6
0.9913195 6.059226E-6
0.9915661 4.562475E-6
0.9918127 3.815105E-6
0.9920592 2.261034E-6
0.9923058 3.327227E-6
0.9925524 5.299441E-6
0.9927990 4.774022E-6
0.9930456 5.035589E-6
0.9932922 5.228037E-6
0.9935388 5.316399E-6
0.9937854 7.442304E-6
0.9940320 5.024374E-6
0.9942786 4.693249E-6
0.9945252 7.489860E-6
0.9947718 9.767557E-6
0.9950184 5.704990E-6
0.9952649 5.583873E-6
0.9955115 5.199460E-6
0.9957581 7.135206E-6
0.9960047 8.708791E-6
0.9962513 8.556004E-6
0.9964979 6.999510E-6
0.9967445 7.695443E-6
0.9969911 6.695782E-6
0.9972377 5.260703E-6
0.9974843 6.663736E-6
0.9977309 5.861561E-6
0.9979775 6.119808E-6
0.9982241 7.625814E-6
0.9984707 6.969613E-6
0.9987172 5.374738E-6
0.9989638 7.480719E-6
0.9992104 8.751465E-6
0.9994570 6.373877E-6
0.9997036 4.801738E-6
0.9999502 4.996107E-6
1.0001968 4.741292E-6
1.0004434 5.882999E-6
1.0006900 5.885674E-6
1.0009366 5.514531E-6
1.0011832 5.814884E-6
1.0014298 6.814913E-6
1.0016764 8.066064E-6
1.0019230 8.847492E-6
1.0021695 9.457252E-6
1.0024161 7.542519E-6
1.0026627 7.047443E-6
1.0029093 8.220331E-6
1.0031559 7.752227E-6
1.0034025 6.853324E-6
1.0036491 6.506664E-6
1.0038957 5.576561E-6
1.0041423 7.764849E-6
1.0043889 7.746848E-6
1.0046355 7.356723E-6
1.0048821 1.030293E-5
1.0051287 1.379150E-5
1.0053752 1.432708E-5
1.0056218 1.121810E-5
1.0058684 6.154980E-6
1.0061150 5.820509E-6
1.0063616 6.604984E-6
1.0066082 7.131322E-6
1.0068548 7.326662E-6
1.0071014 9.236449E-6
1.0073480 7.234341E-6
1.0075946 6.941011E-6
1.0078412 9.123882E-6
1.0080878 1.152390E-5
1.0083344 8.797451E-6
1.0085810 4.770964E-6
1.0088275 5.473140E-6
1.0090741 5.761505E-6
1.0093207 5.241785E-6
1.0095673 5.547813E-6
1.0098139 8.433349E-6
1.0100605 9.867706E-6
1.0103071 8.961749E-6
1.0105537 8.221116E-6
1.0108003 7.395641E-6
1.0110469 7.573078E-6
1.0112935 1.062664E-5
1.0115401 9.691273E-6
1.0117867 6.770234E-6
1.0120332 5.604641E-6
1.0122798 8.092235E-6
1.0125264 8.718192E-6
1.0127730 7.734810E-6
1.0130196 8.748599E-6
1.0132662 9.880795E-6
1.0135128 9.235139E-6
1.0137594 9.254044E-6
1.0140060 5.242867E-6
1.0142526 5.957259E-6
1.0144992 8.151153E-6
1.0147458 6.874710E-6
1.0149924 6.554344E-6
1.0152390 9.853567E-6
1.0154855 1.199247E-5
1.0157321 8.826308E-6
1.0159787 5.565513E-6
1.0162253 5.403036E-6
1.0164719 7.874838E-6
1.0167185 9.040838E-6
1.0169651 7.100375E-6
1.0172117 7.760695E-6
1.0174583 8.792613E-6
1.0177049 7.378724E-6
1.0179515 6.021396E-6
1.0181981 2.583331E-6
1.0184447 1.537831E-6
1.0186913 4.651020E-6
1.0189378 5.979132E-6
1.0191844 8.746553E-6
1.0194310 9.386809E-6
1.0196776 7.768827E-6
1.0199242 7.541626E-6
1.0201708 7.263846E-6
1.0204174 6.706185E-6
1.0206640 9.006406E-6
1.0209106 6.684942E-6
1.0211572 6.828396E-6
1.0214038 1.070852E-5
1.0216504 9.879384E-6
1.0218970 8.807444E-6
1.0221435 8.066427E-6
1.0223901 7.464404E-6
1.0226367 6.061865E-6
1.0228833 8.065796E-6
1.0231299 9.393710E-6
1.0233765 1.027354E-5
1.0236231 9.104219E-6
1.0238697 7.504458E-6
1.0241163 9.262473E-6
1.0243629 8.673395E-6
1.0246095 8.847430E-6
1.0248561 1.216564E-5
1.0251027 1.240928E-5
1.0253493 8.408460E-6
1.0255958 5.872643E-6
1.0258424 4.942795E-6
1.0260890 7.554328E-6
1.0263356 7.932012E-6
1.0265822 5.365489E-6
1.0268288 7.532869E-6
1.0270754 8.551042E-6
1.0273220 6.714357E-6
1.0275686 7.736426E-6
1.0278152 8.640875E-6
1.0280618 1.048154E-5
1.0283084 8.242577E-6
1.0285550 3.647466E-6
1.0288015 7.855847E-6
1.0290481 1.218401E-5
1.0292947 1.079163E-5
1.0295413 8.094758E-6
1.0297879 7.989432E-6
1.0300345 7.652509E-6
1.0302811 7.595571E-6
1.0305277 7.360689E-6
1.0307743 8.575850E-6
1.0310209 1.070407E-5
1.0312675 1.007725E-5
1.0315141 8.202715E-6
1.0317607 5.557237E-6
1.0320073 6.032458E-6
1.0322538 7.638337E-6
1.0325004 7.328775E-6
1.0327470 7.580772E-6
1.0329936 9.749806E-6
1.0332402 1.171081E-5
1.0334868 1.142401E-5
1.0337334 1.002877E-5
1.0339800 8.464279E-6
1.0342266 8.930686E-6
1.0344732 1.044299E-5
1.0347198 1.272409E-5
1.0349664 8.650202E-6
1.0352130 5.040002E-6
1.0354596 5.325553E-6
1.0357061 6.506291E-6
1.0359527 7.978525E-6
1.0361993 7.537932E-6
1.0364459 8.633569E-6
1.0366925 8.010797E-6
1.0369391 9.097958E-6
1.0371857 9.945349E-6
1.0374323 9.470514E-6
1.0376789 1.112788E-5
1.0379255 1.044948E-5
1.0381721 9.409921E-6
1.0384187 1.013057E-5
1.0386653 8.378219E-6
1.0389118 1.232708E-5
1.0391584 1.148564E-5
1.0394050 9.130873E-6
1.0396516 1.012452E-5
1.0398982 6.149893E-6
1.0401448 5.444585E-6
1.0403914 8.383783E-6
1.0406380 1.047539E-5
1.0408846 1.436592E-5
1.0411312 1.475090E-5
1.0413778 1.196534E-5
1.0416244 9.514264E-6
1.0418710 9.330300E-6
1.0421176 1.211581E-5
1.0423641 1.664972E-5
1.0426107 1.509410E-5
1.0428573 8.343853E-6
1.0431039 9.043138E-6
1.0433505 1.050722E-5
1.0435971 1.078668E-5
1.0438437 8.495528E-6
1.0440903 8.969831E-6
1.0443369 1.004142E-5
1.0445835 1.186734E-5
1.0448301 1.439285E-5
1.0450767 1.167828E-5
1.0453233 1.135803E-5
1.0455698 1.028752E-5
1.0458164 1.268283E-5
1.0460630 1.247333E-5
1.0463096 9.537514E-6
1.0465562 7.029450E-6
1.0468028 7.967855E-6
1.0470494 8.032540E-6
1.0472960 8.624563E-6
1.0475426 8.812764E-6
1.0477892 1.125151E-5
1.0480358 1.019861E-5
1.0482824 9.100008E-6
1.0485290 9.153883E-6
1.0487756 7.988156E-6
1.0490221 1.081558E-5
1.0492687 1.369635E-5
1.0495153 1.504365E-5
1.0497619 1.156457E-5
1.0500085 1.132843E-5
1.0502551 1.327116E-5
1.0505017 1.204330E-5
1.0507483 9.503379E-6
1.0509949 1.004028E-5
1.0512415 1.068908E-5
1.0514881 1.240786E-5
1.0517347 1.092225E-5
1.0519813 1.113652E-5
1.0522279 1.370659E-5
1.0524744 1.423558E-5
1.0527210 1.188098E-5
1.0529676 1.042773E-5
1.0532142 1.202306E-5
1.0534608 1.267211E-5
1.0537074 1.264995E-5
1.0539540 1.176195E-5
1.0542006 9.224480E-6
1.0544472 8.433621E-6
1.0546938 9.398403E-6
1.0549404 8.545126E-6
1.0551870 7.839953E-6
1.0554336 9.119902E-6
1.0556801 1.063693E-5
1.0559267 1.019158E-5
1.0561733 8.461959E-6
1.0564199 7.434686E-6
1.0566665 8.747325E-6
1.0569131 1.108318E-5
1.0571597 1.192849E-5
1.0574063 1.070583E-5
1.0576529 1.114940E-5
1.0578995 1.058094E-5
1.0581461 8.139014E-6
1.0583927 8.634604E-6
1.0586393 1.076090E-5
1.0588859 1.073161E-5
1.0591324 1.007113E-5
1.0593790 9.159041E-6
1.0596256 1.095273E-5
1.0598722 1.032915E-5
1.0601188 9.685195E-6
1.0603654 9.843337E-6
1.0606120 7.027821E-6
1.0608586 9.795041E-6
1.0611052 9.184132E-6
1.0613518 8.014941E-6
1.0615984 1.022925E-5
1.0618450 9.223022E-6
1.0620916 1.046188E-5
1.0623381 1.130095E-5
1.0625847 1.139715E-5
1.0628313 1.014073E-5
1.0630779 8.938350E-6
1.0633245 1.107017E-5
1.0635711 1.226296E-5
1.0638177 1.158644E-5
1.0640643 1.167146E-5
1.0643109 9.508691E-6
1.0645575 6.365752E-6
1.0648041 9.261591E-6
1.0650507 9.552034E-6
1.0652973 8.162801E-6
1.0655439 1.101575E-5
1.0657904 1.092222E-5
1.0660370 8.666869E-6
1.0662836 8.927986E-6
1.0665302 1.013155E-5
1.0667768 1.095919E-5
1.0670234 1.104692E-5
1.0672700 1.160440E-5
1.0675166 1.173363E-5
1.0677632 1.097969E-5
1.0680098 9.998441E-6
1.0682564 9.996542E-6
1.0685030 9.236714E-6
1.0687496 9.956982E-6
1.0689962 1.280612E-5
1.0692427 1.275992E-5
1.0694893 1.240186E-5
1.0697359 1.353424E-5
1.0699825 1.231382E-5
1.0702291 1.142108E-5
1.0704757 8.658334E-6
1.0707223 1.068054E-5
1.0709689 1.001966E-5
1.0712155 9.053269E-6
1.0714621 9.472072E-6
1.0717087 9.892711E-6
1.0719553 1.090957E-5
1.0722019 1.160138E-5
1.0724484 8.822773E-6
1.0726950 9.158246E-6
1.0729416 1.138171E-5
1.0731882 1.091853E-5
1.0734348 9.252618E-6
1.0736814 9.390608E-6
1.0739280 1.207376E-5
1.0741746 1.402456E-5
1.0744212 1.556423E-5
1.0746678 1.366388E-5
1.0749144 1.205107E-5
1.0751610 1.122290E-5
1.0754076 1.301267E-5
1.0756542 1.266188E-5
1.0759007 1.106881E-5
1.0761473 1.060356E-5
1.0763939 1.106735E-5
1.0766405 1.103929E-5
1.0768871 1.293894E-5
1.0771337 1.382858E-5
1.0773803 1.466510E-5
1.0776269 1.252595E-5
1.0778735 1.071865E-5
1.0781201 1.412547E-5
1.0783667 1.482480E-5
1.0786133 1.321354E-5
1.0788599 1.394111E-5
1.0791064 1.257332E-5
1.0793530 9.823790E-6
1.0795996 1.132832E-5
1.0798462 1.233390E-5
1.0800928 1.146356E-5
1.0803394 1.370075E-5
1.0805860 1.311063E-5
1.0808326 1.022862E-5
1.0810792 9.322741E-6
1.0813258 1.072837E-5
1.0815724 8.651941E-6
1.0818190 9.593525E-6
1.0820656 9.273097E-6
1.0823122 8.044600E-6
1.0825587 1.209930E-5
1.0828053 1.547447E-5
1.0830519 1.648104E-5
1.0832985 2.157289E-5
1.0835451 2.252509E-5
1.0837917 1.724783E-5
1.0840383 1.371092E-5
1.0842849 1.066864E-5
1.0845315 1.054877E-5
1.0847781 1.069361E-5
1.0850247 1.155914E-5
1.0852713 1.091058E-5
1.0855179 1.256891E-5
1.0857645 1.233781E-5
1.0860110 1.114606E-5
1.0862576 1.260051E-5
1.0865042 1.397400E-5
1.0867508 1.442666E-5
1.0869974 1.303699E-5
1.0872440 1.292222E-5
1.0874906 1.373034E-5
1.0877372 1.462478E-5
1.0879838 1.496426E-5
1.0882304 1.247336E-5
1.0884770 1.331379E-5
1.0887236 1.431747E-5
1.0889702 1.370862E-5
1.0892167 1.667012E-5
1.0894633 1.528079E-5
1.0897099 1.347093E-5
1.0899565 1.252256E-5
1.0902031 1.388397E-5
1.0904497 1.405717E-5
1.0906963 1.246320E-5
1.0909429 1.434311E-5
1.0911895 1.332157E-5
1.0914361 1.314699E-5
1.0916827 1.474890E-5
1.0919293 1.405400E-5
1.0921759 1.320203E-5
1.0924225 1.088379E-5
1.0926690 1.012210E-5
1.0929156 1.267222E-5
1.0931622 1.337820E-5
1.0934088 1.186695E-5
1.0936554 1.280777E-5
1.0939020 1.857759E-5
1.0941486 2.180982E-5
1.0943952 2.044302E-5
1.0946418 1.423649E-5
1.0948884 1.337425E-5
1.0951350 1.297614E-5
1.0953816 1.396563E-5
1.0956282 1.325418E-5
1.0958747 1.225071E-5
1.0961213 1.090485E-5
1.0963679 1.323551E-5
1.0966145 1.269021E-5
1.0968611 1.043605E-5
1.0971077 1.061078E-5
1.0973543 1.123222E-5
1.0976009 9.836456E-6
1.0978475 1.154978E-5
1.0980941 1.378174E-5
1.0983407 1.179949E-5
1.0985873 1.023238E-5
1.0988339 1.098541E-5
1.0990805 1.276439E-5
1.0993270 1.083191E-5
1.0995736 1.202299E-5
1.0998202 1.322917E-5
1.1000668 1.259757E-5
1.1003134 1.239588E-5
1.1005600 1.258208E-5
1.1008066 1.385345E-5
1.1010532 1.172347E-5
1.1012998 1.232624E-5
1.1015464 1.335449E-5
1.1017930 1.409334E-5
1.1020396 1.402654E-5
1.1022862 1.311091E-5
1.1025328 1.218707E-5
1.1027793 1.237530E-5
1.1030259 1.348500E-5
1.1032725 1.245095E-5
1.1035191 1.232122E-5
1.1037657 1.381659E-5
1.1040123 1.389563E-5
1.1042589 1.241709E-5
1.1045055 1.196388E-5
1.1047521 1.443534E-5
1.1049987 1.381691E-5
1.1052453 1.351804E-5
1.1054919 1.443454E-5
1.1057385 1.222785E-5
1.1059850 1.118919E-5
1.1062316 1.200504E-5
1.1064782 1.286786E-5
1.1067248 1.400434E-5
1.1069714 1.389579E-5
1.1072180 1.560318E-5
1.1074646 1.410518E-5
1.1077112 1.316236E-5
1.1079578 1.463327E-5
1.1082044 1.518736E-5
1.1084510 1.573520E-5
1.1086976 1.684190E-5
1.1089442 1.479177E-5
1.1091908 1.556686E-5
1.1094373 1.642066E-5
1.1096839 1.669080E-5
1.1099305 1.509258E-5
1.1101771 1.295015E-5
1.1104237 1.482016E-5
1.1106703 1.255638E-5
1.1109169 1.165523E-5
1.1111635 1.043560E-5
1.1114101 1.102309E-5
1.1116567 1.268044E-5
1.1119033 1.254099E-5
1.1121499 1.377473E-5
1.1123965 1.606331E-5
1.1126430 1.564990E-5
1.1128896 1.379664E-5
1.1131362 1.415278E-5
1.1133828 1.546750E-5
1.1136294 1.396576E-5
1.1138760 1.057773E-5
1.1141226 1.273321E-5
1.1143692 1.216922E-5
1.1146158 1.126889E-5
1.1148624 1.345453E-5
1.1151090 1.479587E-5
1.1153556 1.323032E-5
1.1156022 1.285455E-5
1.1158488 1.160834E-5
1.1160953 1.077433E-5
1.1163419 1.152071E-5
1.1165885 1.117237E-5
1.1168351 1.134225E-5
1.1170817 1.229563E-5
1.1173283 1.248248E-5
1.1175749 1.165736E-5
1.1178215 1.274671E-5
1.1180681 1.419194E-5
1.1183147 1.231360E-5
1.1185613 1.065360E-5
1.1188079 1.126686E-5
1.1190545 1.289750E-5
1.1193011 1.384255E-5
1.1195476 1.250100E-5
1.1197942 1.396417E-5
1.1200408 1.338545E-5
1.1202874 1.059014E-5
1.1205340 1.012057E-5
1.1207806 1.372039E-5
1.1210272 1.520642E-5
1.1212738 1.435184E-5
1.1215204 1.471036E-5
1.1217670 1.405959E-5
1.1220136 1.479101E-5
1.1222602 1.509045E-5
1.1225068 1.555460E-5
1.1227533 1.440924E-5
1.1229999 1.285529E-5
1.1232465 1.632472E-5
1.1234931 1.606448E-5
1.1237397 1.459087E-5
1.1239863 1.270415E-5
1.1242329 1.145470E-5
1.1244795 1.341770E-5
1.1247261 1.605874E-5
1.1249727 1.526077E-5
1.1252193 1.105000E-5
1.1254659 1.139098E-5
1.1257125 1.646472E-5
1.1259591 1.741412E-5
1.1262056 1.577925E-5
1.1264522 1.546805E-5
1.1266988 1.554472E-5
1.1269454 1.612507E-5
1.1271920 1.628886E-5
1.1274386 1.648655E-5
1.1276852 1.483660E-5
1.1279318 1.351027E-5
1.1281784 1.435753E-5
1.1284250 1.586492E-5
1.1286716 1.828481E-5
1.1289182 1.531206E-5
1.1291648 1.218128E-5
1.1294113 1.344198E-5
1.1296579 1.534093E-5
1.1299045 1.335718E-5
1.1301511 1.323523E-5
1.1303977 1.423161E-5
1.1306443 1.344433E-5
1.1308909 1.059437E-5
1.1311375 1.139370E-5
1.1313841 1.378194E-5
1.1316307 1.310959E-5
1.1318773 1.279181E-5
1.1321239 1.368143E-5
1.1323705 1.363384E-5
1.1326171 1.277114E-5
1.1328636 1.180920E-5
1.1331102 1.233090E-5
1.1333568 1.411768E-5
1.1336034 1.152244E-5
1.1338500 1.003762E-5
1.1340966 1.134610E-5
1.1343432 1.264004E-5
1.1345898 1.291299E-5
1.1348364 1.069729E-5
1.1350830 1.324352E-5
1.1353296 1.441999E-5
1.1355762 1.602321E-5
1.1358228 1.267943E-5
1.1360694 1.333927E-5
1.1363159 1.390302E-5
1.1365625 1.467287E-5
1.1368091 1.373891E-5
1.1370557 1.303499E-5
1.1373023 1.338265E-5
1.1375489 1.268549E-5
1.1377955 1.442323E-5
1.1380421 1.522073E-5
1.1382887 1.380167E-5
1.1385353 1.343791E-5
1.1387819 1.517367E-5
1.1390285 1.611610E-5
1.1392751 1.610677E-5
1.1395216 1.220369E-5
1.1397682 1.408831E-5
1.1400148 1.640388E-5
1.1402614 1.658739E-5
1.1405080 1.245568E-5
1.1407546 1.040608E-5
1.1410012 1.179736E-5
1.1412478 1.362494E-5
1.1414944 1.453826E-5
1.1417410 1.532411E-5
1.1419876 1.725482E-5
1.1422342 1.701719E-5
1.1424808 1.457385E-5
1.1427274 1.513627E-5
1.1429739 1.581912E-5
1.1432205 1.453737E-5
1.1434671 1.487768E-5
1.1437137 1.604804E-5
1.1439603 1.541534E-5
1.1442069 1.443732E-5
1.1444535 1.429122E-5
1.1447001 1.406644E-5
1.1449467 1.512792E-5
1.1451933 1.702588E-5
1.1454399 1.536899E-5
1.1456865 1.369765E-5
1.1459331 1.332472E-5
1.1461796 1.601997E-5
1.1464262 1.811033E-5
1.1466728 1.506330E-5
1.1469194 1.627590E-5
1.1471660 1.756207E-5
1.1474126 1.502977E-5
1.1476592 1.471428E-5
1.1479058 1.572590E-5
1.1481524 1.427771E-5
1.1483990 1.310298E-5
1.1486456 1.195551E-5
1.1488922 1.424400E-5
1.1491388 1.884610E-5
1.1493854 1.972123E-5
1.1496319 1.733294E-5
1.1498785 1.624549E-5
1.1501251 1.746884E-5
1.1503717 1.700403E-5
1.1506183 1.779127E-5
1.1508649 1.773740E-5
1.1511115 1.950141E-5
1.1513581 1.916571E-5
1.1516047 1.878390E-5
1.1518513 1.739077E-5
1.1520979 1.599707E-5
1.1523445 1.807034E-5
1.1525911 1.838382E-5
1.1528377 1.595083E-5
1.1530842 1.444271E-5
1.1533308 1.536256E-5
1.1535774 1.535443E-5
1.1538240 1.440785E-5
1.1540706 1.476276E-5
1.1543172 1.332708E-5
1.1545638 1.622792E-5
1.1548104 1.814665E-5
1.1550570 1.622778E-5
1.1553036 1.609251E-5
1.1555502 1.869965E-5
1.1557968 1.981316E-5
1.1560434 1.744209E-5
1.1562899 1.685012E-5
1.1565365 1.459106E-5
1.1567831 1.547355E-5
1.1570297 1.594565E-5
1.1572763 1.512154E-5
1.1575229 1.732440E-5
1.1577695 1.861114E-5
1.1580161 1.823770E-5
1.1582627 1.652433E-5
1.1585093 1.527360E-5
1.1587559 1.625541E-5
1.1590025 1.546888E-5
1.1592491 1.632318E-5
1.1594957 1.659956E-5
1.1597422 1.546207E-5
1.1599888 1.335620E-5
1.1602354 1.317487E-5
1.1604820 1.449941E-5
1.1607286 1.636102E-5
1.1609752 1.659596E-5
1.1612218 1.740222E-5
1.1614684 1.715063E-5
1.1617150 1.743931E-5
1.1619616 1.695095E-5
1.1622082 1.586626E-5
1.1624548 1.537154E-5
1.1627014 1.691762E-5
1.1629479 1.746784E-5
1.1631945 1.631000E-5
1.1634411 1.511127E-5
1.1636877 1.519678E-5
1.1639343 1.521780E-5
1.1641809 1.561559E-5
1.1644275 1.467857E-5
1.1646741 1.725722E-5
1.1649207 1.835007E-5
1.1651673 1.809614E-5
1.1654139 1.581052E-5
1.1656605 1.415295E-5
1.1659071 1.674378E-5
1.1661537 1.674161E-5
1.1664002 1.856931E-5
1.1666468 1.855977E-5
1.1668934 1.486922E-5
1.1671400 1.397766E-5
1.1673866 1.476515E-5
1.1676332 1.567493E-5
1.1678798 1.853898E-5
1.1681264 1.984317E-5
1.1683730 1.764832E-5
1.1686196 1.564283E-5
1.1688662 1.594791E-5
1.1691128 1.679845E-5
1.1693594 1.370616E-5
1.1696060 1.060367E-5
1.1698525 1.445298E-5
1.1700991 1.675099E-5
1.1703457 1.581410E-5
1.1705923 1.747174E-5
1.1708389 1.719360E-5
1.1710855 1.875308E-5
1.1713321 1.759297E-5
1.1715787 1.684368E-5
1.1718253 1.724077E-5
1.1720719 1.592478E-5
1.1723185 1.832765E-5
1.1725651 1.906899E-5
1.1728117 1.801572E-5
1.1730582 1.860744E-5
1.1733048 1.881013E-5
1.1735514 1.817974E-5
1.1737980 1.585797E-5
1.1740446 1.514661E-5
1.1742912 1.837220E-5
1.1745378 1.912675E-5
1.1747844 1.749143E-5
1.1750310 1.919435E-5
1.1752776 1.682880E-5
1.1755242 1.511722E-5
1.1757708 1.677148E-5
1.1760174 1.663645E-5
1.1762640 1.559137E-5
1.1765105 1.552344E-5
1.1767571 1.701192E-5
1.1770037 1.562550E-5
1.1772503 1.324417E-5
1.1774969 1.265669E-5
1.1777435 1.341359E-5
1.1779901 1.457955E-5
1.1782367 1.385435E-5
1.1784833 1.429547E-5
1.1787299 1.656382E-5
1.1789765 1.781684E-5
1.1792231 1.719255E-5
1.1794697 1.477236E-5
1.1797162 1.579956E-5
1.1799628 1.700540E-5
1.1802094 1.495262E-5
1.1804560 1.373722E-5
1.1807026 1.632845E-5
1.1809492 1.628566E-5
1.1811958 1.684479E-5
1.1814424 1.737073E-5
1.1816890 1.662872E-5
1.1819356 1.622908E-5
1.1821822 1.826897E-5
1.1824288 1.890842E-5
1.1826754 1.937302E-5
1.1829220 1.978232E-5
1.1831685 1.818830E-5
1.1834151 1.609118E-5
1.1836617 1.438899E-5
1.1839083 1.617975E-5
1.1841549 1.677381E-5
1.1844015 1.554423E-5
1.1846481 1.687428E-5
1.1848947 1.815363E-5
1.1851413 1.697198E-5
1.1853879 1.502043E-5
1.1856345 1.425829E-5
1.1858811 1.739124E-5
1.1861277 1.638275E-5
1.1863743 1.757409E-5
1.1866208 2.070115E-5
1.1868674 2.014779E-5
1.1871140 1.760774E-5
1.1873606 1.646288E-5
1.1876072 1.750111E-5
1.1878538 1.766753E-5
1.1881004 1.677559E-5
1.1883470 1.594741E-5
1.1885936 1.717984E-5
1.1888402 1.827561E-5
1.1890868 1.854264E-5
1.1893334 1.885387E-5
1.1895800 1.760432E-5
1.1898265 1.805943E-5
1.1900731 1.751046E-5
1.1903197 1.695581E-5
1.1905663 1.879208E-5
1.1908129 1.826612E-5
1.1910595 1.613873E-5
1.1913061 1.681865E-5
1.1915527 1.907128E-5
1.1917993 1.848857E-5
1.1920459 1.791011E-5
1.1922925 1.957183E-5
1.1925391 1.796647E-5
1.1927857 1.761494E-5
1.1930323 1.806310E-5
1.1932788 1.743777E-5
1.1935254 1.782334E-5
1.1937720 1.891661E-5
1.1940186 2.031472E-5
1.1942652 1.978029E-5
1.1945118 1.797699E-5
1.1947584 1.821564E-5
1.1950050 1.509406E-5
1.1952516 1.673535E-5
1.1954982 1.909454E-5
1.1957448 1.743890E-5
1.1959914 1.635674E-5
1.1962380 1.833355E-5
1.1964845 2.029387E-5
1.1967311 2.102259E-5
1.1969777 1.880254E-5
1.1972243 1.826413E-5
1.1974709 1.725498E-5
1.1977175 1.676379E-5
1.1979641 1.746046E-5
1.1982107 1.743849E-5
1.1984573 1.582768E-5
1.1987039 1.609196E-5
1.1989505 1.904372E-5
1.1991971 1.970753E-5
1.1994437 1.833277E-5
1.1996903 1.634237E-5
1.1999368 1.594968E-5
1.2001834 1.739073E-5
1.2004300 1.878027E-5
1.2006766 1.937970E-5
1.2009232 1.752005E-5
1.2011698 1.782776E-5
1.2014164 1.944096E-5
1.2016630 1.916902E-5
1.2019096 1.710392E-5
1.2021562 1.865077E-5
1.2024028 2.077928E-5
1.2026494 1.945149E-5
1.2028960 1.637739E-5
1.2031426 1.758118E-5
1.2033891 1.872975E-5
1.2036357 2.157515E-5
1.2038823 2.067598E-5
1.2041289 1.947102E-5
1.2043755 1.872426E-5
1.2046221 1.729998E-5
1.2048687 1.966080E-5
1.2051153 1.957787E-5
1.2053619 2.073007E-5
1.2056085 2.168834E-5
1.2058551 2.094660E-5
1.2061017 2.262231E-5
1.2063483 2.196520E-5
1.2065948 1.934028E-5
1.2068414 1.663211E-5
1.2070880 1.779839E-5
1.2073346 2.026678E-5
1.2075812 2.037446E-5
1.2078278 1.846699E-5
1.2080744 1.953860E-5
1.2083210 1.914944E-5
1.2085676 2.031325E-5
1.2088142 2.202792E-5
1.2090608 2.173774E-5
1.2093074 1.991856E-5
1.2095540 2.033744E-5
1.2098006 2.207253E-5
1.2100471 2.344748E-5
1.2102937 2.391237E-5
1.2105403 2.217525E-5
1.2107869 2.041745E-5
1.2110335 1.999125E-5
1.2112801 2.085109E-5
1.2115267 2.022544E-5
1.2117733 1.727269E-5
1.2120199 1.518247E-5
1.2122665 1.824113E-5
1.2125131 2.151022E-5
1.2127597 2.260572E-5
1.2130063 2.307897E-5
1.2132528 2.138601E-5
1.2134994 2.169414E-5
1.2137460 2.326072E-5
1.2139926 2.198734E-5
1.2142392 2.258433E-5
1.2144858 2.130693E-5
1.2147324 2.093941E-5
1.2149790 2.371434E-5
1.2152256 2.353802E-5
1.2154722 2.274654E-5
1.2157188 2.354626E-5
1.2159654 2.131097E-5
1.2162120 1.965765E-5
1.2164586 2.117223E-5
1.2167051 2.127363E-5
1.2169517 2.069389E-5
1.2171983 2.109417E-5
1.2174449 2.158294E-5
1.2176915 2.133188E-5
1.2179381 2.140951E-5
1.2181847 2.423916E-5
1.2184313 2.743173E-5
1.2186779 2.479818E-5
1.2189245 2.230656E-5
1.2191711 2.104032E-5
1.2194177 2.243619E-5
1.2196643 2.507392E-5
1.2199109 2.109430E-5
1.2201574 1.867029E-5
1.2204040 2.148431E-5
1.2206506 2.506647E-5
1.2208972 2.358246E-5
1.2211438 2.161571E-5
1.2213904 2.156384E-5
1.2216370 2.193776E-5
1.2218836 2.172176E-5
1.2221302 2.238133E-5
1.2223768 2.163285E-5
1.2226234 1.940704E-5
1.2228700 2.004520E-5
1.2231166 2.316882E-5
1.2233631 2.506816E-5
1.2236097 2.263879E-5
1.2238563 2.207421E-5
1.2241029 2.339592E-5
1.2243495 2.425537E-5
1.2245961 2.184953E-5
1.2248427 2.211894E-5
1.2250893 2.195047E-5
1.2253359 2.038546E-5
1.2255825 2.255264E-5
1.2258291 2.530441E-5
1.2260757 2.593401E-5
1.2263223 2.320770E-5
1.2265689 2.346309E-5
1.2268154 2.461091E-5
1.2270620 2.451416E-5
1.2273086 2.167195E-5
1.2275552 2.159832E-5
1.2278018 2.519072E-5
1.2280484 2.730315E-5
1.2282950 2.577909E-5
1.2285416 2.331299E-5
1.2287882 2.330236E-5
1.2290348 2.397023E-5
1.2292814 2.286862E-5
1.2295280 2.211441E-5
1.2297746 2.396835E-5
1.2300211 2.404513E-5
1.2302677 2.562563E-5
1.2305143 2.485822E-5
1.2307609 2.504419E-5
1.2310075 2.328164E-5
1.2312541 2.287665E-5
1.2315007 2.336889E-5
1.2317473 2.645838E-5
1.2319939 2.710210E-5
1.2322405 2.439806E-5
1.2324871 2.247981E-5
1.2327337 2.355219E-5
1.2329803 2.448982E-5
1.2332269 2.308789E-5
1.2334734 2.354100E-5
1.2337200 2.514799E-5
1.2339666 2.504201E-5
1.2342132 2.594026E-5
1.2344598 2.639988E-5
1.2347064 2.434806E-5
1.2349530 2.522679E-5
1.2351996 2.434386E-5
1.2354462 2.511951E-5
1.2356928 2.478296E-5
1.2359394 2.196568E-5
1.2361860 2.321748E-5
1.2364326 2.513556E-5
1.2366792 2.614695E-5
1.2369257 2.493063E-5
1.2371723 2.601582E-5
1.2374189 2.371168E-5
1.2376655 2.260320E-5
1.2379121 2.517472E-5
1.2381587 2.659172E-5
1.2384053 2.777551E-5
1.2386519 2.502558E-5
1.2388985 2.166174E-5
1.2391451 1.909842E-5
1.2393917 2.106037E-5
1.2396383 2.529814E-5
1.2398849 2.691717E-5
1.2401314 2.509624E-5
1.2403780 2.252330E-5
1.2406246 2.461447E-5
1.2408712 2.573680E-5
1.2411178 2.306636E-5
1.2413644 2.245387E-5
1.2416110 2.443555E-5
1.2418576 2.545233E-5
1.2421042 2.347859E-5
1.2423508 2.327022E-5
1.2425974 2.359756E-5
1.2428440 2.568923E-5
1.2430906 2.510505E-5
1.2433372 2.220070E-5
1.2435837 2.134005E-5
1.2438303 2.064947E-5
1.2440769 2.223390E-5
1.2443235 2.351516E-5
1.2445701 2.501873E-5
1.2448167 2.625342E-5
1.2450633 2.395733E-5
1.2453099 2.544401E-5
1.2455565 2.680683E-5
1.2458031 2.624921E-5
1.2460497 2.554006E-5
1.2462963 2.546428E-5
1.2465429 2.330268E-5
1.2467894 2.812490E-5
1.2470360 2.907343E-5
1.2472826 2.618366E-5
1.2475292 2.660631E-5
1.2477758 2.865436E-5
1.2480224 2.932326E-5
1.2482690 2.690444E-5
1.2485156 2.491313E-5
1.2487622 2.542623E-5
1.2490088 2.864992E-5
1.2492554 2.934572E-5
1.2495020 2.576914E-5
1.2497486 2.607277E-5
1.2499952 2.675193E-5
1.2502417 2.555505E-5
1.2504883 2.801056E-5
1.2507349 2.871147E-5
1.2509815 2.963828E-5
1.2512281 3.119013E-5
1.2514747 3.057109E-5
1.2517213 3.075540E-5
1.2519679 2.651378E-5
1.2522145 2.160427E-5
1.2524611 1.987822E-5
1.2527077 1.750951E-5
1.2529543 2.113432E-5
1.2532009 2.660601E-5
1.2534475 2.721019E-5
1.2536940 2.475770E-5
1.2539406 2.738254E-5
1.2541872 3.238953E-5
1.2544338 3.140158E-5
1.2546804 2.893391E-5
1.2549270 2.640975E-5
1.2551736 2.699596E-5
1.2554202 2.629137E-5
1.2556668 2.672106E-5
1.2559134 3.091320E-5
1.2561600 2.906345E-5
1.2564066 2.800326E-5
1.2566532 2.768129E-5
1.2568997 2.901505E-5
1.2571463 2.991119E-5
1.2573929 2.932577E-5
1.2576395 3.027172E-5
1.2578861 2.958835E-5
1.2581327 2.687239E-5
1.2583793 2.786238E-5
1.2586259 2.935665E-5
1.2588725 2.971772E-5
1.2591191 2.812246E-5
1.2593657 2.648919E-5
1.2596123 2.742555E-5
1.2598589 2.867752E-5
1.2601055 2.841263E-5
1.2603520 2.708760E-5
1.2605986 2.717655E-5
1.2608452 2.896045E-5
1.2610918 2.985415E-5
1.2613384 3.015566E-5
1.2615850 3.154570E-5
1.2618316 2.953072E-5
1.2620782 2.596441E-5
1.2623248 2.532209E-5
1.2625714 2.901197E-5
1.2628180 3.304358E-5
1.2630646 3.254110E-5
1.2633112 2.969580E-5
1.2635577 3.183356E-5
1.2638043 3.105993E-5
1.2640509 2.919789E-5
1.2642975 2.689450E-5
1.2645441 2.839196E-5
1.2647907 2.897521E-5
1.2650373 3.164972E-5
1.2652839 3.089983E-5
1.2655305 2.612189E-5
1.2657771 2.642970E-5
1.2660237 3.250793E-5
1.2662703 2.978785E-5
1.2665169 3.023167E-5
1.2667635 3.181426E-5
1.2670100 2.923579E-5
1.2672566 3.085844E-5
1.2675032 3.281767E-5
1.2677498 3.311042E-5
1.2679964 3.290491E-5
1.2682430 3.252466E-5
1.2684896 3.106823E-5
1.2687362 3.197889E-5
1.2689828 3.353444E-5
1.2692294 3.148583E-5
1.2694760 3.092164E-5
1.2697226 3.156836E-5
1.2699692 2.892881E-5
1.2702158 2.741854E-5
1.2704623 3.043659E-5
1.2707089 2.950683E-5
1.2709555 2.814073E-5
1.2712021 2.731472E-5
1.2714487 3.085788E-5
1.2716953 3.514283E-5
1.2719419 3.488130E-5
1.2721885 3.236335E-5
1.2724351 3.214045E-5
1.2726817 3.211909E-5
1.2729283 3.189689E-5
1.2731749 3.266816E-5
1.2734215 3.224908E-5
1.2736680 3.194912E-5
1.2739146 3.455933E-5
1.2741612 3.282893E-5
1.2744078 3.208307E-5
1.2746544 3.296261E-5
1.2749010 3.284392E-5
1.2751476 3.192081E-5
1.2753942 3.207428E-5
1.2756408 3.121222E-5
1.2758874 3.353122E-5
1.2761340 3.542655E-5
1.2763806 3.374828E-5
1.2766272 3.274548E-5
1.2768738 3.286752E-5
1.2771203 3.321911E-5
1.2773669 3.611117E-5
1.2776135 3.656458E-5
1.2778601 3.131470E-5
1.2781067 3.097394E-5
1.2783533 3.139602E-5
1.2785999 2.960504E-5
1.2788465 3.090086E-5
1.2790931 3.274031E-5
1.2793397 3.563984E-5
1.2795863 3.384989E-5
1.2798329 3.290958E-5
1.2800795 3.561581E-5
1.2803260 3.275426E-5
1.2805726 2.957527E-5
1.2808192 3.118951E-5
1.2810658 3.239860E-5
1.2813124 3.257546E-5
1.2815590 3.692723E-5
1.2818056 4.122692E-5
1.2820522 4.594248E-5
1.2822988 4.873297E-5
1.2825454 4.222468E-5
1.2827920 3.820728E-5
1.2830386 3.644670E-5
1.2832852 3.430200E-5
1.2835318 3.379582E-5
1.2837783 3.174438E-5
1.2840249 3.146131E-5
1.2842715 3.186441E-5
1.2845181 3.660654E-5
1.2847647 3.665496E-5
1.2850113 3.260806E-5
1.2852579 3.548270E-5
1.2855045 3.491490E-5
1.2857511 3.344615E-5
1.2859977 3.159124E-5
1.2862443 3.277899E-5
1.2864909 3.144256E-5
1.2867375 2.949625E-5
1.2869841 2.949406E-5
1.2872306 3.282357E-5
1.2874772 3.252071E-5
1.2877238 3.161397E-5
1.2879704 3.068000E-5
1.2882170 2.917267E-5
1.2884636 2.999392E-5
1.2887102 2.989158E-5
1.2889568 3.014540E-5
1.2892034 3.253722E-5
1.2894500 3.352078E-5
1.2896966 3.652324E-5
1.2899432 3.666967E-5
1.2901898 3.429678E-5
1.2904363 3.425468E-5
1.2906829 3.549787E-5
1.2909295 3.372429E-5
1.2911761 3.322179E-5
1.2914227 3.741706E-5
1.2916693 3.725138E-5
1.2919159 3.222445E-5
1.2921625 3.337615E-5
1.2924091 3.496372E-5
1.2926557 3.637738E-5
1.2929023 3.476529E-5
1.2931489 3.240923E-5
1.2933955 3.403032E-5
1.2936421 3.579758E-5
1.2938886 3.694337E-5
1.2941352 3.641981E-5
1.2943818 3.348637E-5
1.2946284 3.259044E-5
1.2948750 3.387105E-5
1.2951216 3.580057E-5
1.2953682 3.534989E-5
1.2956148 3.488342E-5
1.2958614 3.563284E-5
1.2961080 3.501901E-5
1.2963546 3.546985E-5
1.2966012 3.335583E-5
1.2968478 3.226870E-5
1.2970943 3.381628E-5
1.2973409 3.420936E-5
1.2975875 3.521460E-5
1.2978341 3.671220E-5
1.2980807 3.412497E-5
1.2983273 3.337140E-5
1.2985739 3.487138E-5
1.2988205 3.528384E-5
1.2990671 3.351757E-5
1.2993137 3.478939E-5
1.2995603 3.219935E-5
1.2998069 3.344256E-5
1.3000535 3.467310E-5
1.3003001 3.258369E-5
1.3005466 3.288614E-5
1.3007932 3.351150E-5
1.3010398 3.033348E-5
1.3012864 3.270881E-5
1.3015330 3.470873E-5
1.3017796 3.604251E-5
1.3020262 3.471637E-5
1.3022728 3.296071E-5
1.3025194 3.239888E-5
1.3027660 3.354851E-5
1.3030126 3.418317E-5
1.3032592 3.247949E-5
1.3035058 3.096060E-5
1.3037524 3.293940E-5
1.3039989 3.645963E-5
1.3042455 3.521514E-5
1.3044921 3.353679E-5
1.3047387 3.818548E-5
1.3049853 3.892778E-5
1.3052319 3.444360E-5
1.3054785 3.126470E-5
1.3057251 3.601655E-5
1.3059717 3.704526E-5
1.3062183 3.616262E-5
1.3064649 3.468089E-5
1.3067115 3.139387E-5
1.3069581 3.194111E-5
1.3072046 3.534394E-5
1.3074512 3.482351E-5
1.3076978 3.446248E-5
1.3079444 3.423545E-5
1.3081910 3.349421E-5
1.3084376 3.569857E-5
1.3086842 3.453419E-5
1.3089308 3.115959E-5
1.3091774 3.580380E-5
1.3094240 4.299414E-5
1.3096706 3.995319E-5
1.3099172 3.503411E-5
1.3101638 3.445637E-5
1.3104104 3.863968E-5
1.3106569 4.060894E-5
1.3109035 3.611535E-5
1.3111501 3.159421E-5
1.3113967 3.290987E-5
1.3116433 3.843662E-5
1.3118899 3.887814E-5
1.3121365 3.575802E-5
1.3123831 3.570032E-5
1.3126297 3.676064E-5
1.3128763 3.838147E-5
1.3131229 3.485394E-5
1.3133695 3.792694E-5
1.3136161 4.155399E-5
1.3138626 3.726862E-5
1.3141092 3.427132E-5
1.3143558 3.153068E-5
1.3146024 3.326612E-5
1.3148490 3.428975E-5
1.3150956 3.652698E-5
1.3153422 3.727757E-5
1.3155888 3.477409E-5
1.3158354 3.332544E-5
1.3160820 3.556385E-5
1.3163286 3.482238E-5
1.3165752 3.127633E-5
1.3168218 3.292818E-5
1.3170684 3.525215E-5
1.3173149 3.477681E-5
1.3175615 3.454352E-5
1.3178081 3.436547E-5
1.3180547 3.425427E-5
1.3183013 3.673301E-5
1.3185479 3.705620E-5
1.3187945 3.876153E-5
1.3190411 4.070083E-5
1.3192877 4.046588E-5
1.3195343 4.017847E-5
1.3197809 4.051812E-5
1.3200275 3.680857E-5
1.3202741 3.455181E-5
1.3205207 3.413350E-5
1.3207672 3.675906E-5
1.3210138 3.926428E-5
1.3212604 3.350208E-5
1.3215070 3.308122E-5
1.3217536 3.574108E-5
1.3220002 3.752528E-5
1.3222468 3.669647E-5
1.3224934 3.788912E-5
1.3227400 4.172810E-5
1.3229866 3.666197E-5
1.3232332 3.391879E-5
1.3234798 3.345734E-5
1.3237264 3.270797E-5
1.3239729 3.058506E-5
1.3242195 3.462020E-5
1.3244661 3.799989E-5
1.3247127 3.541356E-5
1.3249593 3.399279E-5
1.3252059 2.829982E-5
1.3254525 3.050091E-5
1.3256991 3.426504E-5
1.3259457 3.636683E-5
1.3261923 3.635811E-5
1.3264389 3.526317E-5
1.3266855 3.429487E-5
1.3269321 3.435410E-5
1.3271787 3.407450E-5
1.3274252 3.440927E-5
1.3276718 3.554292E-5
1.3279184 3.588841E-5
1.3281650 3.248273E-5
1.3284116 3.344324E-5
1.3286582 3.368987E-5
1.3289048 3.161208E-5
1.3291514 3.019031E-5
1.3293980 3.133359E-5
1.3296446 3.105279E-5
1.3298912 3.261378E-5
1.3301378 3.364282E-5
1.3303844 3.379701E-5
1.3306309 3.320501E-5
1.3308775 3.202134E-5
1.3311241 3.033923E-5
1.3313707 2.560526E-5
1.3316173 2.989724E-5
1.3318639 3.152580E-5
1.3321105 3.084424E-5
1.3323571 2.718000E-5
1.3326037 2.533079E-5
1.3328503 3.037337E-5
1.3330969 3.137363E-5
1.3333435 2.936510E-5
1.3335901 2.903042E-5
1.3338367 2.754783E-5
1.3340832 2.906067E-5
1.3343298 3.061381E-5
1.3345764 2.700878E-5
1.3348230 2.342758E-5
1.3350696 2.092713E-5
1.3353162 2.319943E-5
1.3355628 2.600244E-5
1.3358094 2.233399E-5
1.3360560 2.375089E-5
1.3363026 2.421848E-5
1.3365492 2.313400E-5
1.3367958 2.223841E-5
1.3370424 2.209102E-5
1.3372890 2.022886E-5
1.3375355 2.157819E-5
1.3377821 2.333874E-5
1.3380287 2.532368E-5
1.3382753 2.991547E-5
1.3385219 2.950064E-5
1.3387685 2.590151E-5
1.3390151 2.269861E-5
1.3392617 2.311384E-5
1.3395083 2.607026E-5
1.3397549 2.653913E-5
1.3400015 2.800460E-5
1.3402481 2.591291E-5
1.3404947 2.351102E-5
1.3407412 2.578862E-5
1.3409878 2.719938E-5
1.3412344 2.706244E-5
1.3414810 2.557756E-5
1.3417276 2.447913E-5
1.3419742 2.384267E-5
1.3422208 2.240467E-5
1.3424674 2.184254E-5
1.3427140 2.313383E-5
1.3429606 2.132868E-5
1.3432072 2.268021E-5
1.3434538 2.662347E-5
1.3437004 2.783878E-5
1.3439470 2.423330E-5
1.3441935 2.213742E-5
1.3444401 2.282309E-5
1.3446867 2.094783E-5
1.3449333 2.149160E-5
1.3451799 2.482896E-5
1.3454265 2.579042E-5
1.3456731 2.144715E-5
1.3459197 2.700987E-5
1.3461663 3.070453E-5
1.3464129 2.692906E-5
1.3466595 2.079356E-5
1.3469061 2.118051E-5
1.3471527 2.450988E-5
1.3473992 2.610536E-5
1.3476458 2.365408E-5
1.3478924 1.972536E-5
1.3481390 2.012070E-5
1.3483856 2.322328E-5
1.3486322 2.589754E-5
1.3488788 2.811256E-5
1.3491254 2.591470E-5
1.3493720 2.509928E-5
1.3496186 2.571662E-5
1.3498652 2.624589E-5
1.3501118 2.267311E-5
1.3503584 1.989964E-5
1.3506050 2.083459E-5
1.3508515 2.543288E-5
1.3510981 2.368818E-5
1.3513447 2.188214E-5
1.3515913 2.141381E-5
1.3518379 2.311999E-5
1.3520845 2.286863E-5
1.3523311 2.299002E-5
1.3525777 2.582832E-5
1.3528243 2.677458E-5
1.3530709 2.537234E-5
1.3533175 2.520736E-5
1.3535641 2.578070E-5
1.3538107 2.448947E-5
1.3540573 2.364877E-5
1.3543038 2.108510E-5
1.3545504 1.996897E-5
1.3547970 1.753999E-5
1.3550436 2.016137E-5
1.3552902 2.183216E-5
1.3555368 2.183314E-5
1.3557834 2.248074E-5
1.3560300 2.272087E-5
1.3562766 2.131856E-5
1.3565232 2.202375E-5
1.3567698 2.378572E-5
1.3570164 2.300442E-5
1.3572630 2.498730E-5
1.3575095 2.813663E-5
1.3577561 2.826925E-5
1.3580027 2.582607E-5
1.3582493 2.277784E-5
1.3584959 2.103897E-5
1.3587425 2.315451E-5
1.3589891 2.508501E-5
1.3592357 2.109652E-5
1.3594823 1.817505E-5
1.3597289 1.802923E-5
1.3599755 2.342838E-5
1.3602221 2.646951E-5
1.3604687 2.645663E-5
1.3607153 2.476020E-5
1.3609618 2.455047E-5
1.3612084 2.337717E-5
1.3614550 2.149682E-5
1.3617016 2.073195E-5
1.3619482 1.999314E-5
1.3621948 1.770481E-5
1.3624414 1.968007E-5
1.3626880 2.105983E-5
1.3629346 2.107716E-5
1.3631812 2.077035E-5
1.3634278 2.106654E-5
1.3636744 2.753967E-5
1.3639210 3.089768E-5
1.3641675 2.644499E-5
1.3644141 2.229863E-5
1.3646607 2.339102E-5
1.3649073 2.343821E-5
1.3651539 2.274924E-5
1.3654005 2.138043E-5
1.3656471 2.528526E-5
1.3658937 2.560627E-5
1.3661403 2.570657E-5
1.3663869 2.693248E-5
1.3666335 2.305864E-5
1.3668801 2.349307E-5
1.3671267 2.219752E-5
1.3673733 2.240643E-5
1.3676198 2.374429E-5
1.3678664 2.218904E-5
1.3681130 2.264232E-5
1.3683596 2.098558E-5
1.3686062 2.210563E-5
1.3688528 2.527293E-5
1.3690994 2.702507E-5
1.3693460 2.624546E-5
1.3695926 2.387694E-5
1.3698392 2.324019E-5
1.3700858 2.135790E-5
1.3703324 2.213075E-5
1.3705790 2.491560E-5
1.3708256 2.121988E-5
1.3710721 1.783368E-5
1.3713187 2.088289E-5
1.3715653 2.099836E-5
1.3718119 2.108753E-5
1.3720585 2.469362E-5
1.3723051 2.468722E-5
1.3725517 2.286616E-5
1.3727983 2.410096E-5
1.3730449 2.391474E-5
1.3732915 2.317793E-5
1.3735381 2.466126E-5
1.3737847 2.644011E-5
1.3740313 2.362179E-5
1.3742778 2.195367E-5
1.3745244 2.619701E-5
1.3747710 2.649215E-5
1.3750176 2.479690E-5
1.3752642 2.569029E-5
1.3755108 2.387409E-5
1.3757574 2.290569E-5
1.3760040 2.331159E-5
1.3762506 2.341346E-5
1.3764972 2.088123E-5
1.3767438 2.300113E-5
1.3769904 2.319927E-5
1.3772370 2.269660E-5
1.3774836 2.299199E-5
1.3777301 2.378461E-5
1.3779767 2.478611E-5
1.3782233 2.264833E-5
1.3784699 2.254491E-5
1.3787165 2.347716E-5
1.3789631 2.361485E-5
1.3792097 2.605056E-5
1.3794563 2.591753E-5
1.3797029 2.317557E-5
1.3799495 2.519037E-5
1.3801961 2.850198E-5
1.3804427 2.723819E-5
1.3806893 2.518969E-5
1.3809358 2.402625E-5
1.3811824 2.546250E-5
1.3814290 2.591300E-5
1.3816756 2.558381E-5
1.3819222 2.602062E-5
1.3821688 2.404811E-5
1.3824154 2.464531E-5
1.3826620 2.414720E-5
1.3829086 2.149782E-5
1.3831552 2.189885E-5
1.3834018 2.593077E-5
1.3836484 2.684158E-5
1.3838950 2.423110E-5
1.3841416 2.480575E-5
1.3843881 2.482862E-5
1.3846347 2.441054E-5
1.3848813 2.588515E-5
1.3851279 2.641533E-5
1.3853745 2.837680E-5
1.3856211 2.785800E-5
1.3858677 2.419548E-5
1.3861143 2.033878E-5
1.3863609 2.336603E-5
1.3866075 2.529247E-5
1.3868541 2.312320E-5
1.3871007 2.295765E-5
1.3873473 2.582934E-5
1.3875939 2.556560E-5
1.3878404 2.058439E-5
1.3880870 1.963053E-5
1.3883336 2.103738E-5
1.3885802 2.140809E-5
1.3888268 2.420038E-5
1.3890734 2.750189E-5
1.3893200 2.941951E-5
1.3895666 2.850987E-5
1.3898132 2.645633E-5
1.3900598 2.475089E-5
1.3903064 2.668397E-5
1.3905530 2.419404E-5
1.3907996 2.314002E-5
1.3910461 2.330761E-5
1.3912927 2.539810E-5
1.3915393 2.367723E-5
1.3917859 2.552103E-5
1.3920325 2.516070E-5
1.3922791 2.523167E-5
1.3925257 2.489210E-5
1.3927723 2.248070E-5
1.3930189 2.267368E-5
1.3932655 2.625837E-5
1.3935121 2.878692E-5
1.3937587 2.519181E-5
1.3940053 2.396445E-5
1.3942519 2.667776E-5
1.3944984 2.648529E-5
1.3947450 2.328563E-5
1.3949916 2.382919E-5
1.3952382 2.328600E-5
1.3954848 2.288873E-5
1.3957314 2.378440E-5
1.3959780 2.630873E-5
1.3962246 2.635900E-5
1.3964712 2.668608E-5
1.3967178 2.720913E-5
1.3969644 2.587757E-5
1.3972110 2.295719E-5
1.3974576 2.441242E-5
1.3977041 2.873620E-5
1.3979507 2.718257E-5
1.3981973 2.439207E-5
1.3984439 2.363847E-5
1.3986905 2.281463E-5
1.3989371 2.432024E-5
1.3991837 2.536370E-5
1.3994303 2.245372E-5
1.3996769 2.388355E-5
1.3999235 2.597666E-5
1.4001701 2.844859E-5
1.4004167 2.715599E-5
1.4006633 2.475563E-5
1.4009099 2.543847E-5
1.4011564 2.443965E-5
1.4014030 2.439218E-5
1.4016496 2.762093E-5
1.4018962 2.788294E-5
1.4021428 2.769730E-5
1.4023894 2.613788E-5
1.4026360 2.343124E-5
1.4028826 2.473597E-5
1.4031292 2.627074E-5
1.4033758 2.684506E-5
1.4036224 2.780848E-5
1.4038690 2.754811E-5
1.4041156 2.704142E-5
1.4043622 2.706165E-5
1.4046087 2.796511E-5
1.4048553 2.802850E-5
1.4051019 2.451760E-5
1.4053485 2.593792E-5
1.4055951 2.789841E-5
1.4058417 2.899626E-5
1.4060883 2.795510E-5
1.4063349 2.876378E-5
1.4065815 2.879900E-5
1.4068281 2.474414E-5
1.4070747 2.089774E-5
1.4073213 2.216825E-5
1.4075679 2.528759E-5
1.4078144 2.903542E-5
1.4080610 2.903377E-5
1.4083076 2.631216E-5
1.4085542 2.340258E-5
1.4088008 2.234129E-5
1.4090474 2.380576E-5
1.4092940 2.659321E-5
1.4095406 2.671949E-5
1.4097872 2.786883E-5
1.4100338 2.730074E-5
1.4102804 2.273460E-5
1.4105270 2.225321E-5
1.4107736 2.466299E-5
1.4110202 2.563340E-5
1.4112667 2.369104E-5
1.4115133 2.131105E-5
1.4117599 1.884314E-5
1.4120065 2.147222E-5
1.4122531 2.103940E-5
1.4124997 2.062333E-5
1.4127463 2.501953E-5
1.4129929 2.879695E-5
1.4132395 2.833113E-5
1.4134861 2.626305E-5
1.4137327 2.581176E-5
1.4139793 2.575760E-5
1.4142259 2.477820E-5
1.4144724 2.349700E-5
1.4147190 2.104146E-5
1.4149656 2.211193E-5
1.4152122 2.250948E-5
1.4154588 2.768185E-5
1.4157054 2.806067E-5
1.4159520 2.731820E-5
1.4161986 2.658523E-5
1.4164452 2.625767E-5
1.4166918 2.442950E-5
1.4169384 2.236156E-5
1.4171850 2.445373E-5
1.4174316 2.520314E-5
1.4176782 2.155672E-5
1.4179247 1.993704E-5
1.4181713 2.406342E-5
1.4184179 2.545594E-5
1.4186645 2.522830E-5
1.4189111 2.112977E-5
1.4191577 1.908932E-5
1.4194043 2.320429E-5
1.4196509 2.426457E-5
1.4198975 2.406045E-5
1.4201441 2.409973E-5
1.4203907 2.651946E-5
1.4206373 2.486266E-5
1.4208839 2.556513E-5
1.4211305 2.662084E-5
1.4213770 2.565467E-5
1.4216236 2.358433E-5
1.4218702 2.323191E-5
1.4221168 2.369628E-5
1.4223634 2.360084E-5
1.4226100 2.507965E-5
1.4228566 2.565330E-5
1.4231032 2.112336E-5
1.4233498 2.119121E-5
1.4235964 2.497871E-5
1.4238430 3.097148E-5
1.4240896 3.350238E-5
1.4243362 2.901240E-5
1.4245827 2.696656E-5
1.4248293 2.530769E-5
1.4250759 2.565579E-5
1.4253225 2.780531E-5
1.4255691 2.659951E-5
1.4258157 2.387295E-5
1.4260623 2.305396E-5
1.4263089 2.376615E-5
1.4265555 2.381260E-5
1.4268021 2.168562E-5
1.4270487 2.446112E-5
1.4272953 2.643890E-5
1.4275419 2.451098E-5
1.4277885 2.689076E-5
1.4280350 2.747770E-5
1.4282816 2.379340E-5
1.4285282 2.214610E-5
1.4287748 2.170984E-5
1.4290214 2.135243E-5
1.4292680 2.618956E-5
1.4295146 2.452231E-5
1.4297612 2.550945E-5
1.4300078 2.650334E-5
1.4302544 3.050010E-5
1.4305010 2.977620E-5
1.4307476 2.527931E-5
1.4309942 2.431454E-5
1.4312407 2.307883E-5
1.4314873 2.133851E-5
1.4317339 2.158973E-5
1.4319805 2.183465E-5
1.4322271 2.227540E-5
1.4324737 2.456644E-5
1.4327203 2.464091E-5
1.4329669 2.260226E-5
1.4332135 2.372027E-5
1.4334601 2.420990E-5
1.4337067 2.349636E-5
1.4339533 1.874562E-5
1.4341999 1.893490E-5
1.4344465 2.230907E-5
1.4346930 2.311384E-5
1.4349396 2.218983E-5
1.4351862 2.664345E-5
1.4354328 2.875831E-5
1.4356794 2.410722E-5
1.4359260 2.297070E-5
1.4361726 2.603868E-5
1.4364192 2.855226E-5
1.4366658 2.868034E-5
1.4369124        nan
1.4371590        nan
1.4374056        nan
1.4376522        nan
1.4378988        nan
1.4381453        nan
1.4383919        nan
1.4386385        nan
1.4388851        nan
1.4391317        nan
1.4393783        nan
1.4396249        nan
1.4398715        nan
1.4401181        nan
1.4403647        nan
1.4406113        nan
1.4408579        nan
1.4411045        nan
1.4413510        nan
1.4415976        nan
1.4418442        nan
1.4420908        nan
1.4423374        nan
1.4425840        nan
1.4428306        nan
1.4430772        nan
1.4433238        nan
1.4435704        nan
1.4438170        nan
1.4440636        nan
1.4443102        nan
1.4445568        nan
1.4448033        nan
1.4450499        nan
1.4452965        nan
1.4455431        nan
1.4457897        nan
1.4460363        nan
1.4462829        nan
1.4465295        nan
1.4467761        nan
1.4470227        nan
1.4472693        nan
1.4475159        nan
1.4477625        nan
1.4480090        nan
1.4482556        nan
1.4485022        nan
1.4487488        nan
1.4489954        nan
1.4492420        nan
1.4494886        nan
1.4497352        nan
1.4499818        nan
1.4502284        nan
1.4504750        nan
1.4507216        nan
1.4509682        nan
1.4512148        nan
1.4514613        nan
1.4517079        nan
1.4519545        nan
1.4522011        nan
1.4524477        nan
1.4526943        nan
1.4529409        nan
1.4531875        nan
1.4534341        nan
1.4536807        nan
1.4539273        nan
1.4541739        nan
1.4544205        nan
1.4546671        nan
1.4549136        nan
1.4551602        nan
1.4554068        nan
1.4556534        nan
1.4559000        nan
1.4561466        nan
1.4563932        nan
1.4566398        nan
1.4568864        nan
1.4571330        nan
1.4573796        nan
1.4576262        nan
1.4578728        nan
1.4581193        nan
1.4583659        nan
1.4586125        nan
1.4588591        nan
1.4591057        nan
1.4593523        nan
1.4595989        nan
1.4598455        nan
1.4600921        nan
1.4603387        nan
1.4605853        nan
1.4608319        nan
1.4610785        nan
1.4613251        nan
1.4615716        nan
1.4618182        nan
1.4620648        nan
1.4623114        nan
1.4625580        nan
1.4628046        nan
1.4630512        nan
1.4632978        nan
1.4635444        nan
1.4637910        nan
1.4640376        nan
1.4642842        nan
1.4645308        nan
1.4647773        nan
1.4650239        nan
1.4652705        nan
1.4655171        nan
1.4657637        nan
1.4660103        nan
1.4662569        nan
1.4665035        nan
1.4667501        nan
1.4669967        nan
1.4672433        nan
1.4674899        nan
1.4677365        nan
1.4679831        nan
1.4682296        nan
1.4684762        nan
1.4687228        nan
1.4689694        nan
1.4692160        nan
1.4694626        nan
1.4697092        nan
1.4699558        nan
1.4702024        nan
1.4704490        nan
1.4706956        nan
1.4709422        nan
1.4711888        nan
1.4714354        nan
1.4716819        nan
1.4719285        nan
1.4721751        nan
1.4724217        nan
1.4726683        nan
1.4729149        nan
1.4731615        nan
1.4734081        nan
1.4736547        nan
1.4739013        nan
1.4741479        nan
1.4743945        nan
1.4746411        nan
1.4748876        nan
1.4751342        nan
1.4753808        nan
1.4756274        nan
1.4758740        nan
1.4761206        nan
1.4763672        nan
1.4766138        nan
1.4768604        nan
1.4771070        nan
1.4773536        nan
1.4776002        nan
1.4778468        nan
1.4780934        nan
1.4783399        nan
1.4785865        nan
1.4788331        nan
1.4790797        nan
1.4793263        nan
1.4795729        nan
1.4798195        nan
1.4800661 2.666787E-5
1.4803127 2.705212E-5
1.4805593 2.561519E-5
1.4808059 3.058915E-5
1.4810525 3.247337E-5
1.4812991 3.624008E-5
1.4815456 3.533146E-5
1.4817922 2.923578E-5
1.4820388 2.829538E-5
1.4822854 3.050266E-5
1.4825320 3.122120E-5
1.4827786 3.288661E-5
1.4830252 3.134787E-5
1.4832718 3.112489E-5
1.4835184 3.282548E-5
1.4837650 3.171860E-5
1.4840116 3.305647E-5
1.4842582 3.452634E-5
1.4845048 3.267681E-5
1.4847514 3.006963E-5
1.4849979 2.824741E-5
1.4852445 3.492461E-5
1.4854911 3.708131E-5
1.4857377 3.538602E-5
1.4859843 3.620713E-5
1.4862309 3.104490E-5
1.4864775 3.018731E-5
1.4867241 3.316519E-5
1.4869707 3.678442E-5
1.4872173 3.692372E-5
1.4874639 3.823790E-5
1.4877105 3.921128E-5
1.4879571 3.604740E-5
1.4882037 3.508677E-5
1.4884502 3.237519E-5
1.4886968 3.031061E-5
1.4889434 3.119967E-5
1.4891900 3.072073E-5
1.4894366 3.336085E-5
1.4896832 3.768469E-5
1.4899298 3.498087E-5
1.4901764 3.679551E-5
1.4904230 3.854219E-5
1.4906696 3.844530E-5
1.4909162 3.827361E-5
1.4911628 3.475729E-5
1.4914094 3.510598E-5
1.4916559 3.196833E-5
1.4919025 2.898723E-5
1.4921491 3.189481E-5
1.4923957 3.157650E-5
1.4926423 2.994501E-5
1.4928889 3.493769E-5
1.4931355 3.622705E-5
1.4933821 3.571943E-5
1.4936287 4.163380E-5
1.4938753 3.522574E-5
1.4941219 3.276157E-5
1.4943685 3.283604E-5
1.4946151 3.730442E-5
1.4948617 4.202865E-5
1.4951082 4.064380E-5
1.4953548 3.980316E-5
1.4956014 3.927156E-5
1.4958480 3.504209E-5
1.4960946 3.482666E-5
1.4963412 3.898152E-5
1.4965878 3.745304E-5
1.4968344 3.648583E-5
1.4970810 4.017033E-5
1.4973276 3.722978E-5
1.4975742 3.571836E-5
1.4978208 3.757898E-5
1.4980674 4.242251E-5
1.4983139 4.208536E-5
1.4985605 4.234843E-5
1.4988071 4.492139E-5
1.4990537 4.095305E-5
1.4993003 4.326763E-5
1.4995469 4.172864E-5
1.4997935 3.990273E-5
1.5000401 3.698046E-5
1.5002867 3.467321E-5
1.5005333 3.522259E-5
1.5007799 3.444382E-5
1.5010265 3.312549E-5
1.5012731 2.881641E-5
1.5015197 3.472370E-5
1.5017662 3.772271E-5
1.5020128 3.452311E-5
1.5022594 3.555128E-5
1.5025060 3.902239E-5
1.5027526 4.123815E-5
1.5029992 4.266543E-5
1.5032458 4.130076E-5
1.5034924 3.928634E-5
1.5037390 4.051253E-5
1.5039856 3.789337E-5
1.5042322 3.488576E-5
1.5044788 3.303968E-5
1.5047254 3.487019E-5
1.5049720 3.535376E-5
1.5052185 3.296848E-5
1.5054651 3.246121E-5
1.5057117 3.792676E-5
1.5059583 4.018007E-5
1.5062049 4.090479E-5
1.5064515 3.648207E-5
1.5066981 3.770115E-5
1.5069447 4.200940E-5
1.5071913 4.060889E-5
1.5074379 3.578849E-5
1.5076845 3.201029E-5
1.5079311 3.930907E-5
1.5081777 4.731490E-5
1.5084242 4.113725E-5
1.5086708 3.324896E-5
1.5089174 3.489682E-5
1.5091640 3.943525E-5
1.5094106 4.228120E-5
1.5096572 4.061021E-5
1.5099038 3.888675E-5
1.5101504 3.894288E-5
1.5103970 4.760974E-5
1.5106436 4.318036E-5
1.5108902 3.644326E-5
1.5111368 4.251870E-5
1.5113834 4.104372E-5
1.5116300 4.233365E-5
1.5118765 4.299370E-5
1.5121231 4.165464E-5
1.5123697 4.548519E-5
1.5126163 4.364713E-5
1.5128629 4.219006E-5
1.5131095 4.190381E-5
1.5133561 3.512235E-5
1.5136027 3.677769E-5
1.5138493 4.029929E-5
1.5140959 3.468545E-5
1.5143425 3.491060E-5
1.5145891 3.744486E-5
1.5148357 4.367685E-5
1.5150822 4.235368E-5
1.5153288 3.843706E-5
1.5155754 3.741288E-5
1.5158220 4.067676E-5
1.5160686 3.840338E-5
1.5163152 3.832910E-5
1.5165618 3.950520E-5
1.5168084 4.143431E-5
1.5170550 3.988167E-5
1.5173016 3.818692E-5
1.5175482 3.972362E-5
1.5177948 3.734549E-5
1.5180414 4.182084E-5
1.5182880 4.483368E-5
1.5185345 4.671461E-5
1.5187811 4.609564E-5
1.5190277 3.728322E-5
1.5192743 3.726164E-5
1.5195209 4.564834E-5
1.5197675 4.702733E-5
1.5200141 3.743032E-5
1.5202607 4.257554E-5
1.5205073 4.816210E-5
1.5207539 4.257277E-5
1.5210005 4.795799E-5
1.5212471 4.832487E-5
1.5214937 4.685014E-5
1.5217403 4.310413E-5
1.5219868 4.020962E-5
1.5222334 4.080038E-5
1.5224800 3.970875E-5
1.5227266 3.665865E-5
1.5229732 3.961185E-5
1.5232198 4.534566E-5
1.5234664 4.679449E-5
1.5237130 4.748658E-5
1.5239596 4.833856E-5
1.5242062 4.245798E-5
1.5244528 4.060558E-5
1.5246994 4.178597E-5
1.5249460 4.209749E-5
1.5251925 4.085274E-5
1.5254391 4.077925E-5
1.5256857 4.389049E-5
1.5259323 4.174421E-5
1.5261789 4.053520E-5
1.5264255 3.734220E-5
1.5266721 3.740493E-5
1.5269187 3.638074E-5
1.5271653 3.642733E-5
1.5274119 3.991261E-5
1.5276585 3.665330E-5
1.5279051 4.037194E-5
1.5281517 4.139717E-5
1.5283983 4.073681E-5
1.5286448 3.767724E-5
1.5288914 3.861237E-5
1.5291380 3.896918E-5
1.5293846 4.285531E-5
1.5296312 4.839187E-5
1.5298778 4.700064E-5
1.5301244 4.215587E-5
1.5303710 4.433677E-5
1.5306176 4.778658E-5
1.5308642 4.825827E-5
1.5311108 4.484193E-5
1.5313574 4.219643E-5
1.5316040 4.634762E-5
1.5318505 4.608993E-5
1.5320971 4.443392E-5
1.5323437 4.294291E-5
1.5325903 4.380032E-5
1.5328369 4.004357E-5
1.5330835 3.920209E-5
1.5333301 4.571653E-5
1.5335767 4.694342E-5
1.5338233 4.575686E-5
1.5340699 4.948139E-5
1.5343165 4.688706E-5
1.5345631 4.383544E-5
1.5348097 4.280678E-5
1.5350563 3.859385E-5
1.5353028 4.244896E-5
1.5355494 4.626610E-5
1.5357960 4.383406E-5
1.5360426 4.378392E-5
1.5362892 4.035432E-5
1.5365358 4.584936E-5
1.5367824 5.342812E-5
1.5370290 5.349310E-5
1.5372756 4.057892E-5
1.5375222 3.319287E-5
1.5377688 3.676652E-5
1.5380154 4.205032E-5
1.5382620 4.055885E-5
1.5385086 3.701308E-5
1.5387551 4.605898E-5
1.5390017 5.018250E-5
1.5392483 4.130276E-5
1.5394949 3.678348E-5
1.5397415 4.157145E-5
1.5399881 4.178869E-5
1.5402347 3.511193E-5
1.5404813 4.326072E-5
1.5407279 3.937316E-5
1.5409745 3.881719E-5
1.5412211 4.422048E-5
1.5414677 4.535022E-5
1.5417143 4.820200E-5
1.5419608 4.305162E-5
1.5422074 3.743288E-5
1.5424540 3.716626E-5
1.5427006 4.033707E-5
1.5429472 4.540207E-5
1.5431938 5.050952E-5
1.5434404 4.485734E-5
1.5436870 4.181962E-5
1.5439336 4.336787E-5
1.5441802 4.667221E-5
1.5444268 4.699807E-5
1.5446734 4.478066E-5
1.5449200 4.741130E-5
1.5451666 4.356350E-5
1.5454131 4.061474E-5
1.5456597 4.260420E-5
1.5459063 4.839234E-5
1.5461529 5.298108E-5
1.5463995 4.969180E-5
1.5466461 4.842300E-5
1.5468927 4.629075E-5
1.5471393 4.526629E-5
1.5473859 4.349235E-5
1.5476325 4.426909E-5
1.5478791 4.572301E-5
1.5481257 4.665697E-5
1.5483723 4.740773E-5
1.5486188 5.064822E-5
1.5488654 4.786092E-5
1.5491120 4.460986E-5
1.5493586 4.324521E-5
1.5496052 4.733018E-5
1.5498518 5.215854E-5
1.5500984 4.776313E-5
1.5503450 4.758201E-5
1.5505916 4.732423E-5
1.5508382 5.000266E-5
1.5510848 5.485059E-5
1.5513314 5.176602E-5
1.5515780 4.799036E-5
1.5518246 4.456824E-5
1.5520711 4.667762E-5
1.5523177 5.102589E-5
1.5525643 5.097336E-5
1.5528109 4.604367E-5
1.5530575 4.847430E-5
1.5533041 4.945479E-5
1.5535507 4.821644E-5
1.5537973 4.933617E-5
1.5540439 4.822209E-5
1.5542905 4.950529E-5
1.5545371 4.532153E-5
1.5547837 4.524424E-5
1.5550303 4.963236E-5
1.5552769 5.119076E-5
1.5555234 4.926533E-5
1.5557700 5.575886E-5
1.5560166 5.241402E-5
1.5562632 4.951303E-5
1.5565098 5.077063E-5
1.5567564 5.167534E-5
1.5570030 4.951012E-5
1.5572496 4.738774E-5
1.5574962 4.572394E-5
1.5577428 5.092759E-5
1.5579894 5.458629E-5
1.5582360 5.542250E-5
1.5584826 5.623734E-5
1.5587291 5.552717E-5
1.5589757 5.562832E-5
1.5592223 5.023279E-5
1.5594689 4.859121E-5
1.5597155 5.432796E-5
1.5599621 5.433344E-5
1.5602087 5.376838E-5
1.5604553 5.324557E-5
1.5607019 5.208271E-5
1.5609485 5.096609E-5
1.5611951 4.621613E-5
1.5614417 4.884772E-5
1.5616883 5.812752E-5
1.5619349 5.651002E-5
1.5621814 5.154698E-5
1.5624280 4.934954E-5
1.5626746 5.253969E-5
1.5629212 5.279130E-5
1.5631678 5.054628E-5
1.5634144 5.394159E-5
1.5636610 6.084421E-5
1.5639076 5.807850E-5
1.5641542 5.011591E-5
1.5644008 5.655897E-5
1.5646474 5.282283E-5
1.5648940 4.998872E-5
1.5651406 5.135472E-5
1.5653871 5.213195E-5
1.5656337 4.911719E-5
1.5658803 4.587065E-5
1.5661269 5.274354E-5
1.5663735 5.902636E-5
1.5666201 5.225059E-5
1.5668667 5.251810E-5
1.5671133 5.817393E-5
1.5673599 5.288449E-5
1.5676065 5.261502E-5
1.5678531 5.172649E-5
1.5680997 5.149234E-5
1.5683463 5.515850E-5
1.5685929 4.977703E-5
1.5688394 4.472658E-5
1.5690860 4.869171E-5
1.5693326 4.962739E-5
1.5695792 5.060638E-5
1.5698258 4.885289E-5
1.5700724 5.125410E-5
1.5703190 5.405307E-5
1.5705656 5.516313E-5
1.5708122 5.300234E-5
1.5710588 4.879180E-5
1.5713054 5.022053E-5
1.5715520 5.503423E-5
1.5717986 5.871171E-5
1.5720452 4.953080E-5
1.5722917 4.856206E-5
1.5725383 4.958825E-5
1.5727849 4.854253E-5
1.5730315 4.585816E-5
1.5732781 4.712441E-5
1.5735247 4.702134E-5
1.5737713 5.479960E-5
1.5740179 5.626765E-5
1.5742645 5.360476E-5
1.5745111 5.655974E-5
1.5747577 5.555193E-5
1.5750043 5.218589E-5
1.5752509 5.475616E-5
1.5754974 5.974177E-5
1.5757440 5.428104E-5
1.5759906 4.787389E-5
1.5762372 5.369785E-5
1.5764838 5.301441E-5
1.5767304 4.732348E-5
1.5769770 4.830662E-5
1.5772236 5.228036E-5
1.5774702 5.548968E-5
1.5777168 5.454767E-5
1.5779634 5.617793E-5
1.5782100 5.602542E-5
1.5784566 5.573059E-5
1.5787032 5.528871E-5
1.5789497 5.418784E-5
1.5791963 5.552189E-5
1.5794429 5.648461E-5
1.5796895 5.599530E-5
1.5799361 5.734373E-5
1.5801827 5.114924E-5
1.5804293 4.730398E-5
1.5806759 4.845695E-5
1.5809225 5.090030E-5
1.5811691 5.167634E-5
1.5814157 5.588701E-5
1.5816623 5.679131E-5
1.5819089 5.345550E-5
1.5821554 5.515224E-5
1.5824020 5.489675E-5
1.5826486 5.702288E-5
1.5828952 5.794696E-5
1.5831418 5.335562E-5
1.5833884 5.000891E-5
1.5836350 5.208949E-5
1.5838816 4.709324E-5
1.5841282 3.838723E-5
1.5843748 4.300595E-5
1.5846214 4.993252E-5
1.5848680 5.190866E-5
1.5851146 5.392748E-5
1.5853612 5.410603E-5
1.5856077 5.485248E-5
1.5858543 5.807219E-5
1.5861009 6.129681E-5
1.5863475 5.112917E-5
1.5865941 5.158555E-5
1.5868407 5.414686E-5
1.5870873 5.800612E-5
1.5873339 6.194572E-5
1.5875805 6.356234E-5
1.5878271 6.105310E-5
1.5880737 5.792137E-5
1.5883203 5.876883E-5
1.5885669 6.003879E-5
1.5888135 5.870667E-5
1.5890600 5.848626E-5
1.5893066 6.219526E-5
1.5895532 6.078244E-5
1.5897998 5.290190E-5
1.5900464 4.808585E-5
1.5902930 4.846753E-5
1.5905396 5.479122E-5
1.5907862 6.420720E-5
1.5910328 5.990750E-5
1.5912794 6.245816E-5
1.5915260 6.308222E-5
1.5917726 5.757205E-5
1.5920192 5.837292E-5
1.5922657 6.084104E-5
1.5925123 6.108510E-5
1.5927589 5.999893E-5
1.5930055 5.834319E-5
1.5932521 5.667890E-5
1.5934987 5.459808E-5
1.5937453 6.059967E-5
1.5939919 6.360711E-5
1.5942385 6.209759E-5
1.5944851 5.779162E-5
1.5947317 6.178522E-5
1.5949783 6.149243E-5
1.5952249 5.916300E-5
1.5954715 5.902064E-5
1.5957180 6.455622E-5
1.5959646 6.435044E-5
1.5962112 6.344381E-5
1.5964578 6.586941E-5
1.5967044 6.323895E-5
1.5969510 6.271147E-5
1.5971976 6.513570E-5
1.5974442 6.243639E-5
1.5976908 5.860710E-5
1.5979374 5.946751E-5
1.5981840 5.873892E-5
1.5984306 6.050339E-5
1.5986772 6.432041E-5
1.5989237 6.272598E-5
1.5991703 6.380682E-5
1.5994169 6.373742E-5
1.5996635 6.052596E-5
1.5999101 6.378681E-5
1.6001567 6.864028E-5
1.6004033 6.849470E-5
1.6006499 6.297887E-5
1.6008965 5.972762E-5
1.6011431 5.769330E-5
1.6013897 5.746506E-5
1.6016363 5.759039E-5
1.6018829 6.052075E-5
1.6021295 6.324358E-5
1.6023760 6.132801E-5
1.6026226 5.947613E-5
1.6028692 6.164076E-5
1.6031158 6.297546E-5
1.6033624 6.158282E-5
1.6036090 5.933188E-5
1.6038556 5.953194E-5
1.6041022 5.853932E-5
1.6043488 5.730409E-5
1.6045954 5.573377E-5
1.6048420 6.050059E-5
1.6050886 6.295146E-5
1.6053352 6.375944E-5
1.6055818 6.114911E-5
1.6058283 5.797427E-5
1.6060749 5.717040E-5
1.6063215 5.749568E-5
1.6065681 6.112414E-5
1.6068147 6.829775E-5
1.6070613 7.245033E-5
1.6073079 6.634125E-5
1.6075545 6.031980E-5
1.6078011 5.518862E-5
1.6080477 5.663315E-5
1.6082943 6.050046E-5
1.6085409 6.039334E-5
1.6087875 5.729710E-5
1.6090340 6.480754E-5
1.6092806 6.815463E-5
1.6095272 6.058050E-5
1.6097738 5.636275E-5
1.6100204 5.787785E-5
1.6102670 5.455166E-5
1.6105136 5.561917E-5
1.6107602 6.345633E-5
1.6110068 6.259693E-5
1.6112534 6.043332E-5
1.6115000 6.124646E-5
1.6117466 5.979480E-5
1.6119932 5.728922E-5
1.6122398 5.911680E-5
1.6124863 5.997703E-5
1.6127329 6.521938E-5
1.6129795 6.684967E-5
1.6132261 6.324947E-5
1.6134727 6.110909E-5
1.6137193 6.142633E-5
1.6139659 6.208869E-5
1.6142125 6.837911E-5
1.6144591 5.956242E-5
1.6147057 5.497855E-5
1.6149523 5.857753E-5
1.6151989 6.134542E-5
1.6154455 6.109857E-5
1.6156920 4.814196E-5
1.6159386 5.338098E-5
1.6161852 5.564617E-5
1.6164318 5.936753E-5
1.6166784 5.817771E-5
1.6169250 6.340195E-5
1.6171716 6.770044E-5
1.6174182 7.224119E-5
1.6176648 7.560287E-5
1.6179114 7.226495E-5
1.6181580 6.922102E-5
1.6184046 6.303332E-5
1.6186512 6.227518E-5
1.6188978 6.237890E-5
1.6191443 6.729156E-5
1.6193909 6.526452E-5
1.6196375 6.308677E-5
1.6198841 5.478856E-5
1.6201307 5.771773E-5
1.6203773 7.478602E-5
1.6206239 7.051216E-5
1.6208705 6.746843E-5
1.6211171 6.441629E-5
1.6213637 5.991076E-5
1.6216103 6.701900E-5
1.6218569 7.064739E-5
1.6221035 6.866347E-5
1.6223501 6.376602E-5
1.6225966 6.643818E-5
1.6228432 6.825052E-5
1.6230898 6.952364E-5
1.6233364 7.108298E-5
1.6235830 7.213296E-5
1.6238296 7.146443E-5
1.6240762 6.834604E-5
1.6243228 7.182119E-5
1.6245694 7.661821E-5
1.6248160 6.666876E-5
1.6250626 6.428119E-5
1.6253092 6.532996E-5
1.6255558 6.458916E-5
1.6258023 6.384657E-5
1.6260489 6.304551E-5
1.6262955 6.627222E-5
1.6265421 6.801623E-5
1.6267887 7.355551E-5
1.6270353 7.051157E-5
1.6272819 7.269021E-5
1.6275285 6.770327E-5
1.6277751 6.190842E-5
1.6280217 6.694061E-5
1.6282683 6.549538E-5
1.6285149 6.869549E-5
1.6287615 7.597516E-5
1.6290081 7.177282E-5
1.6292546 6.526609E-5
1.6295012 7.099020E-5
1.6297478 7.928790E-5
1.6299944 8.505930E-5
1.6302410 7.964237E-5
1.6304876 6.726851E-5
1.6307342 6.548325E-5
1.6309808 6.965786E-5
1.6312274 6.992454E-5
1.6314740 6.798371E-5
1.6317206 6.678184E-5
1.6319672 6.752921E-5
1.6322138 6.588460E-5
1.6324603 6.157778E-5
1.6327069 6.361392E-5
1.6329535 6.323023E-5
1.6332001 6.564808E-5
1.6334467 6.845938E-5
1.6336933 6.668127E-5
1.6339399 6.610975E-5
1.6341865 7.138311E-5
1.6344331 7.430634E-5
1.6346797 7.333187E-5
1.6349263 6.402934E-5
1.6351729 6.767726E-5
1.6354195 6.873733E-5
1.6356661 6.793800E-5
1.6359126 6.602897E-5
1.6361592 7.052593E-5
1.6364058 7.205465E-5
1.6366524 7.119393E-5
1.6368990 6.981380E-5
1.6371456 7.283681E-5
1.6373922 7.388223E-5
1.6376388 7.058260E-5
1.6378854 7.352441E-5
1.6381320 7.686074E-5
1.6383786 7.352820E-5
1.6386252 6.784218E-5
1.6388718 6.932383E-5
1.6391184 7.082363E-5
1.6393649 7.099940E-5
1.6396115 7.234887E-5
1.6398581 6.775315E-5
1.6401047 6.421039E-5
1.6403513 6.730113E-5
1.6405979 6.619163E-5
1.6408445 6.655810E-5
1.6410911 7.397598E-5
1.6413377 7.231074E-5
1.6415843 6.931712E-5
1.6418309 7.481217E-5
1.6420775 8.019752E-5
1.6423241 7.706106E-5
1.6425706 7.544018E-5
1.6428172 7.826610E-5
1.6430638 8.078425E-5
1.6433104 7.410669E-5
1.6435570 7.247367E-5
1.6438036 7.235120E-5
1.6440502 7.104537E-5
1.6442968 6.906940E-5
1.6445434 7.257664E-5
1.6447900 7.243765E-5
1.6450366 7.186996E-5
1.6452832 7.105937E-5
1.6455298 7.885029E-5
1.6457764 7.695729E-5
1.6460229 7.458864E-5
1.6462695 7.550361E-5
1.6465161 7.119591E-5
1.6467627 7.255399E-5
1.6470093 7.473840E-5
1.6472559 7.634037E-5
1.6475025 7.164800E-5
1.6477491 6.749343E-5
1.6479957 7.325894E-5
1.6482423 8.151754E-5
1.6484889 8.407939E-5
1.6487355 8.319654E-5
1.6489821 7.503641E-5
1.6492286 6.825601E-5
1.6494752 6.768995E-5
1.6497218 7.141745E-5
1.6499684 7.616941E-5
1.6502150 7.837752E-5
1.6504616 8.340734E-5
1.6507082 8.512409E-5
1.6509548 8.131031E-5
1.6512014 7.812624E-5
1.6514480 7.917658E-5
1.6516946 7.716340E-5
1.6519412 8.216609E-5
1.6521878 7.933253E-5
1.6524344 7.405666E-5
1.6526809 8.032863E-5
1.6529275 8.314146E-5
1.6531741 8.084313E-5
1.6534207 7.621423E-5
1.6536673 8.179996E-5
1.6539139 8.708060E-5
1.6541605 8.117578E-5
1.6544071 8.024419E-5
1.6546537 8.015352E-5
1.6549003 6.943347E-5
1.6551469 7.143252E-5
1.6553935 7.878042E-5
1.6556401 8.308702E-5
1.6558867 8.216234E-5
1.6561332 8.179296E-5
1.6563798 8.255943E-5
1.6566264 8.536259E-5
1.6568730 8.967857E-5
1.6571196 8.170095E-5
1.6573662 8.322619E-5
1.6576128 7.861427E-5
1.6578594 7.519038E-5
1.6581060 7.803181E-5
1.6583526 8.480098E-5
1.6585992 8.461193E-5
1.6588458 8.150079E-5
1.6590924 8.148930E-5
1.6593389 8.298072E-5
1.6595855 8.082970E-5
1.6598321 7.343737E-5
1.6600787 7.510448E-5
1.6603253 7.621723E-5
1.6605719 7.546759E-5
1.6608185 7.871035E-5
1.6610651 7.736524E-5
1.6613117 8.079287E-5
1.6615583 8.066776E-5
1.6618049 7.737978E-5
1.6620515 7.632327E-5
1.6622981 7.773601E-5
1.6625447 8.274375E-5
1.6627912 8.685781E-5
1.6630378 8.347906E-5
1.6632844 7.836550E-5
1.6635310 7.745802E-5
1.6637776 7.807824E-5
1.6640242 7.799125E-5
1.6642708 8.184565E-5
1.6645174 8.753346E-5
1.6647640 8.425565E-5
1.6650106 7.998763E-5
1.6652572 8.071995E-5
1.6655038 8.189050E-5
1.6657504 8.198115E-5
1.6659969 8.167348E-5
1.6662435 7.725308E-5
1.6664901 7.491224E-5
1.6667367 7.583591E-5
1.6669833 7.867820E-5
1.6672299 7.936117E-5
1.6674765 7.857375E-5
1.6677231 7.681704E-5
1.6679697 7.570328E-5
1.6682163 7.692474E-5
1.6684629 7.740165E-5
1.6687095 7.477181E-5
1.6689561 7.678714E-5
1.6692027 8.116590E-5
1.6694492 8.048522E-5
1.6696958 8.229021E-5
1.6699424 8.175676E-5
1.6701890 8.282390E-5
1.6704356 8.734145E-5
1.6706822 8.705755E-5
1.6709288 8.687064E-5
1.6711754 8.851890E-5
1.6714220 8.832492E-5
1.6716686 8.576475E-5
1.6719152 8.725147E-5
1.6721618 8.088286E-5
1.6724084 7.838529E-5
1.6726550 7.766554E-5
1.6729015 7.848893E-5
1.6731481 7.908058E-5
1.6733947 7.979319E-5
1.6736413 8.290305E-5
1.6738879 7.866152E-5
1.6741345 7.312959E-5
1.6743811 7.535751E-5
1.6746277 8.416414E-5
1.6748743 8.915307E-5
1.6751209 8.882178E-5
1.6753675 8.559289E-5
1.6756141 8.738224E-5
1.6758607 8.447685E-5
1.6761072 7.982657E-5
1.6763538 7.927424E-5
1.6766004 8.230832E-5
1.6768470 8.086813E-5
1.6770936 8.060389E-5
1.6773402 8.197864E-5
1.6775868 8.300432E-5
1.6778334 8.096360E-5
1.6780800 8.299704E-5
1.6783266 8.468931E-5
1.6785732 8.540502E-5
1.6788198 8.464400E-5
1.6790664 8.358110E-5
1.6793130 8.608075E-5
1.6795595 8.467503E-5
1.6798061 8.217352E-5
1.6800527 8.290777E-5
1.6802993 8.920698E-5
1.6805459 9.280078E-5
1.6807925 9.154533E-5
1.6810391 8.773308E-5
1.6812857 8.457354E-5
1.6815323 8.309713E-5
1.6817789 8.174268E-5
1.6820255 8.508818E-5
1.6822721 8.723348E-5
1.6825187 8.740986E-5
1.6827652 8.887698E-5
1.6830118 8.723603E-5
1.6832584 9.100411E-5
1.6835050 9.388536E-5
1.6837516 8.967814E-5
1.6839982 8.836223E-5
1.6842448 8.892213E-5
1.6844914 8.685818E-5
1.6847380 8.342706E-5
1.6849846 8.170493E-5
1.6852312 7.993578E-5
1.6854778 8.376425E-5
1.6857244 8.594058E-5
1.6859710 8.775794E-5
1.6862175 8.867335E-5
1.6864641 8.731954E-5
1.6867107 8.247561E-5
1.6869573 8.084090E-5
1.6872039 8.491240E-5
1.6874505 8.847135E-5
1.6876971 8.694013E-5
1.6879437 8.526645E-5
1.6881903 8.463865E-5
1.6884369 8.200215E-5
1.6886835 7.926331E-5
1.6889301 8.130389E-5
1.6891767 7.856322E-5
1.6894233 7.612318E-5
1.6896698 7.712446E-5
1.6899164 8.016974E-5
1.6901630 8.335727E-5
1.6904096 8.553320E-5
1.6906562 8.943111E-5
1.6909028 8.881359E-5
1.6911494 8.772341E-5
1.6913960 9.096316E-5
1.6916426 9.307097E-5
1.6918892 9.088533E-5
1.6921358 8.443919E-5
1.6923824 8.155285E-5
1.6926290 8.013597E-5
1.6928755 8.362350E-5
1.6931221 8.871485E-5
1.6933687 8.993330E-5
1.6936153 8.596432E-5
1.6938619 8.189379E-5
1.6941085 8.011721E-5
1.6943551 7.814414E-5
1.6946017 8.009230E-5
1.6948483 8.047746E-5
1.6950949 8.247848E-5
1.6953415 8.377795E-5
1.6955881 8.299371E-5
1.6958347 8.312787E-5
1.6960813 8.693874E-5
1.6963278 8.566628E-5
1.6965744 8.381454E-5
1.6968210 8.011254E-5
1.6970676 7.734909E-5
1.6973142 7.918723E-5
1.6975608 7.865852E-5
1.6978074 7.677938E-5
1.6980540 8.294672E-5
1.6983006 8.587957E-5
1.6985472 8.363917E-5
1.6987938 8.003991E-5
1.6990404 8.062293E-5
1.6992870 8.712069E-5
1.6995335 8.536765E-5
1.6997801 8.300725E-5
1.7000267 8.243402E-5
1.7002733 8.484405E-5
1.7005199 8.556218E-5
1.7007665 8.022708E-5
1.7010131 7.760369E-5
1.7012597 8.257735E-5
1.7015063 8.669785E-5
1.7017529 8.674567E-5
1.7019995 8.956423E-5
1.7022461 8.928392E-5
1.7024927 8.749787E-5
1.7027393 8.733388E-5
1.7029858 8.861972E-5
1.7032324 9.022499E-5
1.7034790 8.682357E-5
1.7037256 8.463333E-5
1.7039722 8.529620E-5
1.7042188 8.473975E-5
1.7044654 8.479622E-5
1.7047120 8.519732E-5
1.7049586 8.413762E-5
1.7052052 8.360946E-5
1.7054518 8.301266E-5
1.7056984 8.625351E-5
1.7059450 8.718056E-5
1.7061916 8.967485E-5
1.7064381 9.165579E-5
1.7066847 9.015377E-5
1.7069313 9.035633E-5
1.7071779 8.292404E-5
1.7074245 8.028370E-5
1.7076711 8.315374E-5
1.7079177 8.571512E-5
1.7081643 8.504021E-5
1.7084109 8.220148E-5
1.7086575 8.043443E-5
1.7089041 7.899699E-5
1.7091507 8.227976E-5
1.7093973 8.971564E-5
1.7096438 9.047338E-5
1.7098904 8.873238E-5
1.7101370 9.002924E-5
1.7103836 9.462710E-5
1.7106302 9.212361E-5
1.7108768 8.881654E-5
1.7111234 8.542427E-5
1.7113700 8.526826E-5
1.7116166 8.857503E-5
1.7118632 8.691757E-5
1.7121098 8.503423E-5
1.7123564 8.713117E-5
1.7126030 8.588871E-5
1.7128496 8.846886E-5
1.7130961 8.950113E-5
1.7133427 8.796390E-5
1.7135893 8.423280E-5
1.7138359 8.199205E-5
1.7140825 7.986372E-5
1.7143291 7.940605E-5
1.7145757 7.855611E-5
1.7148223 7.758677E-5
1.7150689 7.927080E-5
1.7153155 8.166388E-5
1.7155621 8.773805E-5
1.7158087 8.853539E-5
1.7160553 8.582296E-5
1.7163018 8.976275E-5
1.7165484 9.078399E-5
1.7167950 8.975604E-5
1.7170416 8.879308E-5
1.7172882 8.574605E-5
1.7175348 8.270454E-5
1.7177814 8.437500E-5
1.7180280 8.225894E-5
1.7182746 7.877701E-5
1.7185212 7.610275E-5
1.7187678 7.531988E-5
1.7190144 7.474773E-5
1.7192610 8.158428E-5
1.7195076 8.542840E-5
1.7197541 8.020534E-5
1.7200007 7.782551E-5
1.7202473 7.970759E-5
1.7204939 8.358683E-5
1.7207405 8.452300E-5
1.7209871 8.282522E-5
1.7212337 8.151222E-5
1.7214803 8.403840E-5
1.7217269 8.562027E-5
1.7219735 8.792627E-5
1.7222201 8.700820E-5
1.7224667 8.349126E-5
1.7227133 8.182318E-5
1.7229599 7.934387E-5
1.7232064 7.670379E-5
1.7234530 7.654152E-5
1.7236996 7.587019E-5
1.7239462 7.967166E-5
1.7241928 8.544126E-5
1.7244394 8.602929E-5
1.7246860 8.301320E-5
1.7249326 8.000516E-5
1.7251792 8.056559E-5
1.7254258 8.280736E-5
1.7256724 8.316647E-5
1.7259190 8.015666E-5
1.7261656 8.319256E-5
1.7264121 7.893336E-5
1.7266587 7.479788E-5
1.7269053 7.482436E-5
1.7271519 7.683076E-5
1.7273985 8.029352E-5
1.7276451 8.336002E-5
1.7278917 8.685334E-5
1.7281383 8.840005E-5
1.7283849 8.745964E-5
1.7286315 8.374702E-5
1.7288781 8.164631E-5
1.7291247 8.120111E-5
1.7293713 8.192030E-5
1.7296179 7.982890E-5
1.7298644 7.979073E-5
1.7301110 8.140268E-5
1.7303576 8.340112E-5
1.7306042 8.585105E-5
1.7308508 8.700530E-5
1.7310974 7.889788E-5
1.7313440 7.803773E-5
1.7315906 7.828012E-5
1.7318372 7.868169E-5
1.7320838 7.716352E-5
1.7323304 7.320872E-5
1.7325770 7.212448E-5
1.7328236 7.629095E-5
1.7330701 8.165715E-5
1.7333167 8.376497E-5
1.7335633 8.405909E-5
1.7338099 8.661763E-5
1.7340565 8.543525E-5
1.7343031 8.057138E-5
1.7345497 7.824705E-5
1.7347963 7.779775E-5
1.7350429 7.902348E-5
1.7352895 7.559656E-5
1.7355361 7.902464E-5
1.7357827 8.145257E-5
1.7360293 8.204982E-5
1.7362759 8.340496E-5
1.7365224 8.306479E-5
1.7367690 8.029959E-5
1.7370156 7.927976E-5
1.7372622 7.727041E-5
1.7375088 8.184285E-5
1.7377554 8.284737E-5
1.7380020 7.780585E-5
1.7382486 8.000462E-5
1.7384952 8.281745E-5
1.7387418 8.530192E-5
1.7389884 8.541455E-5
1.7392350 8.350539E-5
1.7394816 8.454679E-5
1.7397282 7.898087E-5
1.7399747 7.401432E-5
1.7402213 7.402321E-5
1.7404679 7.551197E-5
1.7407145 7.433789E-5
1.7409611 7.272224E-5
1.7412077 7.463319E-5
1.7414543 7.923579E-5
1.7417009 7.919806E-5
1.7419475 8.080085E-5
1.7421941 8.078184E-5
1.7424407 7.559864E-5
1.7426873 7.529468E-5
1.7429339 7.515449E-5
1.7431804 7.433482E-5
1.7434270 7.754248E-5
1.7436736 7.782255E-5
1.7439202 7.274862E-5
1.7441668 7.060483E-5
1.7444134 7.516940E-5
1.7446600 7.824029E-5
1.7449066 7.826120E-5
1.7451532 7.682629E-5
1.7453998 7.859768E-5
1.7456464 7.508397E-5
1.7458930 7.730615E-5
1.7461396 8.144811E-5
1.7463862 8.047743E-5
1.7466327 7.753188E-5
1.7468793 7.131159E-5
1.7471259 6.883133E-5
1.7473725 6.990851E-5
1.7476191 7.388490E-5
1.7478657 7.829687E-5
1.7481123 8.095471E-5
1.7483589 7.900354E-5
1.7486055 7.683133E-5
1.7488521 7.919800E-5
1.7490987 7.812582E-5
1.7493453 7.958648E-5
1.7495919 7.663668E-5
1.7498384 7.712876E-5
1.7500850 8.209833E-5
1.7503316 7.804916E-5
1.7505782 7.190090E-5
1.7508248 6.832647E-5
1.7510714 7.177502E-5
1.7513180 7.768332E-5
1.7515646 7.992241E-5
1.7518112 7.877273E-5
1.7520578 7.570628E-5
1.7523044 7.805825E-5
1.7525510 8.500984E-5
1.7527976 8.938584E-5
1.7530442 8.801123E-5
1.7532907 8.182060E-5
1.7535373 7.587693E-5
1.7537839 7.466796E-5
1.7540305 7.415561E-5
1.7542771 7.022731E-5
1.7545237 7.102043E-5
1.7547703 7.503834E-5
1.7550169 7.953492E-5
1.7552635 7.994525E-5
1.7555101 7.660329E-5
1.7557567 7.529867E-5
1.7560033 7.294596E-5
1.7562499 6.914149E-5
1.7564965 6.733063E-5
1.7567430 6.850588E-5
1.7569896 7.225553E-5
1.7572362 7.976760E-5
1.7574828 8.028887E-5
1.7577294 7.613238E-5
1.7579760 7.041186E-5
1.7582226 7.284273E-5
1.7584692 7.551667E-5
1.7587158 7.502822E-5
1.7589624 7.839061E-5
1.7592090 8.201919E-5
1.7594556 8.259641E-5
1.7597022 8.312644E-5
1.7599487 8.260626E-5
1.7601953 8.533659E-5
1.7604419 8.384660E-5
1.7606885 7.359700E-5
1.7609351 7.361855E-5
1.7611817 7.752751E-5
1.7614283 8.452032E-5
1.7616749 8.457455E-5
1.7619215 8.113161E-5
1.7621681 7.573496E-5
1.7624147 7.204671E-5
1.7626613 7.090000E-5
1.7629079 7.283124E-5
1.7631545 7.716857E-5
1.7634010 7.850811E-5
1.7636476 8.010439E-5
1.7638942 8.121283E-5
1.7641408 7.975202E-5
1.7643874 7.741842E-5
1.7646340 7.502989E-5
1.7648806 7.805595E-5
1.7651272 7.879052E-5
1.7653738 8.159752E-5
1.7656204 8.049738E-5
1.7658670 7.788463E-5
1.7661136 8.520236E-5
1.7663602 9.266837E-5
1.7666067 8.529468E-5
1.7668533 7.842624E-5
1.7670999 7.502522E-5
1.7673465 7.365475E-5
1.7675931 7.294659E-5
1.7678397 7.213130E-5
1.7680863 7.052084E-5
1.7683329 6.628576E-5
1.7685795 6.877608E-5
1.7688261 7.349689E-5
1.7690727 7.448164E-5
1.7693193 7.517819E-5
1.7695659 7.750020E-5
1.7698125 8.043682E-5
1.7700590 7.484091E-5
1.7703056 7.332108E-5
1.7705522 7.429166E-5
1.7707988 7.589164E-5
1.7710454 7.419751E-5
1.7712920 7.188840E-5
1.7715386 6.993494E-5
1.7717852 7.048836E-5
1.7720318 7.807019E-5
1.7722784 7.781498E-5
1.7725250 7.179200E-5
1.7727716 6.923646E-5
1.7730182 7.205539E-5
1.7732648 7.684565E-5
1.7735113 7.903218E-5
1.7737579 8.113533E-5
1.7740045 8.078899E-5
1.7742511 7.821947E-5
1.7744977 7.585438E-5
1.7747443 7.275028E-5
1.7749909 7.354396E-5
1.7752375 7.540404E-5
1.7754841 7.437274E-5
1.7757307 7.428213E-5
1.7759773 7.152410E-5
1.7762239 6.843774E-5
1.7764705 6.971932E-5
1.7767170 7.028908E-5
1.7769636 6.948184E-5
1.7772102 7.001299E-5
1.7774568 7.143063E-5
1.7777034 7.077736E-5
1.7779500 6.965501E-5
1.7781966 7.151272E-5
1.7784432 7.348412E-5
1.7786898 7.519477E-5
1.7789364 7.142610E-5
1.7791830 6.577751E-5
1.7794296 6.828587E-5
1.7796762 7.055249E-5
1.7799228 7.424710E-5
1.7801693 7.856144E-5
1.7804159 7.705955E-5
1.7806625 7.162491E-5
1.7809091 6.925782E-5
1.7811557 6.446827E-5
1.7814023 6.354388E-5
1.7816489 6.851580E-5
1.7818955 7.637143E-5
1.7821421 7.610701E-5
1.7823887 7.414339E-5
1.7826353 7.330535E-5
1.7828819 7.277301E-5
1.7831285 7.233265E-5
1.7833750 7.819250E-5
1.7836216 7.900174E-5
1.7838682 7.780033E-5
1.7841148 7.809046E-5
1.7843614 7.568441E-5
1.7846080 7.310280E-5
1.7848546 6.907732E-5
1.7851012 6.763029E-5
1.7853478 6.841198E-5
1.7855944 6.762240E-5
1.7858410 6.716978E-5
1.7860876 6.599413E-5
1.7863342 6.504845E-5
1.7865808 6.790151E-5
1.7868273 6.803854E-5
1.7870739 6.153883E-5
1.7873205 6.263445E-5
1.7875671 6.419116E-5
1.7878137 6.896077E-5
1.7880603 7.501099E-5
1.7883069 7.479954E-5
1.7885535 7.419624E-5
1.7888001 7.132466E-5
1.7890467 7.097013E-5
1.7892933 7.190525E-5
1.7895399 7.402508E-5
1.7897865 7.899471E-5
1.7900331 7.569925E-5
1.7902796 7.267798E-5
1.7905262 6.710330E-5
1.7907728 6.917468E-5
1.7910194 7.367814E-5
1.7912660 7.199029E-5
1.7915126 6.858628E-5
1.7917592 6.815844E-5
1.7920058 6.773517E-5
1.7922524 7.053594E-5
1.7924990 7.387773E-5
1.7927456 7.309180E-5
1.7929922 7.372619E-5
1.7932388 7.370583E-5
1.7934853 6.965308E-5
1.7937319 6.766401E-5
1.7939785 7.008099E-5
1.7942251 7.060224E-5
1.7944717 7.351572E-5
1.7947183 7.134410E-5
1.7949649 6.768064E-5
1.7952115 7.328309E-5
1.7954581 7.639897E-5
1.7957047 7.777307E-5
1.7959513 7.553899E-5
1.7961979 6.975532E-5
1.7964445 6.931555E-5
1.7966911 7.315003E-5
1.7969376 7.639338E-5
1.7971842 7.525861E-5
1.7974308 7.425828E-5
1.7976774 7.283741E-5
1.7979240 7.264944E-5
1.7981706 7.727223E-5
1.7984172 8.010850E-5
1.7986638 8.076704E-5
1.7989104 7.989460E-5
1.7991570 7.520429E-5
1.7994036 7.229233E-5
1.7996502 6.935842E-5
1.7998968 6.243837E-5
1.8001433 6.481404E-5
1.8003899 6.349883E-5
1.8006365 6.480461E-5
1.8008831 6.469963E-5
1.8011297 6.494539E-5
1.8013763 6.967181E-5
1.8016229 7.241628E-5
1.8018695 7.064297E-5
1.8021161 6.901148E-5
1.8023627 6.631276E-5
1.8026093 6.968781E-5
1.8028559 7.147111E-5
1.8031025 7.354617E-5
1.8033491 7.131102E-5
1.8035956 6.851559E-5
1.8038422 7.098611E-5
1.8040888 7.410362E-5
1.8043354 7.735005E-5
1.8045820 7.462925E-5
1.8048286 7.056816E-5
1.8050752 6.959873E-5
1.8053218 7.359758E-5
1.8055684 7.288653E-5
1.8058150 6.662527E-5
1.8060616 6.728992E-5
1.8063082 6.730303E-5
1.8065548 6.505400E-5
1.8068014 6.819696E-5
1.8070479 6.766915E-5
1.8072945 6.487707E-5
1.8075411 6.409564E-5
1.8077877 6.713992E-5
1.8080343 7.388371E-5
1.8082809 7.899218E-5
1.8085275 7.566794E-5
1.8087741 7.105668E-5
1.8090207 6.875546E-5
1.8092673 7.345645E-5
1.8095139 8.120039E-5
1.8097605 7.770056E-5
1.8100071 7.312280E-5
1.8102536 7.277346E-5
1.8105002 6.795950E-5
1.8107468 6.851948E-5
1.8109934 6.777971E-5
1.8112400 6.682581E-5
1.8114866 7.222325E-5
1.8117332 7.662406E-5
1.8119798 7.478483E-5
1.8122264 6.981669E-5
1.8124730 6.641845E-5
1.8127196 6.614496E-5
1.8129662 7.275894E-5
1.8132128 7.663119E-5
1.8134594 7.510005E-5
1.8137059 7.686018E-5
1.8139525 7.743405E-5
1.8141991 7.831065E-5
1.8144457 8.203407E-5
1.8146923 8.270424E-5
1.8149389 8.084307E-5
1.8151855 8.069767E-5
1.8154321 7.591235E-5
1.8156787 7.307899E-5
1.8159253 7.661474E-5
1.8161719 7.630706E-5
1.8164185 7.476669E-5
1.8166651 7.544491E-5
1.8169116 7.299500E-5
1.8171582 6.988687E-5
1.8174048 7.165976E-5
1.8176514 7.454456E-5
1.8178980 7.313191E-5
1.8181446 7.268548E-5
1.8183912 6.795723E-5
1.8186378 6.854016E-5
1.8188844 7.072528E-5
1.8191310 7.060762E-5
1.8193776 7.074949E-5
1.8196242 6.902863E-5
1.8198708 7.141011E-5
1.8201174 7.507562E-5
1.8203639 7.220516E-5
1.8206105 7.345691E-5
1.8208571 7.384043E-5
1.8211037 7.124535E-5
1.8213503 6.963930E-5
1.8215969 6.920351E-5
1.8218435 6.867065E-5
1.8220901 6.789496E-5
1.8223367 6.847225E-5
1.8225833 6.890486E-5
1.8228299 7.500706E-5
1.8230765 7.634949E-5
1.8233231 7.830514E-5
1.8235697 7.936264E-5
1.8238162 7.839144E-5
1.8240628 8.239858E-5
1.8243094 8.049498E-5
1.8245560 7.933636E-5
1.8248026 7.973870E-5
1.8250492 7.861198E-5
1.8252958 7.581229E-5
1.8255424 6.945214E-5
1.8257890 6.952201E-5
1.8260356 6.795471E-5
1.8262822 6.261025E-5
1.8265288 6.461648E-5
1.8267754 6.705696E-5
1.8270219 6.686311E-5
1.8272685 6.907241E-5
1.8275151 7.362990E-5
1.8277617 7.224319E-5
1.8280083 7.192457E-5
1.8282549 7.499781E-5
1.8285015 7.789562E-5
1.8287481 7.717873E-5
1.8289947 7.286177E-5
1.8292413 7.320074E-5
1.8294879 7.910396E-5
1.8297345 8.225854E-5
1.8299811 7.937549E-5
1.8302277 7.505524E-5
1.8304742 7.136551E-5
1.8307208 6.945142E-5
1.8309674 6.827224E-5
1.8312140 6.939811E-5
1.8314606 7.551293E-5
1.8317072 7.602994E-5
1.8319538 7.149539E-5
1.8322004 6.654110E-5
1.8324470 6.506205E-5
1.8326936 6.712731E-5
1.8329402 6.776917E-5
1.8331868 7.087158E-5
1.8334334 6.978592E-5
1.8336799 6.892360E-5
1.8339265 7.721806E-5
1.8341731 7.883540E-5
1.8344197 7.107730E-5
1.8346663 6.997335E-5
1.8349129 7.283525E-5
1.8351595 7.094402E-5
1.8354061 7.454907E-5
1.8356527 7.762979E-5
1.8358993 7.298193E-5
1.8361459 6.911680E-5
1.8363925 6.845746E-5
1.8366391 7.514143E-5
1.8368857 8.045409E-5
1.8371322 7.892985E-5
1.8373788 7.312280E-5
1.8376254 6.665962E-5
1.8378720 6.661024E-5
1.8381186 6.695688E-5
1.8383652 7.094024E-5
1.8386118 7.544738E-5
1.8388584 7.669964E-5
1.8391050 7.720612E-5
1.8393516 7.360283E-5
1.8395982 6.826805E-5
1.8398448 6.375863E-5
1.8400914 6.950447E-5
1.8403380 7.542103E-5
1.8405845 7.837400E-5
1.8408311 7.906731E-5
1.8410777 8.307095E-5
1.8413243 8.430270E-5
1.8415709 8.167978E-5
1.8418175 7.510360E-5
1.8420641 7.301137E-5
1.8423107 7.245006E-5
1.8425573 7.350145E-5
1.8428039 7.361391E-5
1.8430505 7.217996E-5
1.8432971 7.177670E-5
1.8435437 7.164569E-5
1.8437902 6.773580E-5
1.8440368 6.599890E-5
1.8442834 7.086052E-5
1.8445300 7.016919E-5
1.8447766 7.103039E-5
1.8450232 6.992498E-5
1.8452698 7.300883E-5
1.8455164 7.677966E-5
1.8457630 7.511502E-5
1.8460096 7.518117E-5
1.8462562 7.499845E-5
1.8465028 7.353222E-5
1.8467494 6.968738E-5
1.8469960 6.396504E-5
1.8472425 6.162908E-5
1.8474891 6.615182E-5
1.8477357 6.928236E-5
1.8479823 6.580979E-5
1.8482289 6.316543E-5
1.8484755 6.175149E-5
1.8487221 6.368742E-5
1.8489687 6.616155E-5
1.8492153 6.773733E-5
1.8494619 7.045503E-5
1.8497085 6.960878E-5
1.8499551 7.244860E-5
1.8502017 7.239036E-5
1.8504482 6.235641E-5
1.8506948 6.768618E-5
1.8509414 7.938857E-5
1.8511880 7.571519E-5
1.8514346 7.444726E-5
1.8516812 7.950330E-5
1.8519278 8.035275E-5
1.8521744 7.620766E-5
1.8524210 7.170530E-5
1.8526676 7.208139E-5
1.8529142 7.347301E-5
1.8531608 7.045755E-5
1.8534074 6.947503E-5
1.8536540 7.149627E-5
1.8539005 6.977477E-5
1.8541471 7.204374E-5
1.8543937 7.074483E-5
1.8546403 6.901690E-5
1.8548869 6.828582E-5
1.8551335 6.653833E-5
1.8553801 7.120677E-5
1.8556267 7.513742E-5
1.8558733 7.383399E-5
1.8561199 7.067280E-5
1.8563665 7.037134E-5
1.8566131 6.693459E-5
1.8568597 6.549976E-5
1.8571063 6.532707E-5
1.8573528 6.694841E-5
1.8575994 6.801874E-5
1.8578460 6.625053E-5
1.8580926 6.492203E-5
1.8583392 6.639973E-5
1.8585858 7.084072E-5
1.8588324 6.618830E-5
1.8590790 6.315495E-5
1.8593256 6.436419E-5
1.8595722 6.254885E-5
1.8598188 6.360828E-5
1.8600654 6.541984E-5
1.8603120 6.607415E-5
1.8605585 6.301867E-5
1.8608051 6.068716E-5
1.8610517 5.947579E-5
1.8612983 6.329203E-5
1.8615449 6.848617E-5
1.8617915 7.215267E-5
1.8620381 7.106985E-5
1.8622847 6.831363E-5
1.8625313 6.548541E-5
1.8627779 6.510190E-5
1.8630245 6.864498E-5
1.8632711 6.666058E-5
1.8635177 6.826669E-5
1.8637643 7.052557E-5
1.8640108 7.223505E-5
1.8642574 7.094014E-5
1.8645040 7.203495E-5
1.8647506 7.437516E-5
1.8649972 7.005625E-5
1.8652438 6.302542E-5
1.8654904 6.101803E-5
1.8657370 6.503379E-5
1.8659836 6.993385E-5
1.8662302 6.971176E-5
1.8664768 7.047557E-5
1.8667234 7.463387E-5
1.8669700 7.394049E-5
1.8672165 7.009794E-5
1.8674631 6.980823E-5
1.8677097 6.706533E-5
1.8679563 5.870812E-5
1.8682029 5.760705E-5
1.8684495 6.555369E-5
1.8686961 7.027719E-5
1.8689427 7.271544E-5
1.8691893 7.448689E-5
1.8694359 7.133031E-5
1.8696825 7.046932E-5
1.8699291 7.426576E-5
1.8701757 7.557111E-5
1.8704223 7.739400E-5
1.8706688 7.637823E-5
1.8709154 7.261716E-5
1.8711620 7.038468E-5
1.8714086 7.063070E-5
1.8716552 7.062704E-5
1.8719018 7.222626E-5
1.8721484 7.174657E-5
1.8723950 7.046074E-5
1.8726416 7.039706E-5
1.8728882 6.963982E-5
1.8731348 6.510091E-5
1.8733814 6.258574E-5
1.8736280 6.296556E-5
1.8738746 6.927864E-5
1.8741211 7.438865E-5
1.8743677 7.317483E-5
1.8746143 7.408258E-5
1.8748609 7.743950E-5
1.8751075 7.922596E-5
1.8753541 8.727446E-5
1.8756007 9.505248E-5
1.8758473 9.381966E-5
1.8760939 8.644571E-5
1.8763405 7.701582E-5
1.8765871 7.022380E-5
1.8768337 6.743938E-5
1.8770803 6.535720E-5
1.8773268 6.900715E-5
1.8775734 7.806053E-5
1.8778200 7.698216E-5
1.8780666 7.138656E-5
1.8783132 7.686633E-5
1.8785598 7.021314E-5
1.8788064 6.461721E-5
1.8790530 7.058468E-5
1.8792996 6.881084E-5
1.8795462 6.776312E-5
1.8797928 7.161828E-5
1.8800394 7.596450E-5
1.8802860 7.694672E-5
1.8805326 7.636807E-5
1.8807791 7.809080E-5
1.8810257 7.647499E-5
1.8812723 7.109059E-5
1.8815189 7.203223E-5
1.8817655 7.366964E-5
1.8820121 7.556473E-5
1.8822587 7.843858E-5
1.8825053 8.155624E-5
1.8827519 8.167840E-5
1.8829985 7.994803E-5
1.8832451 7.807373E-5
1.8834917 7.928908E-5
1.8837383 8.112684E-5
1.8839848 7.811595E-5
1.8842314 7.606361E-5
1.8844780 7.822113E-5
1.8847246 7.732019E-5
1.8849712 7.195665E-5
1.8852178 6.918741E-5
1.8854644 7.156398E-5
1.8857110 7.466650E-5
1.8859576 7.618363E-5
1.8862042 7.816280E-5
1.8864508 7.566920E-5
1.8866974 7.404554E-5
1.8869440 7.662906E-5
1.8871906 7.875661E-5
1.8874371 7.804910E-5
1.8876837 7.758490E-5
1.8879303 7.858401E-5
1.8881769 7.768552E-5
1.8884235 7.318817E-5
1.8886701 7.165206E-5
1.8889167 7.355408E-5
1.8891633 7.951711E-5
1.8894099 7.894933E-5
1.8896565 7.867705E-5
1.8899031 8.043951E-5
1.8901497 7.954676E-5
1.8903963 7.751773E-5
1.8906429 7.681660E-5
1.8908894 7.915174E-5
1.8911360 8.127018E-5
1.8913826 8.068089E-5
1.8916292 7.680721E-5
1.8918758 7.162117E-5
1.8921224 6.770521E-5
1.8923690 6.680392E-5
1.8926156 7.018944E-5
1.8928622 7.695000E-5
1.8931088 8.035058E-5
1.8933554 7.892300E-5
1.8936020 7.711881E-5
1.8938486 7.772553E-5
1.8940951 8.057107E-5
1.8943417 8.085120E-5
1.8945883 7.942952E-5
1.8948349 7.950024E-5
1.8950815 7.992668E-5
1.8953281 8.002202E-5
1.8955747 8.018258E-5
1.8958213 7.997883E-5
1.8960679 7.925838E-5
1.8963145 7.870904E-5
1.8965611 7.975959E-5
1.8968077 8.294963E-5
1.8970543 8.360026E-5
1.8973009 8.034553E-5
1.8975474 7.677370E-5
1.8977940 7.417845E-5
1.8980406 7.273509E-5
1.8982872 7.175630E-5
1.8985338 7.234891E-5
1.8987804 7.605700E-5
1.8990270 8.110373E-5
1.8992736 8.496949E-5
1.8995202 8.550407E-5
1.8997668 8.458325E-5
1.9000134 8.430153E-5
1.9002600 8.281887E-5
1.9005066 8.107760E-5
1.9007531 8.139796E-5
1.9009997 8.177305E-5
1.9012463 8.083411E-5
1.9014929 7.948608E-5
1.9017395 7.900421E-5
1.9019861 7.986525E-5
1.9022327 7.988423E-5
1.9024793 7.883361E-5
1.9027259 7.810493E-5
1.9029725 7.743881E-5
1.9032191 7.694057E-5
1.9034657 7.777104E-5
1.9037123 7.862666E-5
1.9039589 7.823190E-5
1.9042054 7.887273E-5
1.9044520 8.094504E-5
1.9046986 8.295823E-5
1.9049452 8.575821E-5
1.9051918 8.799253E-5
1.9054384 8.401790E-5
1.9056850 7.731844E-5
1.9059316 7.436265E-5
1.9061782 7.568697E-5
1.9064248 7.920254E-5
1.9066714 8.152087E-5
1.9069180 8.278443E-5
1.9071646 8.408958E-5
1.9074111 8.601612E-5
1.9076577 8.861258E-5
1.9079043 9.127206E-5
1.9081509 9.259721E-5
1.9083975 9.159329E-5
1.9086441 8.823263E-5
1.9088907 8.629068E-5
1.9091373 8.746750E-5
1.9093839 8.686705E-5
1.9096305 8.389511E-5
1.9098771 8.076541E-5
1.9101237 7.929176E-5
1.9103703 7.915399E-5
1.9106169 7.779434E-5
1.9108634 7.613342E-5
1.9111100 7.531900E-5
1.9113566 7.410944E-5
1.9116032 7.325134E-5
1.9118498 7.446461E-5
1.9120964 7.823324E-5
1.9123430 8.281473E-5
1.9125896 8.443641E-5
1.9128362 8.339246E-5
1.9130828 8.128190E-5
1.9133294 7.825047E-5
1.9135760 7.707191E-5
1.9138226 8.082328E-5
1.9140692 8.539711E-5
1.9143157 8.805134E-5
1.9145623 9.032916E-5
1.9148089 9.154292E-5
1.9150555 9.116502E-5
1.9153021 9.151601E-5
1.9155487 9.140495E-5
1.9157953 8.767180E-5
1.9160419 8.230145E-5
1.9162885 7.807260E-5
1.9165351 7.676651E-5
1.9167817 7.739483E-5
1.9170283 7.827475E-5
1.9172749 7.998134E-5
1.9175214 8.229139E-5
1.9177680 8.416382E-5
1.9180146 8.412622E-5
1.9182612 8.271116E-5
1.9185078 8.366285E-5
1.9187544 8.647089E-5
1.9190010 8.851909E-5
1.9192476 8.785671E-5
1.9194942 8.462714E-5
1.9197408 8.097654E-5
1.9199874 7.969658E-5
1.9202340 8.083993E-5
1.9204806 7.940941E-5
1.9207272 7.635303E-5
1.9209737 7.548866E-5
1.9212203 7.892251E-5
1.9214669 8.413334E-5
1.9217135 8.504598E-5
1.9219601 8.417582E-5
1.9222067 8.474269E-5
1.9224533 8.549456E-5
1.9226999 8.656587E-5
1.9229465 8.841989E-5
1.9231931 8.990554E-5
1.9234397 8.940850E-5
1.9236863 8.559700E-5
1.9239329 8.075965E-5
1.9241794 7.776299E-5
1.9244260 7.751959E-5
1.9246726 8.057088E-5
1.9249192 8.639790E-5
1.9251658 9.148138E-5
1.9254124 9.349868E-5
1.9256590 9.263919E-5
1.9259056 9.025665E-5
1.9261522 8.742719E-5
1.9263988 8.307704E-5
1.9266454 7.877807E-5
1.9268920 7.741978E-5
1.9271386 7.907236E-5
1.9273852 8.258349E-5
1.9276317 8.614123E-5
1.9278783 8.841410E-5
1.9281249 8.859938E-5
1.9283715 8.608082E-5
1.9286181 8.354731E-5
1.9288647 8.483769E-5
1.9291113 8.709829E-5
1.9293579 8.762513E-5
1.9296045 8.665495E-5
1.9298511 8.395820E-5
1.9300977 8.006065E-5
1.9303443 7.774428E-5
1.9305909 7.788380E-5
1.9308375 7.931702E-5
1.9310840 8.028338E-5
1.9313306 8.005519E-5
1.9315772 7.987842E-5
1.9318238 8.114627E-5
1.9320704 8.426957E-5
1.9323170 8.680291E-5
1.9325636 8.704589E-5
1.9328102 8.493225E-5
1.9330568 8.455549E-5
1.9333034 8.669804E-5
1.9335500 8.416710E-5
1.9337966 7.987898E-5
1.9340432 7.998721E-5
1.9342897 8.219489E-5
1.9345363 8.424434E-5
1.9347829 8.533661E-5
1.9350295 8.628576E-5
1.9352761 8.741633E-5
1.9355227 8.680024E-5
1.9357693 8.563908E-5
1.9360159 8.595674E-5
1.9362625 8.548429E-5
1.9365091 8.380388E-5
1.9367557 8.315964E-5
1.9370023 8.491416E-5
1.9372489 8.827960E-5
1.9374955 8.862856E-5
1.9377420 8.655056E-5
1.9379886 8.521604E-5
1.9382352 8.284775E-5
1.9384818 7.937540E-5
1.9387284 7.756864E-5
1.9389750 7.691861E-5
1.9392216 7.656017E-5
1.9394682 7.785377E-5
1.9397148 7.950389E-5
1.9399614 7.910306E-5
1.9402080 7.782413E-5
1.9404546 7.713061E-5
1.9407012 7.769384E-5
1.9409477 7.830823E-5
1.9411943 7.820645E-5
1.9414409 8.011451E-5
1.9416875 8.281472E-5
1.9419341 8.303980E-5
1.9421807 8.424039E-5
1.9424273 8.805557E-5
1.9426739 9.133686E-5
1.9429205 9.160851E-5
1.9431671 8.828372E-5
1.9434137 8.481336E-5
1.9436603 8.340699E-5
1.9439069 8.426099E-5
1.9441535 8.551539E-5
1.9444000 8.587093E-5
1.9446466 8.607339E-5
1.9448932 8.579992E-5
1.9451398 8.483363E-5
1.9453864 8.491785E-5
1.9456330 8.587231E-5
1.9458796 8.598593E-5
1.9461262 8.777957E-5
1.9463728 9.153393E-5
1.9466194 9.180736E-5
1.9468660 8.952092E-5
1.9471126 8.800253E-5
1.9473592 8.646625E-5
1.9476058 8.468190E-5
1.9478523 8.338079E-5
1.9480989 8.272092E-5
1.9483455 8.285383E-5
1.9485921 8.431524E-5
1.9488387 8.531840E-5
1.9490853 8.406653E-5
1.9493319 8.355944E-5
1.9495785 8.540594E-5
1.9498251 8.859034E-5
1.9500717 9.040083E-5
1.9503183 8.975629E-5
1.9505649 9.026913E-5
1.9508115 9.207473E-5
1.9510580 9.313945E-5
1.9513046 9.233811E-5
1.9515512 9.065451E-5
1.9517978 9.107558E-5
1.9520444 9.267654E-5
1.9522910 9.342156E-5
1.9525376 9.247292E-5
1.9527842 8.915219E-5
1.9530308 8.390968E-5
1.9532774 8.159877E-5
1.9535240 8.412075E-5
1.9537706 8.822934E-5
1.9540172 9.042492E-5
1.9542638 8.897374E-5
1.9545103 8.670425E-5
1.9547569 8.495337E-5
1.9550035 8.343424E-5
1.9552501 8.141136E-5
1.9554967 7.929638E-5
1.9557433 7.922392E-5
1.9559899 8.080491E-5
1.9562365 8.253440E-5
1.9564831 8.294316E-5
1.9567297 8.309363E-5
1.9569763 8.553235E-5
1.9572229 8.977263E-5
1.9574695 9.345222E-5
1.9577160 9.285276E-5
1.9579626 9.074255E-5
1.9582092 9.094879E-5
1.9584558 9.030901E-5
1.9587024 8.897953E-5
1.9589490 9.005566E-5
1.9591956 9.194746E-5
1.9594422 9.224177E-5
1.9596888 8.937960E-5
1.9599354 8.633574E-5
1.9601820 8.632372E-5
1.9604286 8.503014E-5
1.9606752 8.178074E-5
1.9609218 8.020046E-5
1.9611683 8.146583E-5
1.9614149 8.470838E-5
1.9616615 8.663090E-5
1.9619081 8.784511E-5
1.9621547 9.042838E-5
1.9624013 9.298707E-5
1.9626479 9.451853E-5
1.9628945 9.499085E-5
1.9631411 9.305585E-5
1.9633877 8.879246E-5
1.9636343 8.569847E-5
1.9638809 8.512954E-5
1.9641275 8.633707E-5
1.9643741 8.650449E-5
1.9646206 8.479225E-5
1.9648672 8.322340E-5
1.9651138 8.399746E-5
1.9653604 8.708549E-5
1.9656070 8.733080E-5
1.9658536 8.531685E-5
1.9661002 8.480183E-5
1.9663468 8.417526E-5
1.9665934 8.305974E-5
1.9668400 8.369979E-5
1.9670866 8.500973E-5
1.9673332 8.534553E-5
1.9675798 8.480467E-5
1.9678263 8.471152E-5
1.9680729 8.648075E-5
1.9683195 8.768861E-5
1.9685661 8.743706E-5
1.9688127 8.813424E-5
1.9690593 8.963118E-5
1.9693059 9.096679E-5
1.9695525 9.203330E-5
1.9697991 9.281550E-5
1.9700457 9.330603E-5
1.9702923 9.330309E-5
1.9705389 9.236367E-5
1.9707855 8.987448E-5
1.9710321 8.639982E-5
1.9712786 8.338860E-5
1.9715252 8.316449E-5
1.9717718 8.570747E-5
1.9720184 8.889082E-5
1.9722650 9.188708E-5
1.9725116 9.366035E-5
1.9727582 9.246979E-5
1.9730048 8.917203E-5
1.9732514 8.593371E-5
1.9734980 8.465989E-5
1.9737446 8.524381E-5
1.9739912 8.583496E-5
1.9742378 8.643554E-5
1.9744843 8.752364E-5
1.9747309 8.957377E-5
1.9749775 8.981139E-5
1.9752241 8.564880E-5
1.9754707 8.149070E-5
1.9757173 7.968102E-5
1.9759639 7.913671E-5
1.9762105 8.027699E-5
1.9764571 8.344188E-5
1.9767037 8.830687E-5
1.9769503 9.225890E-5
1.9771969 9.252880E-5
1.9774435 9.059871E-5
1.9776901 8.864081E-5
1.9779366 8.833175E-5
1.9781832 8.906695E-5
1.9784298 9.012587E-5
1.9786764 9.277017E-5
1.9789230 9.558972E-5
1.9791696 9.613823E-5
1.9794162 9.541966E-5
1.9796628 9.415273E-5
1.9799094 9.185940E-5
1.9801560 8.894976E-5
1.9804026 8.609630E-5
1.9806492 8.357844E-5
1.9808958 8.318231E-5
1.9811424 8.644281E-5
1.9813889 8.816823E-5
1.9816355 8.665634E-5
1.9818821 8.693912E-5
1.9821287 8.741201E-5
1.9823753 8.579174E-5
1.9826219 8.530237E-5
1.9828685 8.770191E-5
1.9831151 9.239940E-5
1.9833617 9.441557E-5
1.9836083 9.193364E-5
1.9838549 8.956714E-5
1.9841015 8.858705E-5
1.9843481 8.861190E-5
1.9845946 8.951837E-5
1.9848412 8.996467E-5
1.9850878 8.837826E-5
1.9853344 8.760384E-5
1.9855810 8.945360E-5
1.9858276 9.201217E-5
1.9860742 9.362125E-5
1.9863208 9.358196E-5
1.9865674 9.389171E-5
1.9868140 9.418392E-5
1.9870606 9.208274E-5
1.9873072 9.021870E-5
1.9875538 9.059037E-5
1.9878004 9.138548E-5
1.9880469 9.196015E-5
1.9882935 9.215540E-5
1.9885401 9.072969E-5
1.9887867 8.872253E-5
1.9890333 8.902876E-5
1.9892799 8.884709E-5
1.9895265 8.613378E-5
1.9897731 8.395498E-5
1.9900197 8.349509E-5
1.9902663 8.423696E-5
1.9905129 8.368970E-5
1.9907595 8.280089E-5
1.9910061 8.614813E-5
1.9912526 8.957458E-5
1.9914992 8.943286E-5
1.9917458 8.983471E-5
1.9919924 9.225617E-5
1.9922390 9.562199E-5
1.9924856 9.656209E-5
1.9927322 9.460326E-5
1.9929788 9.336033E-5
1.9932254 9.338216E-5
1.9934720 9.402144E-5
1.9937186 9.482155E-5
1.9939652 9.467175E-5
1.9942118 9.258634E-5
1.9944584 8.966276E-5
1.9947049 8.715181E-5
1.9949515 8.572189E-5
1.9951981 8.548834E-5
1.9954447 8.657691E-5
1.9956913 9.031031E-5
1.9959379 9.411960E-5
1.9961845 9.376075E-5
1.9964311 9.235263E-5
1.9966777 9.241278E-5
1.9969243 9.280688E-5
1.9971709 9.143886E-5
1.9974175 8.748202E-5
1.9976641 8.491381E-5
1.9979107 8.558980E-5
1.9981572 8.862028E-5
1.9984038 9.130700E-5
1.9986504 9.235050E-5
1.9988970 9.372040E-5
1.9991436 9.447446E-5
1.9993902 9.304308E-5
1.9996368 9.024285E-5
1.9998834 8.793543E-5
2.0001300 8.814262E-5
2.0003766 9.006450E-5
2.0006232 9.205244E-5
2.0008698 9.270826E-5
2.0011164 9.247636E-5
2.0013629 9.231392E-5
2.0016095 9.092598E-5
2.0018561 8.875685E-5
2.0021027 8.800979E-5
2.0023493 8.874008E-5
2.0025959 8.991168E-5
2.0028425 8.980417E-5
2.0030891 8.919914E-5
2.0033357 8.996562E-5
2.0035823 9.235523E-5
2.0038289 9.508161E-5
2.0040755 9.579788E-5
2.0043221 9.431448E-5
2.0045687 9.215624E-5
2.0048152 9.275010E-5
2.0050618 9.405239E-5
2.0053084 9.206740E-5
2.0055550 9.028865E-5
2.0058016 9.065150E-5
2.0060482 9.141634E-5
2.0062948 9.067368E-5
2.0065414 8.760467E-5
2.0067880 8.402350E-5
2.0070346 8.222964E-5
2.0072812 8.386672E-5
2.0075278 8.782812E-5
2.0077744 9.160168E-5
2.0080209 9.219772E-5
2.0082675 9.118632E-5
2.0085141 9.091693E-5
2.0087607 9.038595E-5
2.0090073 8.980389E-5
2.0092539 9.021426E-5
2.0095005 9.141833E-5
2.0097471 9.289993E-5
2.0099937 9.412852E-5
2.0102403 9.491351E-5
2.0104869 9.496600E-5
2.0107335 9.287461E-5
2.0109801 9.042739E-5
2.0112267 9.122131E-5
2.0114732 9.351936E-5
2.0117198 9.532624E-5
2.0119664 9.671567E-5
2.0122130 9.620450E-5
2.0124596 9.324248E-5
2.0127062 9.210209E-5
2.0129528 9.378918E-5
2.0131994 9.575018E-5
2.0134460 9.616926E-5
2.0136926 9.475099E-5
2.0139392 9.346670E-5
2.0141858 9.422039E-5
2.0144324 9.751868E-5
2.0146790 1.000410E-4
2.0149255 9.968816E-5
2.0151721 9.670007E-5
2.0154187 9.374464E-5
2.0156653 9.283453E-5
2.0159119 9.303678E-5
2.0161585 9.315662E-5
2.0164051 9.228324E-5
2.0166517 9.066677E-5
2.0168983 8.929780E-5
2.0171449 8.947637E-5
2.0173915 8.994999E-5
2.0176381 9.041409E-5
2.0178847 9.461785E-5
2.0181312 9.958998E-5
2.0183778 9.985120E-5
2.0186244 9.729654E-5
2.0188710 9.520446E-5
2.0191176 9.624779E-5
2.0193642 9.649306E-5
2.0196108 9.300902E-5
2.0198574 9.116417E-5
2.0201040 9.179956E-5
2.0203506 9.268019E-5
2.0205972 9.422375E-5
2.0208438 9.661327E-5
2.0210904 9.919089E-5
2.0213370 1.008181E-4
2.0215835 1.007186E-4
2.0218301 9.937662E-5
2.0220767 9.797159E-5
2.0223233 9.767690E-5
2.0225699 9.773024E-5
2.0228165 9.741756E-5
2.0230631 9.684135E-5
2.0233097 9.721026E-5
2.0235563 9.925629E-5
2.0238029 1.010686E-4
2.0240495 1.019087E-4
2.0242961 1.022455E-4
2.0245427 1.024356E-4
2.0247892 1.020063E-4
2.0250358 9.927233E-5
2.0252824 9.603701E-5
2.0255290 9.488202E-5
2.0257756 9.580286E-5
2.0260222 9.683887E-5
2.0262688 9.528895E-5
2.0265154 9.269597E-5
2.0267620 9.125246E-5
2.0270086 9.190483E-5
2.0272552 9.388577E-5
2.0275018 9.580792E-5
2.0277484 9.757065E-5
2.0279950 9.919341E-5
2.0282415 1.005276E-4
2.0284881 9.949037E-5
2.0287347 9.571708E-5
2.0289813 9.288242E-5
2.0292279 9.308726E-5
2.0294745 9.631860E-5
2.0297211 9.931294E-5
2.0299677 9.994326E-5
2.0302143 9.839160E-5
2.0304609 9.589747E-5
2.0307075 9.443617E-5
2.0309541 9.639798E-5
2.0312007 1.005617E-4
2.0314473 1.039538E-4
2.0316938 1.062696E-4
2.0319404 1.071105E-4
2.0321870 1.056785E-4
2.0324336 1.038632E-4
2.0326802 1.031201E-4
2.0329268 1.015854E-4
2.0331734 1.000802E-4
2.0334200 1.004964E-4
2.0336666 1.006052E-4
2.0339132 9.927781E-5
2.0341598 9.785606E-5
2.0344064 9.720083E-5
2.0346530 9.741857E-5
2.0348995 9.712801E-5
2.0351461 9.647980E-5
2.0353927 9.655710E-5
2.0356393 9.611768E-5
2.0358859 9.579505E-5
2.0361325 9.920130E-5
2.0363791 1.033055E-4
2.0366257 1.043183E-4
2.0368723 1.044117E-4
2.0371189 1.045906E-4
2.0373655 1.045458E-4
2.0376121 1.051186E-4
2.0378587 1.056934E-4
2.0381053 1.033442E-4
2.0383518 9.967636E-5
2.0385984 9.757578E-5
2.0388450 9.704489E-5
2.0390916 9.764713E-5
2.0393382 9.875955E-5
2.0395848 9.949660E-5
2.0398314 9.943390E-5
2.0400780 9.908224E-5
2.0403246 9.767483E-5
2.0405712 9.493596E-5
2.0408178 9.435206E-5
2.0410644 9.666903E-5
2.0413110 9.954013E-5
2.0415575 1.020654E-4
2.0418041 1.036828E-4
2.0420507 1.037433E-4
2.0422973 1.038772E-4
2.0425439 1.059519E-4
2.0427905 1.084579E-4
2.0430371 1.094691E-4
2.0432837 1.076508E-4
2.0435303 1.038327E-4
2.0437769 9.999431E-5
2.0440235 9.848698E-5
2.0442701 9.977989E-5
2.0445167 1.024450E-4
2.0447633 1.025177E-4
2.0450098 9.974484E-5
2.0452564 9.844467E-5
2.0455030 9.868167E-5
2.0457496 9.950697E-5
2.0459962 1.012158E-4
2.0462428 1.032953E-4
2.0464894 1.048391E-4
2.0467360 1.052403E-4
2.0469826 1.049358E-4
2.0472292 1.054015E-4
2.0474758 1.069549E-4
2.0477224 1.086484E-4
2.0479690 1.077580E-4
2.0482156 1.045062E-4
2.0484621 1.011482E-4
2.0487087 9.790594E-5
2.0489553 9.553418E-5
2.0492019 9.584382E-5
2.0494485 9.734050E-5
2.0496951 9.824537E-5
2.0499417 1.001167E-4
2.0501883 1.020275E-4
2.0504349 1.017615E-4
2.0506815 1.026006E-4
2.0509281 1.056746E-4
2.0511747 1.070404E-4
2.0514213 1.054625E-4
2.0516678 1.018591E-4
2.0519144 9.926303E-5
2.0521610 9.909601E-5
2.0524076 1.006803E-4
2.0526542 1.017432E-4
2.0529008 1.010631E-4
2.0531474 1.000252E-4
2.0533940 9.928035E-5
2.0536406 9.882525E-5
2.0538872 9.789147E-5
2.0541338 9.635928E-5
2.0543804 9.494278E-5
2.0546270 9.478917E-5
2.0548736 9.665811E-5
2.0551201 1.003586E-4
2.0553667 1.041833E-4
2.0556133 1.060620E-4
2.0558599 1.051434E-4
2.0561065 1.028400E-4
2.0563531 1.022467E-4
2.0565997 1.040188E-4
2.0568463 1.068135E-4
2.0570929 1.072387E-4
2.0573395 1.058034E-4
2.0575861 1.049866E-4
2.0578327 1.046680E-4
2.0580793 1.051715E-4
2.0583258 1.074269E-4
2.0585724 1.088565E-4
2.0588190 1.074156E-4
2.0590656 1.047886E-4
2.0593122 1.027998E-4
2.0595588 1.025651E-4
2.0598054 1.026513E-4
2.0600520 1.022523E-4
2.0602986 1.020649E-4
2.0605452 1.016411E-4
2.0607918 1.006965E-4
2.0610384 1.002212E-4
2.0612850 1.006352E-4
2.0615316 1.017072E-4
2.0617781 1.022738E-4
2.0620247 1.025436E-4
2.0622713 1.047080E-4
2.0625179 1.061987E-4
2.0627645 1.047777E-4
2.0630111 1.046430E-4
2.0632577 1.046963E-4
2.0635043 1.009004E-4
2.0637509 9.865110E-5
2.0639975 1.010605E-4
2.0642441 1.045661E-4
2.0644907 1.063416E-4
2.0647373 1.054023E-4
2.0649839 1.049753E-4
2.0652304 1.060257E-4
2.0654770 1.070863E-4
2.0657236 1.065950E-4
2.0659702 1.053817E-4
2.0662168 1.080866E-4
2.0664634 1.118748E-4
2.0667100 1.120896E-4
2.0669566 1.104832E-4
2.0672032 1.087095E-4
2.0674498 1.075072E-4
2.0676964 1.075947E-4
2.0679430 1.088692E-4
2.0681896 1.100834E-4
2.0684361 1.101788E-4
2.0686827 1.087235E-4
2.0689293 1.065095E-4
2.0691759 1.049244E-4
2.0694225 1.053850E-4
2.0696691 1.076811E-4
2.0699157 1.107591E-4
2.0701623 1.132068E-4
2.0704089 1.145846E-4
2.0706555 1.149292E-4
2.0709021 1.132804E-4
2.0711487 1.100385E-4
2.0713953 1.071233E-4
2.0716419 1.050965E-4
2.0718884 1.042829E-4
2.0721350 1.056889E-4
2.0723816 1.075433E-4
2.0726282 1.072684E-4
2.0728748 1.063954E-4
2.0731214 1.059237E-4
2.0733680 1.052303E-4
2.0736146 1.056223E-4
2.0738612 1.076380E-4
2.0741078 1.084264E-4
2.0743544 1.084369E-4
2.0746010 1.098189E-4
2.0748476 1.105105E-4
2.0750941 1.095574E-4
2.0753407 1.085417E-4
2.0755873 1.091321E-4
2.0758339 1.112558E-4
2.0760805 1.101470E-4
2.0763271 1.068454E-4
2.0765737 1.061222E-4
2.0768203 1.061712E-4
2.0770669 1.058159E-4
2.0773135 1.068491E-4
2.0775601 1.101962E-4
2.0778067 1.150965E-4
2.0780533 1.172782E-4
2.0782999 1.157651E-4
2.0785464 1.129258E-4
2.0787930 1.120136E-4
2.0790396 1.134757E-4
2.0792862 1.129516E-4
2.0795328 1.109299E-4
2.0797794 1.096480E-4
2.0800260 1.088419E-4
2.0802726 1.084348E-4
2.0805192 1.086845E-4
2.0807658 1.102047E-4
2.0810124 1.125649E-4
2.0812590 1.134325E-4
2.0815056 1.132228E-4
2.0817522 1.132632E-4
2.0819987 1.124799E-4
2.0822453 1.110345E-4
2.0824919 1.104126E-4
2.0827385 1.102386E-4
2.0829851 1.102211E-4
2.0832317 1.115214E-4
2.0834783 1.116988E-4
2.0837249 1.084633E-4
2.0839715 1.082454E-4
2.0842181 1.120833E-4
2.0844647 1.139981E-4
2.0847113 1.138640E-4
2.0849579 1.134710E-4
2.0852044 1.144812E-4
2.0854510 1.161203E-4
2.0856976 1.165241E-4
2.0859442 1.165494E-4
2.0861908 1.161007E-4
2.0864374 1.136488E-4
2.0866840 1.108646E-4
2.0869306 1.098192E-4
2.0871772 1.107543E-4
2.0874238 1.126475E-4
2.0876704 1.139059E-4
2.0879170 1.138272E-4
2.0881636 1.130747E-4
2.0884102 1.136223E-4
2.0886567 1.145301E-4
2.0889033 1.147249E-4
2.0891499 1.161418E-4
2.0893965 1.175680E-4
2.0896431 1.160838E-4
2.0898897 1.123367E-4
2.0901363 1.089444E-4
2.0903829 1.096566E-4
2.0906295 1.137753E-4
2.0908761 1.185769E-4
2.0911227 1.221721E-4
2.0913693 1.227116E-4
2.0916159 1.192924E-4
2.0918624 1.144840E-4
2.0921090 1.117746E-4
2.0923556 1.140146E-4
2.0926022 1.198277E-4
2.0928488 1.251871E-4
2.0930954 1.245020E-4
2.0933420 1.193514E-4
2.0935886 1.168312E-4
2.0938352 1.147933E-4
2.0940818 1.115840E-4
2.0943284 1.107031E-4
2.0945750 1.124346E-4
2.0948216 1.150186E-4
2.0950682 1.157049E-4
2.0953147 1.142570E-4
2.0955613 1.130009E-4
2.0958079 1.130023E-4
2.0960545 1.138076E-4
2.0963011 1.129143E-4
2.0965477 1.108338E-4
2.0967943 1.096276E-4
2.0970409 1.101966E-4
2.0972875 1.122667E-4
2.0975341 1.144606E-4
2.0977807 1.155431E-4
2.0980273 1.149640E-4
2.0982739 1.134735E-4
2.0985205 1.111422E-4
2.0987670 1.081429E-4
2.0990136 1.069856E-4
2.0992602 1.089856E-4
2.0995068 1.133279E-4
2.0997534 1.162166E-4
2.1000000 1.157850E-4
2.1002466 1.170769E-4
2.1004932 1.198181E-4
2.1007398 1.207301E-4
2.1009864 1.216924E-4
2.1012330 1.230968E-4
2.1014796 1.224458E-4
2.1017262 1.214685E-4
2.1019727 1.221985E-4
2.1022193 1.233067E-4
2.1024659 1.238408E-4
2.1027125 1.233508E-4
2.1029591 1.207991E-4
2.1032057 1.173272E-4
2.1034523 1.168699E-4
2.1036989 1.180544E-4
2.1039455 1.183046E-4
2.1041921 1.184143E-4
2.1044387 1.188517E-4
2.1046853 1.193594E-4
2.1049319 1.172506E-4
2.1051785 1.131052E-4
2.1054250 1.130419E-4
2.1056716 1.168729E-4
2.1059182 1.211543E-4
2.1061648 1.220374E-4
2.1064114 1.210903E-4
2.1066580 1.235255E-4
2.1069046 1.249610E-4
2.1071512 1.223541E-4
2.1073978 1.193042E-4
2.1076444 1.181709E-4
2.1078910 1.194278E-4
2.1081376 1.199002E-4
2.1083842 1.181946E-4
2.1086307 1.154805E-4
2.1088773 1.136625E-4
2.1091239 1.139956E-4
2.1093705 1.159950E-4
2.1096171 1.179692E-4
2.1098637 1.186234E-4
2.1101103 1.205826E-4
2.1103569 1.237098E-4
2.1106035 1.246580E-4
2.1108501 1.244832E-4
2.1110967 1.242068E-4
2.1113433 1.218179E-4
2.1115899 1.185199E-4
2.1118365 1.170456E-4
2.1120830 1.185489E-4
2.1123296 1.214915E-4
2.1125762 1.220408E-4
2.1128228 1.217373E-4
2.1130694 1.223067E-4
2.1133160 1.212389E-4
2.1135626 1.195427E-4
2.1138092 1.199191E-4
2.1140558 1.216109E-4
2.1143024 1.236326E-4
2.1145490 1.256032E-4
2.1147956 1.277470E-4
2.1150422 1.298252E-4
2.1152888 1.299688E-4
2.1155353 1.271173E-4
2.1157819 1.218899E-4
2.1160285 1.197542E-4
2.1162751 1.224497E-4
2.1165217 1.251111E-4
2.1167683 1.247626E-4
2.1170149 1.208035E-4
2.1172615 1.161024E-4
2.1175081 1.140666E-4
2.1177547 1.167458E-4
2.1180013 1.193312E-4
2.1182479 1.191674E-4
2.1184945 1.197157E-4
2.1187410 1.201234E-4
2.1189876 1.191449E-4
2.1192342 1.204269E-4
2.1194808 1.234796E-4
2.1197274 1.244946E-4
2.1199740 1.249679E-4
2.1202206 1.257140E-4
2.1204672 1.241379E-4
2.1207138 1.222597E-4
2.1209604 1.228722E-4
2.1212070 1.236134E-4
2.1214536 1.237202E-4
2.1217002 1.244188E-4
2.1219468 1.243856E-4
2.1221933 1.239457E-4
2.1224399 1.276220E-4
2.1226865 1.313740E-4
2.1229331 1.290624E-4
2.1231797 1.238304E-4
2.1234263 1.198568E-4
2.1236729 1.201142E-4
2.1239195 1.232811E-4
2.1241661 1.266105E-4
2.1244127 1.278729E-4
2.1246593 1.286198E-4
2.1249059 1.312796E-4
2.1251525 1.321494E-4
2.1253990 1.299759E-4
2.1256456 1.274337E-4
2.1258922 1.258388E-4
2.1261388 1.255315E-4
2.1263854 1.259124E-4
2.1266320 1.246994E-4
2.1268786 1.202231E-4
2.1271252 1.176969E-4
2.1273718 1.191993E-4
2.1276184 1.211592E-4
2.1278650 1.235685E-4
2.1281116 1.262802E-4
2.1283582 1.255395E-4
2.1286048 1.231032E-4
2.1288513 1.233265E-4
2.1290979 1.223381E-4
2.1293445 1.193554E-4
2.1295911 1.198390E-4
2.1298377 1.214643E-4
2.1300843 1.212432E-4
2.1303309 1.234924E-4
2.1305775 1.265289E-4
2.1308241 1.252042E-4
2.1310707 1.237661E-4
2.1313173 1.250957E-4
2.1315639 1.266663E-4
2.1318105 1.272098E-4
2.1320571 1.264558E-4
2.1323036 1.255287E-4
2.1325502 1.244089E-4
2.1327968 1.224156E-4
2.1330434 1.228907E-4
2.1332900 1.266611E-4
2.1335366 1.289113E-4
2.1337832 1.300626E-4
2.1340298 1.318854E-4
2.1342764 1.314898E-4
2.1345230 1.289895E-4
2.1347696 1.274462E-4
2.1350162 1.275135E-4
2.1352628 1.288401E-4
2.1355093 1.306428E-4
2.1357559 1.311605E-4
2.1360025 1.293765E-4
2.1362491 1.283446E-4
2.1364957 1.288999E-4
2.1367423 1.290660E-4
2.1369889 1.290025E-4
2.1372355 1.290223E-4
2.1374821 1.284301E-4
2.1377287 1.285031E-4
2.1379753 1.305580E-4
2.1382219 1.317324E-4
2.1384685 1.304702E-4
2.1387151 1.277232E-4
2.1389616 1.259649E-4
2.1392082 1.267107E-4
2.1394548 1.281648E-4
2.1397014 1.293073E-4
2.1399480 1.295515E-4
2.1401946 1.267247E-4
2.1404412 1.215841E-4
2.1406878 1.184131E-4
2.1409344 1.170885E-4
2.1411810 1.170992E-4
2.1414276 1.214652E-4
2.1416742 1.271703E-4
2.1419208 1.285709E-4
2.1421673 1.279323E-4
2.1424139 1.279387E-4
2.1426605 1.292931E-4
2.1429071 1.305248E-4
2.1431537 1.305425E-4
2.1434003 1.319052E-4
2.1436469 1.348622E-4
2.1438935 1.375454E-4
2.1441401 1.372726E-4
2.1443867 1.344383E-4
2.1446333 1.339690E-4
2.1448799 1.352161E-4
2.1451265 1.359250E-4
2.1453731 1.369519E-4
2.1456196 1.381536E-4
2.1458662 1.386106E-4
2.1461128 1.391876E-4
2.1463594 1.397812E-4
2.1466060 1.381334E-4
2.1468526 1.358770E-4
2.1470992 1.355062E-4
2.1473458 1.363062E-4
2.1475924 1.366168E-4
2.1478390 1.348261E-4
2.1480856 1.331265E-4
2.1483322 1.327553E-4
2.1485788 1.311944E-4
2.1488254 1.297389E-4
2.1490719 1.304384E-4
2.1493185 1.308822E-4
2.1495651 1.297035E-4
2.1498117 1.274553E-4
2.1500583 1.255918E-4
2.1503049 1.256161E-4
2.1505515 1.284028E-4
2.1507981 1.320222E-4
2.1510447 1.338947E-4
2.1512913 1.354608E-4
2.1515379 1.364917E-4
2.1517845 1.346418E-4
2.1520311 1.326714E-4
2.1522776 1.327989E-4
2.1525242 1.325565E-4
2.1527708 1.307357E-4
2.1530174 1.277930E-4
2.1532640 1.267992E-4
2.1535106 1.292822E-4
2.1537572 1.339670E-4
2.1540038 1.375404E-4
2.1542504 1.375231E-4
2.1544970 1.349379E-4
2.1547436 1.329729E-4
2.1549902 1.345490E-4
2.1552368 1.357338E-4
2.1554834 1.342621E-4
2.1557299 1.322155E-4
2.1559765 1.300417E-4
2.1562231 1.285660E-4
2.1564697 1.312209E-4
2.1567163 1.360398E-4
2.1569629 1.379517E-4
2.1572095 1.376707E-4
2.1574561 1.370376E-4
2.1577027 1.373484E-4
2.1579493 1.386145E-4
2.1581959 1.398461E-4
2.1584425 1.390931E-4
2.1586891 1.373925E-4
2.1589356 1.375589E-4
2.1591822 1.370135E-4
2.1594288 1.348101E-4
2.1596754 1.346711E-4
2.1599220 1.344357E-4
2.1601686 1.313871E-4
2.1604152 1.295022E-4
2.1606618 1.317642E-4
2.1609084 1.384332E-4
2.1611550 1.431215E-4
2.1614016 1.420211E-4
2.1616482 1.393015E-4
2.1618948 1.367347E-4
2.1621414 1.347887E-4
2.1623879 1.346308E-4
2.1626345 1.348411E-4
2.1628811 1.323800E-4
2.1631277 1.323815E-4
2.1633743 1.373668E-4
2.1636209 1.403460E-4
2.1638675 1.399378E-4
2.1641141 1.383059E-4
2.1643607 1.373099E-4
2.1646073 1.377552E-4
2.1648539 1.390158E-4
2.1651005 1.394494E-4
2.1653471 1.386576E-4
2.1655937 1.394274E-4
2.1658402 1.422039E-4
2.1660868 1.452877E-4
2.1663334 1.445582E-4
2.1665800 1.404583E-4
2.1668266 1.388410E-4
2.1670732 1.393589E-4
2.1673198 1.393725E-4
2.1675664 1.362305E-4
2.1678130 1.330012E-4
2.1680596 1.350041E-4
2.1683062 1.403256E-4
2.1685528 1.447143E-4
2.1687994 1.436524E-4
2.1690459 1.402290E-4
2.1692925 1.386180E-4
2.1695391 1.373070E-4
2.1697857 1.361371E-4
2.1700323 1.359562E-4
2.1702789 1.365011E-4
2.1705255 1.369892E-4
2.1707721 1.363368E-4
2.1710187 1.351804E-4
2.1712653 1.342657E-4
2.1715119 1.323299E-4
2.1717585 1.300095E-4
2.1720051 1.294200E-4
2.1722517 1.326431E-4
2.1724982 1.380482E-4
2.1727448 1.388532E-4
2.1729914 1.359140E-4
2.1732380 1.334380E-4
2.1734846 1.340487E-4
2.1737312 1.367358E-4
2.1739778 1.379321E-4
2.1742244 1.386112E-4
2.1744710 1.404384E-4
2.1747176 1.440295E-4
2.1749642 1.467976E-4
2.1752108 1.456565E-4
2.1754574 1.408215E-4
2.1757039 1.359768E-4
2.1759505 1.363688E-4
2.1761971 1.380044E-4
2.1764437 1.374132E-4
2.1766903 1.376659E-4
2.1769369 1.388070E-4
2.1771835 1.395374E-4
2.1774301 1.402031E-4
2.1776767 1.408090E-4
2.1779233 1.408841E-4
2.1781699 1.415737E-4
2.1784165 1.428246E-4
2.1786631 1.411143E-4
2.1789097 1.379420E-4
2.1791562 1.370179E-4
2.1794028 1.380170E-4
2.1796494 1.395804E-4
2.1798960 1.401736E-4
2.1801426 1.394810E-4
2.1803892 1.383043E-4
2.1806358 1.387086E-4
2.1808824 1.400358E-4
2.1811290 1.403401E-4
2.1813756 1.411546E-4
2.1816222 1.421208E-4
2.1818688 1.400339E-4
2.1821154 1.378070E-4
2.1823620 1.383332E-4
2.1826085 1.384230E-4
2.1828551 1.380492E-4
2.1831017 1.391504E-4
2.1833483 1.398086E-4
2.1835949 1.395863E-4
2.1838415 1.410325E-4
2.1840881 1.421033E-4
2.1843347 1.406090E-4
2.1845813 1.391366E-4
2.1848279 1.389797E-4
2.1850745 1.397516E-4
2.1853211 1.398471E-4
2.1855677 1.385154E-4
2.1858142 1.371139E-4
2.1860608 1.323852E-4
2.1863074 1.238525E-4
2.1865540 1.263424E-4
2.1868006 1.363745E-4
2.1870472 1.362499E-4
2.1872938 1.294520E-4
2.1875404 1.239560E-4
2.1877870 1.250289E-4
2.1880336 1.307044E-4
2.1882802 1.362768E-4
2.1885268 1.425587E-4
2.1887734 1.467918E-4
2.1890200 1.438717E-4
2.1892665 1.397493E-4
2.1895131 1.395009E-4
2.1897597 1.403429E-4
2.1900063 1.409133E-4
2.1902529 1.409338E-4
2.1904995 1.407739E-4
2.1907461 1.412843E-4
2.1909927 1.432867E-4
2.1912393 1.446543E-4
2.1914859 1.440877E-4
2.1917325 1.440559E-4
2.1919791 1.431157E-4
2.1922257 1.389378E-4
2.1924722 1.353080E-4
2.1927188 1.343285E-4
2.1929654 1.348471E-4
2.1932120 1.351377E-4
2.1934586 1.348881E-4
2.1937052 1.376192E-4
2.1939518 1.418238E-4
2.1941984 1.437028E-4
2.1944450 1.449907E-4
2.1946916 1.468459E-4
2.1949382 1.483745E-4
2.1951848 1.476334E-4
2.1954314 1.441646E-4
2.1956780 1.419154E-4
2.1959245 1.423474E-4
2.1961711 1.444417E-4
2.1964177 1.462027E-4
2.1966643 1.460063E-4
2.1969109 1.434443E-4
2.1971575 1.403013E-4
2.1974041 1.384973E-4
2.1976507 1.377294E-4
2.1978973 1.374697E-4
2.1981439 1.373542E-4
2.1983905 1.382769E-4
2.1986371 1.400902E-4
2.1988837 1.406955E-4
2.1991303 1.415889E-4
2.1993768 1.442120E-4
2.1996234 1.448467E-4
2.1998700 1.435385E-4
2.2001166 1.434536E-4
2.2003632 1.434933E-4
2.2006098 1.428771E-4
2.2008564 1.430667E-4
2.2011030 1.438317E-4
2.2013496 1.443525E-4
2.2015962 1.447674E-4
2.2018428 1.447220E-4
2.2020894 1.436142E-4
2.2023360 1.435226E-4
2.2025825 1.449345E-4
2.2028291 1.442521E-4
2.2030757 1.416300E-4
2.2033223 1.392986E-4
2.2035689 1.388788E-4
2.2038155 1.409489E-4
2.2040621 1.446973E-4
2.2043087 1.470801E-4
2.2045553 1.459979E-4
2.2048019 1.425487E-4
2.2050485 1.395942E-4
2.2052951 1.399310E-4
2.2055417 1.431062E-4
2.2057883 1.468093E-4
2.2060348 1.478678E-4
2.2062814 1.451051E-4
2.2065280 1.400350E-4
2.2067746 1.377472E-4
2.2070212 1.393913E-4
2.2072678 1.430471E-4
2.2075144 1.469781E-4
2.2077610 1.489667E-4
2.2080076 1.469344E-4
2.2082542 1.437230E-4
2.2085008 1.427658E-4
2.2087474 1.441657E-4
2.2089940 1.468926E-4
2.2092405 1.493492E-4
2.2094871 1.505290E-4
2.2097337 1.501555E-4
2.2099803 1.487443E-4
2.2102269 1.474052E-4
2.2104735 1.466909E-4
2.2107201 1.449936E-4
2.2109667 1.432214E-4
2.2112133 1.437946E-4
2.2114599 1.463898E-4
2.2117065 1.492823E-4
2.2119531 1.499143E-4
2.2121997 1.495212E-4
2.2124463 1.498435E-4
2.2126928 1.486433E-4
2.2129394 1.464532E-4
2.2131860 1.459801E-4
2.2134326 1.472011E-4
2.2136792 1.492114E-4
2.2139258 1.509575E-4
2.2141724 1.512010E-4
2.2144190 1.494707E-4
2.2146656 1.474593E-4
2.2149122 1.463895E-4
2.2151588 1.463517E-4
2.2154054 1.439557E-4
2.2156520 1.391845E-4
2.2158986 1.395110E-4
2.2161451 1.432997E-4
2.2163917 1.455571E-4
2.2166383 1.480763E-4
2.2168849 1.500400E-4
2.2171315 1.480198E-4
2.2173781 1.452378E-4
2.2176247 1.448265E-4
2.2178713 1.455304E-4
2.2181179 1.472383E-4
2.2183645 1.496507E-4
2.2186111 1.489402E-4
2.2188577 1.446766E-4
2.2191043 1.406741E-4
2.2193508 1.403270E-4
2.2195974 1.439878E-4
2.2198440 1.462805E-4
2.2200906 1.450504E-4
2.2203372 1.414176E-4
2.2205838 1.395212E-4
2.2208304 1.408258E-4
2.2210770 1.426842E-4
2.2213236 1.441617E-4
2.2215702 1.452037E-4
2.2218168 1.462884E-4
2.2220634 1.480361E-4
2.2223100 1.503147E-4
2.2225566 1.492044E-4
2.2228031 1.437446E-4
2.2230497 1.378921E-4
2.2232963 1.352133E-4
2.2235429 1.374875E-4
2.2237895 1.428804E-4
2.2240361 1.481434E-4
2.2242827 1.502764E-4
2.2245293 1.503475E-4
2.2247759 1.501473E-4
2.2250225 1.507078E-4
2.2252691 1.519539E-4
2.2255157 1.530110E-4
2.2257623 1.523084E-4
2.2260088 1.509804E-4
2.2262554 1.515992E-4
2.2265020 1.508080E-4
2.2267486 1.474314E-4
2.2269952 1.460228E-4
2.2272418 1.454418E-4
2.2274884 1.434500E-4
2.2277350 1.432463E-4
2.2279816 1.451189E-4
2.2282282 1.464676E-4
2.2284748 1.471781E-4
2.2287214 1.472030E-4
2.2289680 1.454985E-4
2.2292146 1.437656E-4
2.2294611 1.440328E-4
2.2297077 1.445557E-4
2.2299543 1.447715E-4
2.2302009 1.457389E-4
2.2304475 1.478632E-4
2.2306941 1.506837E-4
2.2309407 1.526814E-4
2.2311873 1.517452E-4
2.2314339 1.473080E-4
2.2316805 1.452399E-4
2.2319271 1.473525E-4
2.2321737 1.498761E-4
2.2324203 1.516841E-4
2.2326669 1.521934E-4
2.2329134 1.502172E-4
2.2331600 1.477461E-4
2.2334066 1.475291E-4
2.2336532 1.471881E-4
2.2338998 1.460457E-4
2.2341464 1.463558E-4
2.2343930 1.478984E-4
2.2346396 1.492294E-4
2.2348862 1.481845E-4
2.2351328 1.453926E-4
2.2353794 1.431203E-4
2.2356260 1.416399E-4
2.2358726 1.410406E-4
2.2361191 1.415934E-4
2.2363657 1.427857E-4
2.2366123 1.441187E-4
2.2368589 1.460205E-4
2.2371055 1.477170E-4
2.2373521 1.480556E-4
2.2375987 1.488745E-4
2.2378453 1.508802E-4
2.2380919 1.522611E-4
2.2383385 1.522377E-4
2.2385851 1.509037E-4
2.2388317 1.492226E-4
2.2390783 1.486547E-4
2.2393249 1.504097E-4
2.2395714 1.536135E-4
2.2398180 1.564021E-4
2.2400646 1.565485E-4
2.2403112 1.553874E-4
2.2405578 1.549466E-4
2.2408044 1.537090E-4
2.2410510 1.519252E-4
2.2412976 1.512966E-4
2.2415442 1.508814E-4
2.2417908 1.488707E-4
2.2420374 1.431831E-4
2.2422840 1.398037E-4
2.2425306 1.446555E-4
2.2427771 1.497414E-4
2.2430237 1.514554E-4
2.2432703 1.523307E-4
2.2435169 1.513180E-4
2.2437635 1.482820E-4
2.2440101 1.461175E-4
2.2442567 1.458435E-4
2.2445033 1.470096E-4
2.2447499 1.481605E-4
2.2449965 1.493693E-4
2.2452431 1.522604E-4
2.2454897 1.551730E-4
2.2457363 1.562045E-4
2.2459829 1.551610E-4
2.2462294 1.534197E-4
2.2464760 1.525417E-4
2.2467226 1.506538E-4
2.2469692 1.481431E-4
2.2472158 1.483161E-4
2.2474624 1.482607E-4
2.2477090 1.459181E-4
2.2479556 1.462528E-4
2.2482022 1.484255E-4
2.2484488 1.486246E-4
2.2486954 1.491447E-4
2.2489420 1.504358E-4
2.2491886 1.494356E-4
2.2494352 1.477545E-4
2.2496817 1.474013E-4
2.2499283 1.468749E-4
2.2501749 1.458273E-4
2.2504215 1.451616E-4
2.2506681 1.475451E-4
2.2509147 1.524026E-4
2.2511613 1.544709E-4
2.2514079 1.532565E-4
2.2516545 1.506986E-4
2.2519011 1.490884E-4
2.2521477 1.494997E-4
2.2523943 1.513962E-4
2.2526409 1.518903E-4
2.2528874 1.501407E-4
2.2531340 1.492807E-4
2.2533806 1.496685E-4
2.2536272 1.502071E-4
2.2538738 1.496275E-4
2.2541204 1.477966E-4
2.2543670 1.456883E-4
2.2546136 1.439311E-4
2.2548602 1.430720E-4
2.2551068 1.434434E-4
2.2553534 1.462762E-4
2.2556000 1.512878E-4
2.2558466 1.517474E-4
2.2560932 1.474959E-4
2.2563397 1.449597E-4
2.2565863 1.455735E-4
2.2568329 1.486542E-4
2.2570795 1.526297E-4
2.2573261 1.532364E-4
2.2575727 1.478128E-4
2.2578193 1.435110E-4
2.2580659 1.440787E-4
2.2583125 1.475549E-4
2.2585591 1.517288E-4
2.2588057 1.543839E-4
2.2590523 1.539577E-4
2.2592989 1.523321E-4
2.2595454 1.523598E-4
2.2597920 1.523977E-4
2.2600386 1.514303E-4
2.2602852 1.501371E-4
2.2605318 1.497224E-4
2.2607784 1.506515E-4
2.2610250 1.513278E-4
2.2612716 1.511176E-4
2.2615182 1.503286E-4
2.2617648 1.499930E-4
2.2620114 1.502700E-4
2.2622580 1.500761E-4
2.2625046 1.497418E-4
2.2627512 1.500106E-4
2.2629977 1.515656E-4
2.2632443 1.520919E-4
2.2634909 1.486737E-4
2.2637375 1.458331E-4
2.2639841 1.462947E-4
2.2642307 1.479108E-4
2.2644773 1.489888E-4
2.2647239 1.485690E-4
2.2649705 1.471143E-4
2.2652171 1.461904E-4
2.2654637 1.475358E-4
2.2657103 1.511746E-4
2.2659569 1.546265E-4
2.2662035 1.529243E-4
2.2664500 1.495249E-4
2.2666966 1.499069E-4
2.2669432 1.540689E-4
2.2671898 1.581187E-4
2.2674364 1.568812E-4
2.2676830 1.550576E-4
2.2679296 1.555333E-4
2.2681762 1.536278E-4
2.2684228 1.515574E-4
2.2686694 1.527238E-4
2.2689160 1.533475E-4
2.2691626 1.515841E-4
2.2694092 1.485334E-4
2.2696557 1.469104E-4
2.2699023 1.477415E-4
2.2701489 1.480160E-4
2.2703955 1.478093E-4
2.2706421 1.484884E-4
2.2708887 1.496017E-4
2.2711353 1.505576E-4
2.2713819 1.508964E-4
2.2716285 1.499076E-4
2.2718751 1.478977E-4
2.2721217 1.472007E-4
2.2723683 1.472514E-4
2.2726149 1.464629E-4
2.2728615 1.466614E-4
2.2731080 1.480294E-4
2.2733546 1.485289E-4
2.2736012 1.497335E-4
2.2738478 1.523847E-4
2.2740944 1.528099E-4
2.2743410 1.514701E-4
2.2745876 1.513282E-4
2.2748342 1.539910E-4
2.2750808 1.582198E-4
2.2753274 1.599261E-4
2.2755740 1.573789E-4
2.2758206 1.516940E-4
2.2760672 1.479919E-4
2.2763137 1.472560E-4
2.2765603 1.472284E-4
2.2768069 1.461286E-4
2.2770535 1.448090E-4
2.2773001 1.472784E-4
2.2775467 1.508004E-4
2.2777933 1.517115E-4
2.2780399 1.515001E-4
2.2782865 1.509027E-4
2.2785331 1.497945E-4
2.2787797 1.479083E-4
2.2790263 1.459738E-4
2.2792729 1.461145E-4
2.2795195 1.470862E-4
2.2797660 1.469487E-4
2.2800126 1.462146E-4
2.2802592 1.458996E-4
2.2805058 1.469100E-4
2.2807524 1.479850E-4
2.2809990 1.487618E-4
2.2812456 1.511954E-4
2.2814922 1.544742E-4
2.2817388 1.565595E-4
2.2819854 1.558416E-4
2.2822320 1.531965E-4
2.2824786 1.514361E-4
2.2827252 1.513553E-4
2.2829718 1.521384E-4
2.2832183 1.513697E-4
2.2834649 1.492964E-4
2.2837115 1.474201E-4
2.2839581 1.459943E-4
2.2842047 1.453295E-4
2.2844513 1.458498E-4
2.2846979 1.488290E-4
2.2849445 1.536401E-4
2.2851911 1.558380E-4
2.2854377 1.544522E-4
2.2856843 1.513352E-4
2.2859309 1.502012E-4
2.2861775 1.520010E-4
2.2864240 1.541542E-4
2.2866706 1.550199E-4
2.2869172 1.541976E-4
2.2871638 1.530938E-4
2.2874104 1.535903E-4
2.2876570 1.567357E-4
2.2879036 1.599249E-4
2.2881502 1.609794E-4
2.2883968 1.594902E-4
2.2886434 1.575639E-4
2.2888900 1.566881E-4
2.2891366 1.542588E-4
2.2893832 1.519528E-4
2.2896298 1.532860E-4
2.2898763 1.554490E-4
2.2901229 1.567935E-4
2.2903695 1.588925E-4
2.2906161 1.601020E-4
2.2908627 1.587473E-4
2.2911093 1.563344E-4
2.2913559 1.528546E-4
2.2916025 1.478826E-4
2.2918491 1.463745E-4
2.2920957 1.502068E-4
2.2923423 1.551167E-4
2.2925889 1.563500E-4
2.2928355 1.512543E-4
2.2930820 1.429167E-4
2.2933286 1.350700E-4
2.2935752 1.306123E-4
2.2938218 1.300858E-4
2.2940684 1.316695E-4
2.2943150 1.314045E-4
2.2945616 1.303644E-4
2.2948082 1.309547E-4
2.2950548 1.315649E-4
2.2953014 1.313710E-4
2.2955480 1.307481E-4
2.2957946 1.313501E-4
2.2960412 1.326913E-4
2.2962878 1.299244E-4
2.2965343 1.278453E-4
2.2967809 1.327535E-4
2.2970275 1.387010E-4
2.2972741 1.418064E-4
2.2975207 1.422934E-4
2.2977673 1.397054E-4
2.2980139 1.354459E-4
2.2982605 1.341431E-4
2.2985071 1.349046E-4
2.2987537 1.347262E-4
2.2990003 1.357776E-4
2.2992469 1.381397E-4
2.2994935 1.391638E-4
2.2997401 1.400212E-4
2.2999866 1.418663E-4
2.3002332 1.432311E-4
2.3004798 1.433812E-4
2.3007264 1.423915E-4
2.3009730 1.413061E-4
2.3012196 1.407294E-4
2.3014662 1.404646E-4
2.3017128 1.408468E-4
2.3019594 1.423148E-4
2.3022060 1.453020E-4
2.3024526 1.482411E-4
2.3026992 1.488617E-4
2.3029458 1.473525E-4
2.3031923 1.455383E-4
2.3034389 1.462366E-4
2.3036855 1.468214E-4
2.3039321 1.446034E-4
2.3041787 1.423546E-4
2.3044253 1.417013E-4
2.3046719 1.426355E-4
2.3049185 1.437023E-4
2.3051651 1.428491E-4
2.3054117 1.381254E-4
2.3056583 1.355741E-4
2.3059049 1.401881E-4
2.3061515 1.445012E-4
2.3063981 1.458645E-4
2.3066446 1.465479E-4
2.3068912 1.470459E-4
2.3071378 1.472469E-4
2.3073844 1.464923E-4
2.3076310 1.455240E-4
2.3078776 1.457711E-4
2.3081242 1.492093E-4
2.3083708 1.528281E-4
2.3086174 1.506671E-4
2.3088640 1.462682E-4
2.3091106 1.437156E-4
2.3093572 1.432051E-4
2.3096038 1.428126E-4
2.3098503 1.410654E-4
2.3100969 1.426167E-4
2.3103435 1.458451E-4
2.3105901 1.435690E-4
2.3108367 1.392377E-4
2.3110833 1.371542E-4
2.3113299 1.368882E-4
2.3115765 1.382714E-4
2.3118231 1.407866E-4
2.3120697 1.424602E-4
2.3123163 1.426386E-4
2.3125629 1.423625E-4
2.3128095 1.431815E-4
2.3130561 1.450830E-4
2.3133026 1.446101E-4
2.3135492 1.419250E-4
2.3137958 1.396145E-4
2.3140424 1.409054E-4
2.3142890 1.437088E-4
2.3145356 1.406531E-4
2.3147822 1.353302E-4
2.3150288 1.338132E-4
2.3152754 1.385885E-4
2.3155220 1.451403E-4
2.3157686 1.462674E-4
2.3160152 1.431168E-4
2.3162618 1.397051E-4
2.3165084 1.406683E-4
2.3167549 1.443685E-4
2.3170015 1.467448E-4
2.3172481 1.446100E-4
2.3174947 1.398895E-4
2.3177413 1.377297E-4
2.3179879 1.407897E-4
2.3182345 1.473784E-4
2.3184811 1.510551E-4
2.3187277 1.505432E-4
2.3189743 1.473696E-4
2.3192209 1.432013E-4
2.3194675 1.418453E-4
2.3197141 1.465689E-4
2.3199606 1.500478E-4
2.3202072 1.473949E-4
2.3204538 1.418683E-4
2.3207004 1.379905E-4
2.3209470 1.389829E-4
2.3211936 1.429619E-4
2.3214402 1.460266E-4
2.3216868 1.442680E-4
2.3219334 1.394225E-4
2.3221800 1.340264E-4
2.3224266 1.287306E-4
2.3226732 1.263387E-4
2.3229198 1.285026E-4
2.3231664 1.302344E-4
2.3234129 1.298278E-4
2.3236595 1.296662E-4
2.3239061 1.313078E-4
2.3241527 1.347276E-4
2.3243993 1.374485E-4
2.3246459 1.379027E-4
2.3248925 1.362537E-4
2.3251391 1.365750E-4
2.3253857 1.391655E-4
2.3256323 1.400453E-4
2.3258789 1.404406E-4
2.3261255 1.413101E-4
2.3263721 1.398520E-4
2.3266186 1.363153E-4
2.3268652 1.333172E-4
2.3271118 1.360482E-4
2.3273584 1.421396E-4
2.3276050 1.413363E-4
2.3278516 1.375790E-4
2.3280982 1.363846E-4
2.3283448 1.348525E-4
2.3285914 1.346890E-4
2.3288380 1.390301E-4
2.3290846 1.436970E-4
2.3293312 1.453711E-4
2.3295778 1.440005E-4
2.3298244 1.395245E-4
2.3300709 1.336025E-4
2.3303175 1.315058E-4
2.3305641 1.328395E-4
2.3308107 1.336750E-4
2.3310573 1.349870E-4
2.3313039 1.373555E-4
2.3315505 1.394949E-4
2.3317971 1.416216E-4
2.3320437 1.436142E-4
2.3322903 1.427302E-4
2.3325369 1.398724E-4
2.3327835 1.385119E-4
2.3330301 1.401483E-4
2.3332767 1.428467E-4
2.3335232 1.407284E-4
2.3337698 1.373607E-4
2.3340164 1.383184E-4
2.3342630 1.419732E-4
2.3345096 1.453442E-4
2.3347562 1.456208E-4
2.3350028 1.433809E-4
2.3352494 1.404051E-4
2.3354960 1.383673E-4
2.3357426 1.396096E-4
2.3359892 1.445555E-4
2.3362358 1.472778E-4
2.3364824 1.455094E-4
2.3367289 1.416022E-4
2.3369755 1.380795E-4
2.3372221 1.366786E-4
2.3374687 1.371920E-4
2.3377153 1.396469E-4
2.3379619 1.437044E-4
2.3382085 1.478683E-4
2.3384551 1.493353E-4
2.3387017 1.451716E-4
2.3389483 1.390437E-4
2.3391949 1.353923E-4
2.3394415 1.355466E-4
2.3396881 1.376556E-4
2.3399347 1.388464E-4
2.3401812 1.398309E-4
2.3404278 1.415283E-4
2.3406744 1.441303E-4
2.3409210 1.446056E-4
2.3411676 1.411249E-4
2.3414142 1.366064E-4
2.3416608 1.350257E-4
2.3419074 1.390144E-4
2.3421540 1.445543E-4
2.3424006 1.478909E-4
2.3426472 1.478941E-4
2.3428938 1.455857E-4
2.3431404 1.427976E-4
2.3433869 1.404911E-4
2.3436335 1.403058E-4
2.3438801 1.431340E-4
2.3441267 1.444060E-4
2.3443733 1.419917E-4
2.3446199 1.388036E-4
2.3448665 1.357692E-4
2.3451131 1.337105E-4
2.3453597 1.351802E-4
2.3456063 1.399272E-4
2.3458529 1.453285E-4
2.3460995 1.488293E-4
2.3463461 1.485761E-4
2.3465927 1.440122E-4
2.3468392 1.398407E-4
2.3470858 1.404417E-4
2.3473324 1.426385E-4
2.3475790 1.442400E-4
2.3478256 1.450025E-4
2.3480722 1.465248E-4
2.3483188 1.493259E-4
2.3485654 1.512258E-4
2.3488120 1.515408E-4
2.3490586 1.499510E-4
2.3493052 1.438493E-4
2.3495518 1.373494E-4
2.3497984 1.389308E-4
2.3500450 1.442468E-4
2.3502915 1.473392E-4
2.3505381 1.465914E-4
2.3507847 1.437573E-4
2.3510313 1.417758E-4
2.3512779 1.406218E-4
2.3515245 1.398911E-4
2.3517711 1.392604E-4
2.3520177 1.403631E-4
2.3522643 1.422465E-4
2.3525109 1.376801E-4
2.3527575 1.321224E-4
2.3530041 1.346122E-4
2.3532507 1.389416E-4
2.3534972 1.396454E-4
2.3537438 1.358008E-4
2.3539904 1.327690E-4
2.3542370 1.348915E-4
2.3544836 1.391714E-4
2.3547302 1.430048E-4
2.3549768 1.449505E-4
2.3552234 1.465405E-4
2.3554700 1.470259E-4
2.3557166 1.427126E-4
2.3559632 1.374215E-4
2.3562098 1.357307E-4
2.3564564 1.371889E-4
2.3567030 1.406997E-4
2.3569495 1.445206E-4
2.3571961 1.448111E-4
2.3574427 1.411055E-4
2.3576893 1.377076E-4
2.3579359 1.366286E-4
2.3581825 1.376529E-4
2.3584291 1.375305E-4
2.3586757 1.363464E-4
2.3589223 1.365286E-4
2.3591689 1.370505E-4
2.3594155 1.378391E-4
2.3596621 1.411455E-4
2.3599087 1.429154E-4
2.3601552 1.397250E-4
2.3604018 1.377466E-4
2.3606484 1.382606E-4
2.3608950 1.381029E-4
2.3611416 1.379131E-4
2.3613882 1.387181E-4
2.3616348 1.407809E-4
2.3618814 1.427265E-4
2.3621280 1.429656E-4
2.3623746 1.417648E-4
2.3626212 1.398081E-4
2.3628678 1.379466E-4
2.3631144 1.371973E-4
2.3633610 1.382340E-4
2.3636075 1.411683E-4
2.3638541 1.437424E-4
2.3641007 1.439319E-4
2.3643473 1.448151E-4
2.3645939 1.465059E-4
2.3648405 1.458874E-4
2.3650871 1.437956E-4
2.3653337 1.420563E-4
2.3655803 1.420201E-4
2.3658269 1.427156E-4
2.3660735 1.424619E-4
2.3663201 1.423004E-4
2.3665667 1.427038E-4
2.3668133 1.430236E-4
2.3670598 1.425850E-4
2.3673064 1.408537E-4
2.3675530 1.375030E-4
2.3677996 1.349972E-4
2.3680462 1.362891E-4
2.3682928 1.397062E-4
2.3685394 1.429086E-4
2.3687860 1.442173E-4
2.3690326 1.440171E-4
2.3692792 1.435319E-4
2.3695258 1.438701E-4
2.3697724 1.439514E-4
2.3700190 1.419689E-4
2.3702655 1.395445E-4
2.3705121 1.388141E-4
2.3707587 1.412539E-4
2.3710053 1.450541E-4
2.3712519 1.476236E-4
2.3714985 1.478802E-4
2.3717451 1.476796E-4
2.3719917 1.498877E-4
2.3722383 1.518132E-4
2.3724849 1.509339E-4
2.3727315 1.470655E-4
2.3729781 1.443687E-4
2.3732247 1.460641E-4
2.3734713 1.474621E-4
2.3737178 1.469106E-4
2.3739644 1.459916E-4
2.3742110 1.462249E-4
2.3744576 1.471432E-4
2.3747042 1.452254E-4
2.3749508 1.419910E-4
2.3751974 1.404622E-4
2.3754440 1.406170E-4
2.3756906 1.415093E-4
2.3759372 1.417583E-4
2.3761838 1.399766E-4
2.3764304 1.368209E-4
2.3766770 1.359797E-4
2.3769235 1.393382E-4
2.3771701 1.461304E-4
2.3774167 1.513204E-4
2.3776633 1.511057E-4
2.3779099 1.447365E-4
2.3781565 1.366906E-4
2.3784031 1.322297E-4
2.3786497 1.344264E-4
2.3788963 1.395536E-4
2.3791429 1.418105E-4
2.3793895 1.423649E-4
2.3796361 1.427088E-4
2.3798827 1.433200E-4
2.3801293 1.454107E-4
2.3803758 1.474475E-4
2.3806224 1.419325E-4
2.3808690 1.343302E-4
2.3811156 1.348103E-4
2.3813622 1.390715E-4
2.3816088 1.427829E-4
2.3818554 1.449340E-4
2.3821020 1.440034E-4
2.3823486 1.402455E-4
2.3825952 1.374437E-4
2.3828418 1.366161E-4
2.3830884 1.365741E-4
2.3833350 1.360647E-4
2.3835816 1.351696E-4
2.3838281 1.357030E-4
2.3840747 1.367690E-4
2.3843213 1.375664E-4
2.3845679 1.402769E-4
2.3848145 1.443178E-4
2.3850611 1.470452E-4
2.3853077 1.461626E-4
2.3855543 1.421208E-4
2.3858009 1.388597E-4
2.3860475 1.379658E-4
2.3862941 1.390748E-4
2.3865407 1.398272E-4
2.3867873 1.395468E-4
2.3870338 1.394042E-4
2.3872804 1.426041E-4
2.3875270 1.480535E-4
2.3877736 1.478611E-4
2.3880202 1.430470E-4
2.3882668 1.389568E-4
2.3885134 1.409097E-4
2.3887600 1.460156E-4
2.3890066 1.457968E-4
2.3892532 1.434418E-4
2.3894998 1.432900E-4
2.3897464 1.459326E-4
2.3899930 1.489966E-4
2.3902396 1.496815E-4
2.3904861 1.493803E-4
2.3907327 1.482949E-4
2.3909793 1.452286E-4
2.3912259 1.408911E-4
2.3914725 1.367752E-4
2.3917191 1.346347E-4
2.3919657 1.345227E-4
2.3922123 1.354115E-4
2.3924589 1.361779E-4
2.3927055 1.368298E-4
2.3929521 1.385151E-4
2.3931987 1.414044E-4
2.3934453 1.450109E-4
2.3936918 1.482421E-4
2.3939384 1.504035E-4
2.3941850 1.508204E-4
2.3944316 1.469351E-4
2.3946782 1.401935E-4
2.3949248 1.363585E-4
2.3951714 1.352289E-4
2.3954180 1.354037E-4
2.3956646 1.379380E-4
2.3959112 1.412345E-4
2.3961578 1.424597E-4
2.3964044 1.404486E-4
2.3966510 1.367071E-4
2.3968976 1.351911E-4
2.3971441 1.357641E-4
2.3973907 1.365651E-4
2.3976373 1.356380E-4
2.3978839 1.347605E-4
2.3981305 1.373295E-4
2.3983771 1.410581E-4
2.3986237 1.437471E-4
2.3988703 1.452331E-4
2.3991169 1.455878E-4
2.3993635 1.451211E-4
2.3996101 1.440797E-4
2.3998567 1.431262E-4
2.4001033 1.427985E-4
2.4003499 1.408633E-4
2.4005964 1.371326E-4
2.4008430 1.353699E-4
2.4010896 1.351773E-4
2.4013362 1.353353E-4
2.4015828 1.384959E-4
2.4018294 1.429565E-4
2.4020760 1.438817E-4
2.4023226 1.411195E-4
2.4025692 1.373888E-4
2.4028158 1.374470E-4
2.4030624 1.417347E-4
2.4033090 1.470416E-4
2.4035556 1.461526E-4
2.4038021 1.398902E-4
2.4040487 1.363813E-4
2.4042953 1.364139E-4
2.4045419 1.382800E-4
2.4047885 1.398321E-4
2.4050351 1.405764E-4
2.4052817 1.411424E-4
2.4055283 1.421133E-4
2.4057749 1.435611E-4
2.4060215 1.449113E-4
2.4062681 1.451117E-4
2.4065147 1.436499E-4
2.4067613 1.412321E-4
2.4070079 1.398883E-4
2.4072544 1.412531E-4
2.4075010 1.429787E-4
2.4077476 1.431993E-4
2.4079942 1.417553E-4
2.4082408 1.391598E-4
2.4084874 1.371234E-4
2.4087340 1.388560E-4
2.4089806 1.449833E-4
2.4092272 1.531290E-4
2.4094738 1.553831E-4
2.4097204 1.516231E-4
2.4099670 1.518725E-4
2.4102136 1.545145E-4
2.4104601 1.545606E-4
2.4107067 1.499339E-4
2.4109533 1.443563E-4
2.4111999        nan
2.4114465        nan
2.4116931        nan
2.4119397        nan
2.4121863        nan
2.4124329        nan
2.4126795        nan
2.4129261        nan
2.4131727        nan
2.4134193        nan
2.4136659        nan
2.4139124        nan
2.4141590        nan
2.4144056        nan
2.4146522        nan
2.4148988        nan
2.4151454        nan
2.4153920        nan
2.4156386        nan
2.4158852        nan
2.4161318        nan
2.4163784        nan
2.4166250        nan
2.4168716        nan
2.4171182        nan
2.4173647        nan
2.4176113        nan
2.4178579        nan
2.4181045        nan
2.4183511        nan
2.4185977        nan
2.4188443        nan
2.4190909        nan
2.4193375        nan
2.4195841        nan
2.4198307        nan
2.4200773        nan
2.4203239        nan
2.4205704        nan
2.4208170        nan
2.4210636        nan
2.4213102        nan
2.4215568        nan
2.4218034        nan
2.4220500        nan
2.4222966        nan
2.4225432        nan
2.4227898        nan
2.4230364        nan
2.4232830        nan
2.4235296        nan
2.4237762        nan
2.4240227        nan
2.4242693        nan
2.4245159        nan
2.4247625        nan
2.4250091        nan
2.4252557        nan
2.4255023        nan
2.4257489        nan
2.4259955        nan
2.4262421        nan
2.4264887        nan
2.4267353        nan
2.4269819        nan
2.4272284        nan
2.4274750        nan
2.4277216        nan
2.4279682        nan
2.4282148        nan
2.4284614        nan
2.4287080        nan
2.4289546        nan
2.4292012        nan
2.4294478        nan
2.4296944        nan
2.4299410        nan
2.4301876        nan
2.4304342        nan
2.4306807        nan
2.4309273        nan
2.4311739        nan
2.4314205        nan
2.4316671        nan
2.4319137        nan
2.4321603        nan
2.4324069        nan
2.4326535        nan
2.4329001        nan
2.4331467        nan
2.4333933        nan
2.4336399        nan
2.4338865        nan
2.4341330        nan
2.4343796        nan
2.4346262        nan
2.4348728        nan
2.4351194        nan
2.4353660        nan
2.4356126        nan
2.4358592        nan
2.4361058        nan
2.4363524        nan
2.4365990        nan
2.4368456        nan
2.4370922        nan
2.4373387        nan
2.4375853        nan
2.4378319        nan
2.4380785        nan
2.4383251        nan
2.4385717        nan
2.4388183        nan
2.4390649        nan
2.4393115        nan
2.4395581        nan
2.4398047        nan
2.4400513        nan
2.4402979        nan
2.4405445        nan
2.4407910        nan
2.4410376        nan
2.4412842        nan
2.4415308        nan
2.4417774        nan
2.4420240        nan
2.4422706        nan
2.4425172        nan
2.4427638        nan
2.4430104        nan
2.4432570        nan
2.4435036        nan
2.4437502        nan
2.4439967        nan
2.4442433        nan
2.4444899        nan
2.4447365        nan
2.4449831        nan
2.4452297        nan
2.4454763        nan
2.4457229        nan
2.4459695        nan
2.4462161        nan
2.4464627        nan
2.4467093        nan
2.4469559        nan
2.4472025        nan
2.4474490        nan
2.4476956        nan
2.4479422        nan
2.4481888        nan
2.4484354        nan
2.4486820        nan
2.4489286        nan
2.4491752        nan
2.4494218        nan
2.4496684        nan
2.4499150        nan
2.4501616        nan
2.4504082        nan
2.4506548        nan
2.4509013        nan
2.4511479        nan
2.4513945        nan
2.4516411        nan
2.4518877        nan
2.4521343        nan
2.4523809        nan
2.4526275        nan
2.4528741        nan
2.4531207        nan
2.4533673        nan
2.4536139        nan
2.4538605        nan
2.4541070        nan
2.4543536        nan
2.4546002        nan
2.4548468        nan
2.4550934        nan
2.4553400        nan
2.4555866        nan
2.4558332        nan
2.4560798        nan
2.4563264        nan
2.4565730        nan
2.4568196        nan
2.4570662        nan
2.4573128        nan
2.4575593        nan
2.4578059        nan
2.4580525        nan
2.4582991        nan
2.4585457        nan
2.4587923        nan
2.4590389        nan
2.4592855        nan
2.4595321        nan
2.4597787        nan
2.4600253        nan
2.4602719        nan
2.4605185        nan
2.4607650        nan
2.4610116        nan
2.4612582        nan
2.4615048        nan
2.4617514        nan
2.4619980        nan
2.4622446        nan
2.4624912        nan
2.4627378        nan
2.4629844        nan
2.4632310        nan
2.4634776        nan
2.4637242        nan
2.4639708        nan
2.4642173        nan
2.4644639        nan
2.4647105        nan
2.4649571        nan
2.4652037        nan
2.4654503        nan
2.4656969        nan
2.4659435        nan
2.4661901        nan
2.4664367        nan
2.4666833        nan
2.4669299        nan
2.4671765        nan
2.4674231        nan
2.4676696        nan
2.4679162        nan
2.4681628        nan
2.4684094        nan
2.4686560        nan
2.4689026        nan
2.4691492        nan
2.4693958        nan
2.4696424        nan
2.4698890        nan
2.4701356        nan
2.4703822        nan
2.4706288        nan
2.4708753        nan
2.4711219        nan
2.4713685        nan
2.4716151        nan
2.4718617        nan
2.4721083        nan
2.4723549        nan
2.4726015        nan
2.4728481        nan
2.4730947        nan
2.4733413        nan
2.4735879        nan
2.4738345        nan
2.4740811        nan
2.4743276        nan
2.4745742        nan
2.4748208        nan
2.4750674        nan
2.4753140        nan
2.4755606        nan
2.4758072        nan
2.4760538        nan
2.4763004        nan
2.4765470        nan
2.4767936        nan
2.4770402        nan
2.4772868        nan
2.4775333 1.332225E-4
2.4777799 1.313699E-4
2.4780265 1.300630E-4
2.4782731 1.289607E-4
2.4785197 1.275588E-4
2.4787663 1.264536E-4
2.4790129 1.256928E-4
2.4792595 1.242588E-4
2.4795061 1.250304E-4
2.4797527 1.295006E-4
2.4799993 1.312752E-4
2.4802459 1.303562E-4
2.4804925 1.311225E-4
2.4807391 1.300199E-4
2.4809856 1.258189E-4
2.4812322 1.230970E-4
2.4814788 1.234703E-4
2.4817254 1.259273E-4
2.4819720 1.262463E-4
2.4822186 1.233831E-4
2.4824652 1.197616E-4
2.4827118 1.192971E-4
2.4829584 1.233340E-4
2.4832050 1.283447E-4
2.4834516 1.324377E-4
2.4836982 1.350644E-4
2.4839448 1.368821E-4
2.4841914 1.381061E-4
2.4844379 1.384451E-4
2.4846845 1.391981E-4
2.4849311 1.408049E-4
2.4851777 1.414332E-4
2.4854243 1.411879E-4
2.4856709 1.405801E-4
2.4859175 1.371647E-4
2.4861641 1.322769E-4
2.4864107 1.307537E-4
2.4866573 1.323003E-4
2.4869039 1.344614E-4
2.4871505 1.340610E-4
2.4873971 1.319123E-4
2.4876436 1.305665E-4
2.4878902 1.291019E-4
2.4881368 1.277217E-4
2.4883834 1.281415E-4
2.4886300 1.299444E-4
2.4888766 1.313236E-4
2.4891232 1.290675E-4
2.4893698 1.255607E-4
2.4896164 1.252894E-4
2.4898630 1.258353E-4
2.4901096 1.252129E-4
2.4903562 1.237186E-4
2.4906028 1.218675E-4
2.4908494 1.203667E-4
2.4910959 1.196287E-4
2.4913425 1.213981E-4
2.4915891 1.270893E-4
2.4918357 1.324129E-4
2.4920823 1.353948E-4
2.4923289 1.387987E-4
2.4925755 1.389821E-4
2.4928221 1.338186E-4
2.4930687 1.313570E-4
2.4933153 1.336263E-4
2.4935619 1.373346E-4
2.4938085 1.412162E-4
2.4940551 1.434615E-4
2.4943016 1.415306E-4
2.4945482 1.369447E-4
2.4947948 1.329805E-4
2.4950414 1.324445E-4
2.4952880 1.345626E-4
2.4955346 1.359838E-4
2.4957812 1.367173E-4
2.4960278 1.366723E-4
2.4962744 1.343578E-4
2.4965210 1.307457E-4
2.4967676 1.278044E-4
2.4970142 1.270700E-4
2.4972608 1.271009E-4
2.4975074 1.245400E-4
2.4977539 1.207731E-4
2.4980005 1.183123E-4
2.4982471 1.189117E-4
2.4984937 1.224087E-4
2.4987403 1.272269E-4
2.4989869 1.312359E-4
2.4992335 1.331133E-4
2.4994801 1.327708E-4
2.4997267 1.314907E-4
2.4999733 1.301448E-4
2.5002199 1.277421E-4
2.5004665 1.261205E-4
2.5007131 1.276411E-4
2.5009597 1.306991E-4
2.5012062 1.334540E-4
2.5014528 1.348509E-4
2.5016994 1.353334E-4
2.5019460 1.359155E-4
2.5021926 1.376881E-4
2.5024392 1.378527E-4
2.5026858 1.331278E-4
2.5029324 1.285579E-4
2.5031790 1.262161E-4
2.5034256 1.229481E-4
2.5036722 1.217285E-4
2.5039188 1.249232E-4
2.5041654 1.288305E-4
2.5044119 1.306933E-4
2.5046585 1.296975E-4
2.5049051 1.294637E-4
2.5051517 1.304830E-4
2.5053983 1.281588E-4
2.5056449 1.222977E-4
2.5058915 1.157020E-4
2.5061381 1.140485E-4
2.5063847 1.165710E-4
2.5066313 1.185455E-4
2.5068779 1.230935E-4
2.5071245 1.305623E-4
2.5073711 1.352253E-4
2.5076177 1.366058E-4
2.5078642 1.360912E-4
2.5081108 1.331278E-4
2.5083574 1.298562E-4
2.5086040 1.296837E-4
2.5088506 1.309566E-4
2.5090972 1.316706E-4
2.5093438 1.314791E-4
2.5095904 1.321180E-4
2.5098370 1.345970E-4
2.5100836 1.341709E-4
2.5103302 1.315418E-4
2.5105768 1.318898E-4
2.5108234 1.328170E-4
2.5110699 1.317532E-4
2.5113165 1.294141E-4
2.5115631 1.278495E-4
2.5118097 1.283774E-4
2.5120563 1.274507E-4
2.5123029 1.242133E-4
2.5125495 1.212495E-4
2.5127961 1.220265E-4
2.5130427 1.269691E-4
2.5132893 1.304551E-4
2.5135359 1.313875E-4
2.5137825 1.315545E-4
2.5140291 1.326945E-4
2.5142757 1.344310E-4
2.5145222 1.341841E-4
2.5147688 1.298790E-4
2.5150154 1.226902E-4
2.5152620 1.198058E-4
2.5155086 1.207915E-4
2.5157552 1.214392E-4
2.5160018 1.238577E-4
2.5162484 1.281157E-4
2.5164950 1.310156E-4
2.5167416 1.340206E-4
2.5169882 1.377207E-4
2.5172348 1.369566E-4
2.5174814 1.325948E-4
2.5177280 1.292494E-4
2.5179745 1.284305E-4
2.5182211 1.300745E-4
2.5184677 1.327698E-4
2.5187143 1.338880E-4
2.5189609 1.320078E-4
2.5192075 1.294960E-4
2.5194541 1.282347E-4
2.5197007 1.288431E-4
2.5199473 1.294513E-4
2.5201939 1.287211E-4
2.5204405 1.270998E-4
2.5206871 1.266704E-4
2.5209337 1.288084E-4
2.5211802 1.312015E-4
2.5214268 1.320136E-4
2.5216734 1.306099E-4
2.5219200 1.278861E-4
2.5221666 1.258011E-4
2.5224132 1.268207E-4
2.5226598 1.304831E-4
2.5229064 1.344012E-4
2.5231530 1.350806E-4
2.5233996 1.323616E-4
2.5236462 1.290538E-4
2.5238928 1.255891E-4
2.5241394 1.228944E-4
2.5243860 1.235664E-4
2.5246325 1.260415E-4
2.5248791 1.275376E-4
2.5251257 1.286681E-4
2.5253723 1.294727E-4
2.5256189 1.292442E-4
2.5258655 1.289787E-4
2.5261121 1.293001E-4
2.5263587 1.292305E-4
2.5266053 1.289842E-4
2.5268519 1.292935E-4
2.5270985 1.307205E-4
2.5273451 1.313001E-4
2.5275917 1.273761E-4
2.5278382 1.238508E-4
2.5280848 1.246734E-4
2.5283314 1.260571E-4
2.5285780 1.264358E-4
2.5288246 1.261862E-4
2.5290712 1.268283E-4
2.5293178 1.293948E-4
2.5295644 1.337431E-4
2.5298110 1.367713E-4
2.5300576 1.371704E-4
2.5303042 1.401436E-4
2.5305508 1.437105E-4
2.5307974 1.422864E-4
2.5310440 1.365964E-4
2.5312905 1.295622E-4
2.5315371 1.248827E-4
2.5317837 1.260420E-4
2.5320303 1.326164E-4
2.5322769 1.361780E-4
2.5325235 1.330124E-4
2.5327701 1.249725E-4
2.5330167 1.193955E-4
2.5332633 1.204798E-4
2.5335099 1.256840E-4
2.5337565 1.318384E-4
2.5340031 1.363303E-4
2.5342497 1.391314E-4
2.5344963 1.398956E-4
2.5347428 1.381393E-4
2.5349894 1.347089E-4
2.5352360 1.312083E-4
2.5354826 1.296664E-4
2.5357292 1.285102E-4
2.5359758 1.258534E-4
2.5362224 1.241739E-4
2.5364690 1.235657E-4
2.5367156 1.220953E-4
2.5369622 1.206939E-4
2.5372088 1.207899E-4
2.5374554 1.232732E-4
2.5377020 1.270899E-4
2.5379485 1.304134E-4
2.5381951 1.325969E-4
2.5384417 1.325892E-4
2.5386883 1.294703E-4
2.5389349 1.259785E-4
2.5391815 1.251874E-4
2.5394281 1.286655E-4
2.5396747 1.325783E-4
2.5399213 1.324401E-4
2.5401679 1.321673E-4
2.5404145 1.334594E-4
2.5406611 1.343550E-4
2.5409077 1.338084E-4
2.5411543 1.317451E-4
2.5414008 1.293632E-4
2.5416474 1.294477E-4
2.5418940 1.336601E-4
2.5421406 1.365472E-4
2.5423872 1.347057E-4
2.5426338 1.291200E-4
2.5428804 1.230407E-4
2.5431270 1.198252E-4
2.5433736 1.209677E-4
2.5436202 1.239137E-4
2.5438668 1.247673E-4
2.5441134 1.251421E-4
2.5443600 1.263557E-4
2.5446065 1.279006E-4
2.5448531 1.302605E-4
2.5450997 1.331617E-4
2.5453463 1.340358E-4
2.5455929 1.319443E-4
2.5458395 1.280042E-4
2.5460861 1.267963E-4
2.5463327 1.294916E-4
2.5465793 1.317299E-4
2.5468259 1.305889E-4
2.5470725 1.264473E-4
2.5473191 1.265288E-4
2.5475657 1.304442E-4
2.5478123 1.320707E-4
2.5480588 1.305568E-4
2.5483054 1.270165E-4
2.5485520 1.235891E-4
2.5487986 1.219863E-4
2.5490452 1.226409E-4
2.5492918 1.234900E-4
2.5495384 1.235131E-4
2.5497850 1.231890E-4
2.5500316 1.247096E-4
2.5502782 1.285242E-4
2.5505248 1.315009E-4
2.5507714 1.338248E-4
2.5510180 1.366842E-4
2.5512646 1.391301E-4
2.5515111 1.396039E-4
2.5517577 1.367705E-4
2.5520043 1.332585E-4
2.5522509 1.307053E-4
2.5524975 1.268028E-4
2.5527441 1.224869E-4
2.5529907 1.200173E-4
2.5532373 1.196531E-4
2.5534839 1.221929E-4
2.5537305 1.285842E-4
2.5539771 1.341350E-4
2.5542237 1.357203E-4
2.5544703 1.368693E-4
2.5547168 1.373979E-4
2.5549634 1.355844E-4
2.5552100 1.328018E-4
2.5554566 1.305088E-4
2.5557032 1.295140E-4
2.5559498 1.290799E-4
2.5561964 1.284277E-4
2.5564430 1.278963E-4
2.5566896 1.288904E-4
2.5569362 1.325410E-4
2.5571828 1.365210E-4
2.5574294 1.385535E-4
2.5576760 1.376648E-4
2.5579226 1.363402E-4
2.5581691 1.364657E-4
2.5584157 1.350144E-4
2.5586623 1.330983E-4
2.5589089 1.338379E-4
2.5591555 1.349937E-4
2.5594021 1.345861E-4
2.5596487 1.326421E-4
2.5598953 1.296870E-4
2.5601419 1.264750E-4
2.5603885 1.236892E-4
2.5606351 1.205924E-4
2.5608817 1.164099E-4
2.5611283 1.161613E-4
2.5613748 1.223499E-4
2.5616214 1.317057E-4
2.5618680 1.380001E-4
2.5621146 1.364500E-4
2.5623612 1.292713E-4
2.5626078 1.216588E-4
2.5628544 1.191969E-4
2.5631010 1.215897E-4
2.5633476 1.257973E-4
2.5635942 1.275883E-4
2.5638408 1.286149E-4
2.5640874 1.313380E-4
2.5643340 1.304419E-4
2.5645806 1.273475E-4
2.5648271 1.290383E-4
2.5650737 1.325867E-4
2.5653203 1.344252E-4
2.5655669 1.350459E-4
2.5658135 1.339756E-4
2.5660601 1.310449E-4
2.5663067 1.281658E-4
2.5665533 1.272222E-4
2.5667999 1.292233E-4
2.5670465 1.322975E-4
2.5672931 1.344408E-4
2.5675397 1.355541E-4
2.5677863 1.346227E-4
2.5680329 1.313660E-4
2.5682794 1.302849E-4
2.5685260 1.319793E-4
2.5687726 1.322109E-4
2.5690192 1.321275E-4
2.5692658 1.323160E-4
2.5695124 1.283115E-4
2.5697590 1.231382E-4
2.5700056 1.232119E-4
2.5702522 1.294252E-4
2.5704988 1.382307E-4
2.5707454 1.428357E-4
2.5709920 1.450615E-4
2.5712386 1.475768E-4
2.5714851 1.470104E-4
2.5717317 1.434328E-4
2.5719783 1.395746E-4
2.5722249 1.387108E-4
2.5724715 1.409995E-4
2.5727181 1.424802E-4
2.5729647 1.402898E-4
2.5732113 1.340220E-4
2.5734579 1.275523E-4
2.5737045 1.245533E-4
2.5739511 1.267373E-4
2.5741977 1.302334E-4
2.5744443 1.313211E-4
2.5746909 1.290500E-4
2.5749374 1.261948E-4
2.5751840 1.259196E-4
2.5754306 1.274657E-4
2.5756772 1.299092E-4
2.5759238 1.321453E-4
2.5761704 1.295332E-4
2.5764170 1.220644E-4
2.5766636 1.179490E-4
2.5769102 1.163611E-4
2.5771568 1.143736E-4
2.5774034 1.173668E-4
2.5776500 1.235457E-4
2.5778966 1.253771E-4
2.5781431 1.253567E-4
2.5783897 1.263604E-4
2.5786363 1.269801E-4
2.5788829 1.279654E-4
2.5791295 1.308459E-4
2.5793761 1.363859E-4
2.5796227 1.436178E-4
2.5798693 1.499706E-4
2.5801159 1.519066E-4
2.5803625 1.484390E-4
2.5806091 1.437145E-4
2.5808557 1.388100E-4
2.5811023 1.334737E-4
2.5813489 1.300571E-4
2.5815954 1.293219E-4
2.5818420 1.299298E-4
2.5820886 1.314058E-4
2.5823352 1.326434E-4
2.5825818 1.306274E-4
2.5828284 1.281814E-4
2.5830750 1.297770E-4
2.5833216 1.313596E-4
2.5835682 1.307902E-4
2.5838148 1.300165E-4
2.5840614 1.298210E-4
2.5843080 1.296574E-4
2.5845546 1.262098E-4
2.5848012 1.244909E-4
2.5850477 1.318440E-4
2.5852943 1.405491E-4
2.5855409 1.444014E-4
2.5857875 1.437975E-4
2.5860341 1.410634E-4
2.5862807 1.388388E-4
2.5865273 1.379931E-4
2.5867739 1.369139E-4
2.5870205 1.333297E-4
2.5872671 1.304958E-4
2.5875137 1.304670E-4
2.5877603 1.317036E-4
2.5880069 1.332731E-4
2.5882534 1.345932E-4
2.5885000 1.353287E-4
2.5887466 1.361930E-4
2.5889932 1.379302E-4
2.5892398 1.357015E-4
2.5894864 1.292035E-4
2.5897330 1.266958E-4
2.5899796 1.300325E-4
2.5902262 1.361212E-4
2.5904728 1.368605E-4
2.5907194 1.329115E-4
2.5909660 1.322921E-4
2.5912126 1.345221E-4
2.5914592 1.372539E-4
2.5917057 1.391602E-4
2.5919523 1.374500E-4
2.5921989 1.311171E-4
2.5924455 1.266782E-4
2.5926921 1.259341E-4
2.5929387 1.254452E-4
2.5931853 1.277995E-4
2.5934319 1.341142E-4
2.5936785 1.401989E-4
2.5939251 1.405845E-4
2.5941717 1.324703E-4
2.5944183 1.233427E-4
2.5946649 1.192119E-4
2.5949114 1.214954E-4
2.5951580 1.266576E-4
2.5954046 1.307454E-4
2.5956512 1.332576E-4
2.5958978 1.338283E-4
2.5961444 1.326373E-4
2.5963910 1.312695E-4
2.5966376 1.311107E-4
2.5968842 1.326484E-4
2.5971308 1.329236E-4
2.5973774 1.299668E-4
2.5976240 1.267446E-4
2.5978706 1.250913E-4
2.5981172 1.255264E-4
2.5983637 1.275147E-4
2.5986103 1.308104E-4
2.5988569 1.358116E-4
2.5991035 1.399566E-4
2.5993501 1.411131E-4
2.5995967 1.408953E-4
2.5998433 1.402835E-4
2.6000899 1.394886E-4
2.6003365 1.389736E-4
2.6005831 1.378586E-4
2.6008297 1.337412E-4
2.6010763 1.291407E-4
2.6013229 1.272560E-4
2.6015695 1.269575E-4
2.6018160 1.292427E-4
2.6020626 1.358154E-4
2.6023092 1.414560E-4
2.6025558 1.428781E-4
2.6028024 1.425013E-4
2.6030490 1.403470E-4
2.6032956 1.368153E-4
2.6035422 1.368978E-4
2.6037888 1.391692E-4
2.6040354 1.375878E-4
2.6042820 1.352934E-4
2.6045286 1.356120E-4
2.6047752 1.379159E-4
2.6050217 1.405229E-4
2.6052683 1.415175E-4
2.6055149 1.397863E-4
2.6057615 1.374430E-4
2.6060081 1.386131E-4
2.6062547 1.412275E-4
2.6065013 1.427171E-4
2.6067479 1.433238E-4
2.6069945 1.420127E-4
2.6072411 1.379527E-4
2.6074877 1.324719E-4
2.6077343 1.292252E-4
2.6079809 1.325872E-4
2.6082275 1.363862E-4
2.6084740 1.359316E-4
2.6087206 1.367369E-4
2.6089672 1.383590E-4
2.6092138 1.376788E-4
2.6094604 1.360364E-4
2.6097070 1.352600E-4
2.6099536 1.366506E-4
2.6102002 1.400287E-4
2.6104468 1.441068E-4
2.6106934 1.467261E-4
2.6109400 1.475510E-4
2.6111866 1.473838E-4
2.6114332 1.453194E-4
2.6116797 1.431091E-4
2.6119263 1.454261E-4
2.6121729 1.477757E-4
2.6124195 1.456509E-4
2.6126661 1.431334E-4
2.6129127 1.420323E-4
2.6131593 1.417613E-4
2.6134059 1.401110E-4
2.6136525 1.372893E-4
2.6138991 1.371293E-4
2.6141457 1.386761E-4
2.6143923 1.394790E-4
2.6146389 1.386421E-4
2.6148855 1.370349E-4
2.6151320 1.365917E-4
2.6153786 1.378971E-4
2.6156252 1.403175E-4
2.6158718 1.420571E-4
2.6161184 1.422818E-4
2.6163650 1.409218E-4
2.6166116 1.383751E-4
2.6168582 1.357432E-4
2.6171048 1.343795E-4
2.6173514 1.349109E-4
2.6175980 1.365120E-4
2.6178446 1.365366E-4
2.6180912 1.362875E-4
2.6183378 1.377142E-4
2.6185843 1.380094E-4
2.6188309 1.373092E-4
2.6190775 1.385244E-4
2.6193241 1.410004E-4
2.6195707 1.431528E-4
2.6198173 1.437050E-4
2.6200639 1.426849E-4
2.6203105 1.408532E-4
2.6205571 1.379850E-4
2.6208037 1.367390E-4
2.6210503 1.415193E-4
2.6212969 1.465236E-4
2.6215435 1.467064E-4
2.6217900 1.451455E-4
2.6220366 1.435987E-4
2.6222832 1.426465E-4
2.6225298 1.418720E-4
2.6227764 1.415938E-4
2.6230230 1.429636E-4
2.6232696 1.447957E-4
2.6235162 1.451395E-4
2.6237628 1.421942E-4
2.6240094 1.378563E-4
2.6242560 1.358565E-4
2.6245026 1.377085E-4
2.6247492 1.421586E-4
2.6249958 1.454685E-4
2.6252423 1.481857E-4
2.6254889 1.515466E-4
2.6257355 1.546755E-4
2.6259821 1.544081E-4
2.6262287 1.478529E-4
2.6264753 1.399458E-4
2.6267219 1.345551E-4
2.6269685 1.314726E-4
2.6272151 1.304256E-4
2.6274617 1.315142E-4
2.6277083 1.366434E-4
2.6279549 1.432986E-4
2.6282015 1.464678E-4
2.6284480 1.459310E-4
2.6286946 1.434281E-4
2.6289412 1.415910E-4
2.6291878 1.403853E-4
2.6294344 1.392048E-4
2.6296810 1.401832E-4
2.6299276 1.409178E-4
2.6301742 1.366018E-4
2.6304208 1.317978E-4
2.6306674 1.300085E-4
2.6309140 1.288314E-4
2.6311606 1.300167E-4
2.6314072 1.350199E-4
2.6316538 1.382582E-4
2.6319003 1.387165E-4
2.6321469 1.400125E-4
2.6323935 1.425842E-4
2.6326401 1.450773E-4
2.6328867 1.445613E-4
2.6331333 1.421132E-4
2.6333799 1.399399E-4
2.6336265 1.358593E-4
2.6338731 1.305964E-4
2.6341197 1.279210E-4
2.6343663 1.290219E-4
2.6346129 1.325368E-4
2.6348595 1.340730E-4
2.6351061 1.336861E-4
2.6353526 1.337653E-4
2.6355992 1.341844E-4
2.6358458 1.360473E-4
2.6360924 1.414717E-4
2.6363390 1.464133E-4
2.6365856 1.472698E-4
2.6368322 1.458391E-4
2.6370788 1.444575E-4
2.6373254 1.450928E-4
2.6375720 1.484180E-4
2.6378186 1.517422E-4
2.6380652 1.496224E-4
2.6383118 1.443848E-4
2.6385583 1.401806E-4
2.6388049 1.379923E-4
2.6390515 1.380393E-4
2.6392981 1.397156E-4
2.6395447 1.418487E-4
2.6397913 1.423504E-4
2.6400379 1.386254E-4
2.6402845 1.337135E-4
2.6405311 1.311023E-4
2.6407777 1.290903E-4
2.6410243 1.283636E-4
2.6412709 1.307715E-4
2.6415175 1.333881E-4
2.6417641 1.343331E-4
2.6420106 1.348375E-4
2.6422572 1.368170E-4
2.6425038 1.409824E-4
2.6427504 1.437762E-4
2.6429970 1.447736E-4
2.6432436 1.459925E-4
2.6434902 1.451798E-4
2.6437368 1.413804E-4
2.6439834 1.371403E-4
2.6442300 1.355840E-4
2.6444766 1.384070E-4
2.6447232 1.429327E-4
2.6449698 1.456100E-4
2.6452163 1.437251E-4
2.6454629 1.401516E-4
2.6457095 1.372707E-4
2.6459561 1.334221E-4
2.6462027 1.310064E-4
2.6464493 1.328537E-4
2.6466959 1.364121E-4
2.6469425 1.397762E-4
2.6471891 1.425294E-4
2.6474357 1.438739E-4
2.6476823 1.431869E-4
2.6479289 1.400589E-4
2.6481755 1.372870E-4
2.6484221 1.380069E-4
2.6486686 1.399896E-4
2.6489152 1.420635E-4
2.6491618 1.450318E-4
2.6494084 1.463735E-4
2.6496550 1.449791E-4
2.6499016 1.446795E-4
2.6501482 1.457990E-4
2.6503948 1.466328E-4
2.6506414 1.474664E-4
2.6508880 1.479479E-4
2.6511346 1.468578E-4
2.6513812 1.453351E-4
2.6516278 1.442257E-4
2.6518744 1.414343E-4
2.6521209 1.392272E-4
2.6523675 1.409498E-4
2.6526141 1.398069E-4
2.6528607 1.354617E-4
2.6531073 1.377244E-4
2.6533539 1.433040E-4
2.6536005 1.461482E-4
2.6538471 1.468673E-4
2.6540937 1.456087E-4
2.6543403 1.425735E-4
2.6545869 1.414108E-4
2.6548335 1.427461E-4
2.6550801 1.421703E-4
2.6553266 1.394657E-4
2.6555732 1.369566E-4
2.6558198 1.388121E-4
2.6560664 1.435450E-4
2.6563130 1.458062E-4
2.6565596 1.464308E-4
2.6568062 1.466200E-4
2.6570528 1.457158E-4
2.6572994 1.453214E-4
2.6575460 1.468605E-4
2.6577926 1.481027E-4
2.6580392 1.491634E-4
2.6582858 1.518974E-4
2.6585324 1.521669E-4
2.6587789 1.485111E-4
2.6590255 1.464910E-4
2.6592721 1.463398E-4
2.6595187 1.454223E-4
2.6597653 1.410670E-4
2.6600119 1.348256E-4
2.6602585 1.318227E-4
2.6605051 1.321395E-4
2.6607517 1.347772E-4
2.6609983 1.397966E-4
2.6612449 1.451236E-4
2.6614915 1.483789E-4
2.6617381 1.501079E-4
2.6619846 1.506230E-4
2.6622312 1.496572E-4
2.6624778 1.499964E-4
2.6627244 1.526730E-4
2.6629710 1.533154E-4
2.6632176 1.515611E-4
2.6634642 1.492186E-4
2.6637108 1.452503E-4
2.6639574 1.406396E-4
2.6642040 1.386773E-4
2.6644506 1.381567E-4
2.6646972 1.368981E-4
2.6649438 1.341691E-4
2.6651904 1.322692E-4
2.6654369 1.340314E-4
2.6656835 1.356652E-4
2.6659301 1.351851E-4
2.6661767 1.346572E-4
2.6664233 1.332867E-4
2.6666699 1.305780E-4
2.6669165 1.289914E-4
2.6671631 1.305529E-4
2.6674097 1.357762E-4
2.6676563 1.411443E-4
2.6679029 1.435880E-4
2.6681495 1.424452E-4
2.6683961 1.395333E-4
2.6686427 1.372505E-4
2.6688892 1.362366E-4
2.6691358 1.364621E-4
2.6693824 1.370596E-4
2.6696290 1.346989E-4
2.6698756 1.283260E-4
2.6701222 1.212524E-4
2.6703688 1.156672E-4
2.6706154 1.133904E-4
2.6708620 1.172675E-4
2.6711086 1.256704E-4
2.6713552 1.336953E-4
2.6716018 1.416720E-4
2.6718484 1.486683E-4
2.6720949 1.496142E-4
2.6723415 1.454590E-4
2.6725881 1.399563E-4
2.6728347 1.351752E-4
2.6730813 1.323250E-4
2.6733279 1.315569E-4
2.6735745 1.307023E-4
2.6738211 1.296595E-4
2.6740677 1.334271E-4
2.6743143 1.383898E-4
2.6745609 1.386997E-4
2.6748075 1.378279E-4
2.6750541 1.389985E-4
2.6753007 1.429317E-4
2.6755472 1.442534E-4
2.6757938 1.394124E-4
2.6760404 1.325300E-4
2.6762870 1.276421E-4
2.6765336 1.266230E-4
2.6767802 1.242255E-4
2.6770268 1.192297E-4
2.6772734 1.164614E-4
2.6775200 1.170273E-4
2.6777666 1.212382E-4
2.6780132 1.306948E-4
2.6782598 1.413954E-4
2.6785064 1.470854E-4
2.6787529 1.471594E-4
2.6789995 1.433040E-4
2.6792461 1.384188E-4
2.6794927 1.355127E-4
2.6797393 1.358618E-4
2.6799859 1.368002E-4
2.6802325 1.386801E-4
2.6804791 1.431377E-4
2.6807257 1.459229E-4
2.6809723 1.443788E-4
2.6812189 1.399363E-4
2.6814655 1.369231E-4
2.6817121 1.386126E-4
2.6819587 1.426257E-4
2.6822052 1.451475E-4
2.6824518 1.432101E-4
2.6826984 1.415664E-4
2.6829450 1.424479E-4
2.6831916 1.414470E-4
2.6834382 1.382788E-4
2.6836848 1.349826E-4
2.6839314 1.349437E-4
2.6841780 1.369081E-4
2.6844246 1.364961E-4
2.6846712 1.372549E-4
2.6849178 1.405238E-4
2.6851644 1.408425E-4
2.6854110 1.377049E-4
2.6856575 1.329794E-4
2.6859041 1.271192E-4
2.6861507 1.227592E-4
2.6863973 1.236098E-4
2.6866439 1.263825E-4
2.6868905 1.296419E-4
2.6871371 1.389392E-4
2.6873837 1.509980E-4
2.6876303 1.582043E-4
2.6878769 1.540151E-4
2.6881235 1.431150E-4
2.6883701 1.395680E-4
2.6886167 1.411316E-4
2.6888632 1.424532E-4
2.6891098 1.429530E-4
2.6893564 1.439275E-4
2.6896030 1.470362E-4
2.6898496 1.507837E-4
2.6900962 1.527788E-4
2.6903428 1.507999E-4
2.6905894 1.452772E-4
2.6908360 1.388158E-4
2.6910826 1.362291E-4
2.6913292 1.365389E-4
2.6915758 1.360369E-4
2.6918224 1.366990E-4
2.6920690 1.400330E-4
2.6923155 1.454293E-4
2.6925621 1.471674E-4
2.6928087 1.416739E-4
2.6930553 1.349945E-4
2.6933019 1.291212E-4
2.6935485 1.233104E-4
2.6937951 1.211079E-4
2.6940417 1.238140E-4
2.6942883 1.287405E-4
2.6945349 1.318735E-4
2.6947815 1.312269E-4
2.6950281 1.311219E-4
2.6952747 1.335166E-4
2.6955212 1.373139E-4
2.6957678 1.377114E-4
2.6960144 1.341659E-4
2.6962610 1.335010E-4
2.6965076 1.356607E-4
2.6967542 1.380214E-4
2.6970008 1.402938E-4
2.6972474 1.414063E-4
2.6974940 1.401526E-4
2.6977406 1.374259E-4
2.6979872 1.361066E-4
2.6982338 1.410038E-4
2.6984804 1.454716E-4
2.6987270 1.421049E-4
2.6989735 1.386149E-4
2.6992201 1.403366E-4
2.6994667 1.473430E-4
2.6997133 1.524488E-4
2.6999599 1.514091E-4
2.7002065 1.492775E-4
2.7004531 1.485351E-4
2.7006997 1.489330E-4
2.7009463 1.463035E-4
2.7011929 1.398973E-4
2.7014395 1.333420E-4
2.7016861 1.323104E-4
2.7019327 1.384569E-4
2.7021793 1.448396E-4
2.7024258 1.471405E-4
2.7026724 1.443456E-4
2.7029190 1.396352E-4
2.7031656 1.357591E-4
2.7034122 1.336345E-4
2.7036588 1.354913E-4
2.7039054 1.406997E-4
2.7041520 1.423643E-4
2.7043986 1.398863E-4
2.7046452 1.367876E-4
2.7048918 1.347308E-4
2.7051384 1.343388E-4
2.7053850 1.350674E-4
2.7056315 1.352474E-4
2.7058781 1.339766E-4
2.7061247 1.328966E-4
2.7063713 1.336448E-4
2.7066179 1.366882E-4
2.7068645 1.375979E-4
2.7071111 1.357242E-4
2.7073577 1.364586E-4
2.7076043 1.402171E-4
2.7078509 1.448342E-4
2.7080975 1.473707E-4
2.7083441 1.456742E-4
2.7085907 1.395757E-4
2.7088373 1.340655E-4
2.7090838 1.324571E-4
2.7093304 1.335382E-4
2.7095770 1.357180E-4
2.7098236 1.381082E-4
2.7100702 1.431527E-4
2.7103168 1.470418E-4
2.7105634 1.426760E-4
2.7108100 1.345528E-4
2.7110566 1.283330E-4
2.7113032 1.260453E-4
2.7115498 1.285984E-4
2.7117964 1.344129E-4
2.7120430 1.367447E-4
2.7122895 1.357335E-4
2.7125361 1.374157E-4
2.7127827 1.395056E-4
2.7130293 1.400344E-4
2.7132759 1.413844E-4
2.7135225 1.440737E-4
2.7137691 1.465791E-4
2.7140157 1.428942E-4
2.7142623 1.366107E-4
2.7145089 1.391468E-4
2.7147555 1.417153E-4
2.7150021 1.380539E-4
2.7152487 1.386126E-4
2.7154953 1.427038E-4
2.7157418 1.443681E-4
2.7159884 1.430082E-4
2.7162350 1.406648E-4
2.7164816 1.408837E-4
2.7167282 1.407981E-4
2.7169748 1.382346E-4
2.7172214 1.372049E-4
2.7174680 1.374581E-4
2.7177146 1.367445E-4
2.7179612 1.364909E-4
2.7182078 1.376675E-4
2.7184544 1.399099E-4
2.7187010 1.414445E-4
2.7189476 1.417609E-4
2.7191941 1.445787E-4
2.7194407 1.483410E-4
2.7196873 1.486104E-4
2.7199339 1.450663E-4
2.7201805 1.395188E-4
2.7204271 1.351782E-4
2.7206737 1.335715E-4
2.7209203 1.345748E-4
2.7211669 1.361805E-4
2.7214135 1.376612E-4
2.7216601 1.395164E-4
2.7219067 1.429076E-4
2.7221533 1.465026E-4
2.7223998 1.456140E-4
2.7226464 1.418731E-4
2.7228930 1.387767E-4
2.7231396 1.366282E-4
2.7233862 1.364918E-4
2.7236328 1.392564E-4
2.7238794 1.405324E-4
2.7241260 1.380293E-4
2.7243726 1.347566E-4
2.7246192 1.336006E-4
2.7248658 1.355383E-4
2.7251124 1.363438E-4
2.7253590 1.346005E-4
2.7256056 1.322459E-4
2.7258521 1.314151E-4
2.7260987 1.334055E-4
2.7263453 1.378310E-4
2.7265919 1.415101E-4
2.7268385 1.417543E-4
2.7270851 1.423139E-4
2.7273317 1.433952E-4
2.7275783 1.415049E-4
2.7278249 1.398981E-4
2.7280715 1.400943E-4
2.7283181 1.366589E-4
2.7285647 1.326858E-4
2.7288113 1.334723E-4
2.7290578 1.335756E-4
2.7293044 1.328946E-4
2.7295510 1.376514E-4
2.7297976 1.416249E-4
2.7300442 1.405188E-4
2.7302908 1.421499E-4
2.7305374 1.467968E-4
2.7307840 1.505136E-4
2.7310306 1.529517E-4
2.7312772 1.546445E-4
2.7315238 1.564372E-4
2.7317704 1.559383E-4
2.7320170 1.519941E-4
2.7322636 1.487021E-4
2.7325101 1.472849E-4
2.7327567 1.463825E-4
2.7330033 1.420909E-4
2.7332499 1.369261E-4
2.7334965 1.411002E-4
2.7337431 1.492169E-4
2.7339897 1.531951E-4
2.7342363 1.542816E-4
2.7344829 1.530598E-4
2.7347295 1.495186E-4
2.7349761 1.435862E-4
2.7352227 1.381836E-4
2.7354693 1.397333E-4
2.7357159 1.409463E-4
2.7359624 1.345333E-4
2.7362090 1.295443E-4
2.7364556 1.281298E-4
2.7367022 1.265805E-4
2.7369488 1.278281E-4
2.7371954 1.334726E-4
2.7374420 1.410853E-4
2.7376886 1.447817E-4
2.7379352 1.409978E-4
2.7381818 1.374180E-4
2.7384284 1.362546E-4
2.7386750 1.341531E-4
2.7389216 1.323184E-4
2.7391681 1.325836E-4
2.7394147 1.360887E-4
2.7396613 1.385820E-4
2.7399079 1.359025E-4
2.7401545 1.329975E-4
2.7404011 1.324394E-4
2.7406477 1.331497E-4
2.7408943 1.349693E-4
2.7411409 1.369107E-4
2.7413875 1.364581E-4
2.7416341 1.347672E-4
2.7418807 1.344873E-4
2.7421273 1.354444E-4
2.7423739 1.390051E-4
2.7426204 1.475709E-4
2.7428670 1.554349E-4
2.7431136 1.576875E-4
2.7433602 1.565410E-4
2.7436068 1.531738E-4
2.7438534 1.484239E-4
2.7441000 1.446338E-4
2.7443466 1.434568E-4
2.7445932 1.451327E-4
2.7448398 1.446635E-4
2.7450864 1.400839E-4
2.7453330 1.402344E-4
2.7455796 1.441136E-4
2.7458261 1.453357E-4
2.7460727 1.450677E-4
2.7463193 1.456105E-4
2.7465659 1.486315E-4
2.7468125 1.511184E-4
2.7470591 1.504065E-4
2.7473057 1.492800E-4
2.7475523 1.489221E-4
2.7477989 1.488176E-4
2.7480455 1.472085E-4
2.7482921 1.443257E-4
2.7485387 1.434178E-4
2.7487853 1.429787E-4
2.7490319 1.416504E-4
2.7492784 1.444860E-4
2.7495250 1.481100E-4
2.7497716 1.445070E-4
2.7500182 1.390976E-4
2.7502648 1.358207E-4
2.7505114 1.314129E-4
2.7507580 1.290786E-4
2.7510046 1.322755E-4
2.7512512 1.373537E-4
2.7514978 1.410415E-4
2.7517444 1.418003E-4
2.7519910 1.413013E-4
2.7522376 1.412102E-4
2.7524842 1.414209E-4
2.7527307 1.411725E-4
2.7529773 1.402915E-4
2.7532239 1.419749E-4
2.7534705 1.452067E-4
2.7537171 1.453071E-4
2.7539637 1.426277E-4
2.7542103 1.388024E-4
2.7544569 1.349420E-4
2.7547035 1.319459E-4
2.7549501 1.304153E-4
2.7551967 1.310748E-4
2.7554433 1.328732E-4
2.7556899 1.334856E-4
2.7559364 1.345129E-4
2.7561830 1.380132E-4
2.7564296 1.443895E-4
2.7566762 1.506899E-4
2.7569228 1.528435E-4
2.7571694 1.493871E-4
2.7574160 1.432500E-4
2.7576626 1.408679E-4
2.7579092 1.417448E-4
2.7581558 1.434399E-4
2.7584024 1.451845E-4
2.7586490 1.461563E-4
2.7588956 1.457709E-4
2.7591422 1.434320E-4
2.7593887 1.408074E-4
2.7596353 1.417286E-4
2.7598819 1.451111E-4
2.7601285 1.482185E-4
2.7603751 1.491351E-4
2.7606217 1.491460E-4
2.7608683 1.510512E-4
2.7611149 1.543956E-4
2.7613615 1.562860E-4
2.7616081 1.521256E-4
2.7618547 1.480000E-4
2.7621013 1.492456E-4
2.7623479 1.470997E-4
2.7625944 1.418352E-4
2.7628410 1.402398E-4
2.7630876 1.404907E-4
2.7633342 1.408469E-4
2.7635808 1.425588E-4
2.7638274 1.424981E-4
2.7640740 1.389142E-4
2.7643206 1.395075E-4
2.7645672 1.438907E-4
2.7648138 1.451649E-4
2.7650604 1.455691E-4
2.7653070 1.461180E-4
2.7655536 1.423574E-4
2.7658002 1.371436E-4
2.7660467 1.350520E-4
2.7662933 1.346516E-4
2.7665399 1.347799E-4
2.7667865 1.352936E-4
2.7670331 1.372537E-4
2.7672797 1.403643E-4
2.7675263 1.414294E-4
2.7677729 1.400545E-4
2.7680195 1.378638E-4
2.7682661 1.373460E-4
2.7685127 1.402067E-4
2.7687593 1.464049E-4
2.7690059 1.509517E-4
2.7692525 1.501045E-4
2.7694990 1.456290E-4
2.7697456 1.408193E-4
2.7699922 1.384047E-4
2.7702388 1.359530E-4
2.7704854 1.333506E-4
2.7707320 1.337457E-4
2.7709786 1.390432E-4
2.7712252 1.469241E-4
2.7714718 1.473021E-4
2.7717184 1.421781E-4
2.7719650 1.396030E-4
2.7722116 1.373742E-4
2.7724582 1.349143E-4
2.7727047 1.353906E-4
2.7729513 1.394780E-4
2.7731979 1.456526E-4
2.7734445 1.493014E-4
2.7736911 1.522184E-4
2.7739377 1.588717E-4
2.7741843 1.640586E-4
2.7744309 1.640984E-4
2.7746775 1.602767E-4
2.7749241 1.540712E-4
2.7751707 1.476373E-4
2.7754173 1.442692E-4
2.7756639 1.431790E-4
2.7759105 1.412533E-4
2.7761570 1.399793E-4
2.7764036 1.415655E-4
2.7766502 1.474531E-4
2.7768968 1.522001E-4
2.7771434 1.506676E-4
2.7773900 1.472973E-4
2.7776366 1.439258E-4
2.7778832 1.397355E-4
2.7781298 1.373463E-4
2.7783764 1.374897E-4
2.7786230 1.369430E-4
2.7788696 1.353199E-4
2.7791162 1.340431E-4
2.7793627 1.358306E-4
2.7796093 1.392221E-4
2.7798559 1.395922E-4
2.7801025 1.377068E-4
2.7803491 1.357488E-4
2.7805957 1.354125E-4
2.7808423 1.371281E-4
2.7810889 1.402941E-4
2.7813355 1.442190E-4
2.7815821 1.464117E-4
2.7818287 1.437479E-4
2.7820753 1.410376E-4
2.7823219 1.417499E-4
2.7825685 1.417492E-4
2.7828150 1.428940E-4
2.7830616 1.484111E-4
2.7833082 1.537224E-4
2.7835548 1.552502E-4
2.7838014 1.525295E-4
2.7840480 1.501622E-4
2.7842946 1.510583E-4
2.7845412 1.507918E-4
2.7847878 1.478292E-4
2.7850344 1.431413E-4
2.7852810 1.389073E-4
2.7855276 1.362732E-4
2.7857742 1.345938E-4
2.7860208 1.330429E-4
2.7862673 1.307461E-4
2.7865139 1.266326E-4
2.7867605 1.242862E-4
2.7870071 1.283406E-4
2.7872537 1.347769E-4
2.7875003 1.384946E-4
2.7877469 1.362604E-4
2.7879935 1.337481E-4
2.7882401 1.363677E-4
2.7884867 1.392741E-4
2.7887333 1.409343E-4
2.7889799 1.428175E-4
2.7892265 1.455549E-4
2.7894730 1.488927E-4
2.7897196 1.514903E-4
2.7899662 1.514719E-4
2.7902128 1.482006E-4
2.7904594 1.445842E-4
2.7907060 1.427030E-4
2.7909526 1.429893E-4
2.7911992 1.433115E-4
2.7914458 1.418974E-4
2.7916924 1.388267E-4
2.7919390 1.366582E-4
2.7921856 1.374410E-4
2.7924322 1.379852E-4
2.7926788 1.378841E-4
2.7929253 1.394420E-4
2.7931719 1.418289E-4
2.7934185 1.445024E-4
2.7936651 1.486836E-4
2.7939117 1.538038E-4
2.7941583 1.579178E-4
2.7944049 1.573785E-4
2.7946515 1.531754E-4
2.7948981 1.505225E-4
2.7951447 1.509628E-4
2.7953913 1.532047E-4
2.7956379 1.530904E-4
2.7958845 1.508266E-4
2.7961310 1.490958E-4
2.7963776 1.496804E-4
2.7966242 1.520092E-4
2.7968708 1.532391E-4
2.7971174 1.509997E-4
2.7973640 1.457566E-4
2.7976106 1.429318E-4
2.7978572 1.444600E-4
2.7981038 1.489185E-4
2.7983504 1.519205E-4
2.7985970 1.517520E-4
2.7988436 1.507160E-4
2.7990902 1.501853E-4
2.7993368 1.506502E-4
2.7995833 1.513303E-4
2.7998299 1.511616E-4
2.8000765 1.492900E-4
2.8003231 1.458367E-4
2.8005697 1.415846E-4
2.8008163 1.378002E-4
2.8010629 1.362733E-4
2.8013095 1.384096E-4
2.8015561 1.448962E-4
2.8018027 1.508150E-4
2.8020493 1.493661E-4
2.8022959 1.426351E-4
2.8025425 1.359980E-4
2.8027891 1.354822E-4
2.8030356 1.387875E-4
2.8032822 1.403840E-4
2.8035288 1.366107E-4
2.8037754 1.299810E-4
2.8040220 1.269343E-4
2.8042686 1.277553E-4
2.8045152 1.317326E-4
2.8047618 1.391061E-4
2.8050084 1.430851E-4
2.8052550 1.384423E-4
2.8055016 1.331423E-4
2.8057482 1.329146E-4
2.8059948 1.387206E-4
2.8062413 1.458471E-4
2.8064879 1.498546E-4
2.8067345 1.502154E-4
2.8069811 1.493301E-4
2.8072277 1.498271E-4
2.8074743 1.497500E-4
2.8077209 1.489400E-4
2.8079675 1.491890E-4
2.8082141 1.479614E-4
2.8084607 1.452239E-4
2.8087073 1.477925E-4
2.8089539 1.511079E-4
2.8092005 1.480922E-4
2.8094471 1.461102E-4
2.8096936 1.485042E-4
2.8099402 1.519897E-4
2.8101868 1.548636E-4
2.8104334 1.559457E-4
2.8106800 1.545764E-4
2.8109266 1.517949E-4
2.8111732 1.495904E-4
2.8114198 1.494846E-4
2.8116664 1.524828E-4
2.8119130 1.586244E-4
2.8121596 1.637284E-4
2.8124062 1.640605E-4
2.8126528 1.603704E-4
2.8128993 1.536722E-4
2.8131459 1.455365E-4
2.8133925 1.402503E-4
2.8136391 1.383623E-4
2.8138857 1.354634E-4
2.8141323 1.350618E-4
2.8143789 1.399151E-4
2.8146255 1.439660E-4
2.8148721 1.439533E-4
2.8151187 1.406598E-4
2.8153653 1.420891E-4
2.8156119 1.501354E-4
2.8158585 1.561603E-4
2.8161051 1.586258E-4
2.8163516 1.584149E-4
2.8165982 1.540723E-4
2.8168448 1.485856E-4
2.8170914 1.468979E-4
2.8173380 1.457532E-4
2.8175846 1.427929E-4
2.8178312 1.402088E-4
2.8180778 1.380543E-4
2.8183244 1.365431E-4
2.8185710 1.395271E-4
2.8188176 1.446023E-4
2.8190642 1.450528E-4
2.8193108 1.422399E-4
2.8195574 1.395741E-4
2.8198039 1.399811E-4
2.8200505 1.398977E-4
2.8202971 1.353018E-4
2.8205437 1.312942E-4
2.8207903 1.316329E-4
2.8210369 1.368115E-4
2.8212835 1.438503E-4
2.8215301 1.487976E-4
2.8217767 1.487581E-4
2.8220233 1.435557E-4
2.8222699 1.362038E-4
2.8225165 1.348737E-4
2.8227631 1.412994E-4
2.8230096 1.496867E-4
2.8232562 1.573036E-4
2.8235028 1.623844E-4
2.8237494 1.636720E-4
2.8239960 1.600655E-4
2.8242426 1.521890E-4
2.8244892 1.467800E-4
2.8247358 1.462623E-4
2.8249824 1.469921E-4
2.8252290 1.486263E-4
2.8254756 1.516060E-4
2.8257222 1.558956E-4
2.8259688 1.599949E-4
2.8262154 1.616034E-4
2.8264619 1.582607E-4
2.8267085 1.518140E-4
2.8269551 1.487247E-4
2.8272017 1.460189E-4
2.8274483 1.409901E-4
2.8276949 1.403185E-4
2.8279415 1.451272E-4
2.8281881 1.521147E-4
2.8284347 1.591036E-4
2.8286813 1.641724E-4
2.8289279 1.660380E-4
2.8291745 1.626586E-4
2.8294211 1.549700E-4
2.8296676 1.520458E-4
2.8299142 1.541543E-4
2.8301608 1.550654E-4
2.8304074 1.552874E-4
2.8306540 1.561469E-4
2.8309006 1.580341E-4
2.8311472 1.583210E-4
2.8313938 1.553530E-4
2.8316404 1.543635E-4
2.8318870 1.558804E-4
2.8321336 1.563387E-4
2.8323802 1.566450E-4
2.8326268 1.575183E-4
2.8328734 1.577770E-4
2.8331199 1.555175E-4
2.8333665 1.501724E-4
2.8336131 1.460057E-4
2.8338597 1.455034E-4
2.8341063 1.480786E-4
2.8343529 1.479964E-4
2.8345995 1.431096E-4
2.8348461 1.403877E-4
2.8350927 1.391164E-4
2.8353393 1.360407E-4
2.8355859 1.342227E-4
2.8358325 1.356859E-4
2.8360791 1.400982E-4
2.8363256 1.433251E-4
2.8365722 1.431299E-4
2.8368188 1.433905E-4
2.8370654 1.448375E-4
2.8373120 1.461084E-4
2.8375586 1.456479E-4
2.8378052 1.439303E-4
2.8380518 1.435219E-4
2.8382984 1.427621E-4
2.8385450 1.408629E-4
2.8387916 1.418267E-4
2.8390382 1.463773E-4
2.8392848 1.524832E-4
2.8395314 1.566529E-4
2.8397779 1.573973E-4
2.8400245 1.562584E-4
2.8402711 1.553987E-4
2.8405177 1.559183E-4
2.8407643 1.561657E-4
2.8410109 1.535645E-4
2.8412575 1.469042E-4
2.8415041 1.428275E-4
2.8417507 1.453022E-4
2.8419973 1.519946E-4
2.8422439 1.581554E-4
2.8424905 1.594996E-4
2.8427371 1.553637E-4
2.8429837 1.497007E-4
2.8432302 1.482137E-4
2.8434768 1.499459E-4
2.8437234 1.515461E-4
2.8439700 1.490353E-4
2.8442166 1.490638E-4
2.8444632 1.569416E-4
2.8447098 1.606668E-4
2.8449564 1.569809E-4
2.8452030 1.515078E-4
2.8454496 1.479524E-4
2.8456962 1.480195E-4
2.8459428 1.505671E-4
2.8461894 1.515771E-4
2.8464359 1.489597E-4
2.8466825 1.508281E-4
2.8469291 1.572962E-4
2.8471757 1.608155E-4
2.8474223 1.604253E-4
2.8476689 1.577386E-4
2.8479155 1.556826E-4
2.8481621 1.530859E-4
2.8484087 1.484364E-4
2.8486553 1.475244E-4
2.8489019 1.500046E-4
2.8491485 1.492439E-4
2.8493951 1.434629E-4
2.8496417 1.360554E-4
2.8498882 1.368734E-4
2.8501348 1.440118E-4
2.8503814 1.497508E-4
2.8506280 1.522281E-4
2.8508746 1.523670E-4
2.8511212 1.530668E-4
2.8513678 1.558872E-4
2.8516144 1.599316E-4
2.8518610 1.606248E-4
2.8521076 1.571452E-4
2.8523542 1.517540E-4
2.8526008 1.482058E-4
2.8528474 1.473765E-4
2.8530939 1.463375E-4
2.8533405 1.453301E-4
2.8535871 1.447665E-4
2.8538337 1.428980E-4
2.8540803 1.393872E-4
2.8543269 1.352629E-4
2.8545735 1.326663E-4
2.8548201 1.328995E-4
2.8550667 1.356227E-4
2.8553133 1.373704E-4
2.8555599 1.359716E-4
2.8558065 1.355856E-4
2.8560531 1.373200E-4
2.8562997 1.395144E-4
2.8565462 1.406361E-4
2.8567928 1.408592E-4
2.8570394 1.428074E-4
2.8572860 1.442312E-4
2.8575326 1.435247E-4
2.8577792 1.470798E-4
2.8580258 1.541093E-4
2.8582724 1.583653E-4
2.8585190 1.602576E-4
2.8587656 1.615363E-4
2.8590122 1.633696E-4
2.8592588 1.643730E-4
2.8595054 1.627453E-4
2.8597520 1.595254E-4
2.8599985 1.550900E-4
2.8602451 1.493981E-4
2.8604917 1.459498E-4
2.8607383 1.466781E-4
2.8609849 1.492580E-4
2.8612315 1.518634E-4
2.8614781 1.533343E-4
2.8617247 1.532515E-4
2.8619713 1.529445E-4
2.8622179 1.547871E-4
2.8624645 1.581155E-4
2.8627111 1.615929E-4
2.8629577 1.647834E-4
2.8632042 1.645877E-4
2.8634508 1.585338E-4
2.8636974 1.510568E-4
2.8639440 1.456089E-4
2.8641906 1.429676E-4
2.8644372 1.435873E-4
2.8646838 1.472572E-4
2.8649304 1.534603E-4
2.8651770 1.576675E-4
2.8654236 1.553218E-4
2.8656702 1.503128E-4
2.8659168 1.474826E-4
2.8661634 1.498638E-4
2.8664100 1.531221E-4
2.8666565 1.523780E-4
2.8669031 1.476206E-4
2.8671497 1.454975E-4
2.8673963 1.527717E-4
2.8676429 1.573014E-4
2.8678895 1.540745E-4
2.8681361 1.520687E-4
2.8683827 1.522408E-4
2.8686293 1.528546E-4
2.8688759 1.530864E-4
2.8691225 1.532414E-4
2.8693691 1.543872E-4
2.8696157 1.568953E-4
2.8698622 1.532712E-4
2.8701088 1.540390E-4
2.8703554 1.548211E-4
2.8706020 1.562467E-4
2.8708486 1.564087E-4
2.8710952 1.549518E-4
2.8713418 1.530854E-4
2.8715884 1.499567E-4
2.8718350 1.467363E-4
2.8720816 1.478667E-4
2.8723282 1.487493E-4
2.8725748 1.438512E-4
2.8728214 1.375665E-4
2.8730680 1.344541E-4
2.8733145 1.370300E-4
2.8735611 1.423013E-4
2.8738077 1.470528E-4
2.8740543 1.500806E-4
2.8743009 1.527022E-4
2.8745475 1.562851E-4
2.8747941 1.585464E-4
2.8750407 1.584650E-4
2.8752873 1.570402E-4
2.8755339 1.575756E-4
2.8757805 1.613169E-4
2.8760271 1.640905E-4
2.8762737 1.631264E-4
2.8765203 1.584942E-4
2.8767668 1.571559E-4
2.8770134 1.592117E-4
2.8772600 1.573102E-4
2.8775066 1.538996E-4
2.8777532 1.528727E-4
2.8779998 1.541635E-4
2.8782464 1.561279E-4
2.8784930 1.567471E-4
2.8787396 1.557640E-4
2.8789862 1.539150E-4
2.8792328 1.525513E-4
2.8794794 1.520983E-4
2.8797260 1.523878E-4
2.8799725 1.527866E-4
2.8802191 1.525986E-4
2.8804657 1.513712E-4
2.8807123 1.511535E-4
2.8809589 1.522776E-4
2.8812055 1.524706E-4
2.8814521 1.520860E-4
2.8816987 1.523359E-4
2.8819453 1.537835E-4
2.8821919 1.556494E-4
2.8824385 1.562552E-4
2.8826851 1.547963E-4
2.8829317 1.524662E-4
2.8831783 1.525922E-4
2.8834248 1.545047E-4
2.8836714 1.558303E-4
2.8839180 1.548262E-4
2.8841646 1.533772E-4
2.8844112 1.554022E-4
2.8846578 1.569479E-4
2.8849044 1.556690E-4
2.8851510 1.546092E-4
2.8853976 1.529144E-4
2.8856442 1.490556E-4
2.8858908 1.450199E-4
2.8861374 1.436442E-4
2.8863840 1.471603E-4
2.8866305 1.521200E-4
2.8868771 1.550386E-4
2.8871237 1.563431E-4
2.8873703 1.552479E-4
2.8876169 1.515223E-4
2.8878635 1.496418E-4
2.8881101 1.495497E-4
2.8883567 1.474869E-4
2.8886033 1.459286E-4
2.8888499 1.467398E-4
2.8890965 1.475281E-4
2.8893431 1.474047E-4
2.8895897 1.465278E-4
2.8898363 1.453859E-4
2.8900828 1.449510E-4
2.8903294 1.461918E-4
2.8905760 1.471506E-4
2.8908226 1.461073E-4
2.8910692 1.439215E-4
2.8913158 1.417010E-4
2.8915624 1.408116E-4
2.8918090 1.438392E-4
2.8920556 1.495475E-4
2.8923022 1.526691E-4
2.8925488 1.536921E-4
2.8927954 1.541759E-4
2.8930420 1.534772E-4
2.8932886 1.530217E-4
2.8935351 1.548595E-4
2.8937817 1.582872E-4
2.8940283 1.621238E-4
2.8942749 1.654495E-4
2.8945215 1.664674E-4
2.8947681 1.645866E-4
2.8950147 1.621243E-4
2.8952613 1.604555E-4
2.8955079 1.596699E-4
2.8957545 1.578184E-4
2.8960011 1.550320E-4
2.8962477 1.547501E-4
2.8964943 1.562357E-4
2.8967408 1.575001E-4
2.8969874 1.588546E-4
2.8972340 1.603170E-4
2.8974806 1.618455E-4
2.8977272 1.641889E-4
2.8979738 1.662076E-4
2.8982204 1.644578E-4
2.8984670 1.587677E-4
2.8987136 1.519482E-4
2.8989602 1.483343E-4
2.8992068 1.479343E-4
2.8994534 1.468624E-4
2.8997000 1.451293E-4
2.8999466 1.439952E-4
2.9001931 1.449401E-4
2.9004397 1.457049E-4
2.9006863 1.437801E-4
2.9009329 1.420009E-4
2.9011795 1.423444E-4
2.9014261 1.450547E-4
2.9016727 1.489946E-4
2.9019193 1.521049E-4
2.9021659 1.518045E-4
2.9024125 1.506804E-4
2.9026591 1.524450E-4
2.9029057 1.547344E-4
2.9031523 1.563448E-4
2.9033988 1.579611E-4
2.9036454 1.573863E-4
2.9038920 1.538981E-4
2.9041386 1.510628E-4
2.9043852 1.505597E-4
2.9046318 1.519458E-4
2.9048784 1.541007E-4
2.9051250 1.556670E-4
2.9053716 1.554784E-4
2.9056182 1.550833E-4
2.9058648 1.559113E-4
2.9061114 1.575333E-4
2.9063580 1.579754E-4
2.9066046 1.551480E-4
2.9068511 1.524518E-4
2.9070977 1.516873E-4
2.9073443 1.515016E-4
2.9075909 1.496099E-4
2.9078375 1.449659E-4
2.9080841 1.402513E-4
2.9083307 1.380240E-4
2.9085773 1.392844E-4
2.9088239 1.403147E-4
2.9090705 1.396080E-4
2.9093171 1.399252E-4
2.9095637 1.406485E-4
2.9098103 1.404552E-4
2.9100569 1.399271E-4
2.9103034 1.403884E-4
2.9105500 1.431862E-4
2.9107966 1.483916E-4
2.9110432 1.549220E-4
2.9112898 1.606558E-4
2.9115364 1.631894E-4
2.9117830 1.618792E-4
2.9120296 1.611460E-4
2.9122762 1.622752E-4
2.9125228 1.633924E-4
2.9127694 1.638898E-4
2.9130160 1.631803E-4
2.9132626 1.604925E-4
2.9135091 1.578555E-4
2.9137557 1.572324E-4
2.9140023 1.563404E-4
2.9142489 1.543560E-4
2.9144955 1.523156E-4
2.9147421 1.510372E-4
2.9149887 1.509903E-4
2.9152353 1.522083E-4
2.9154819 1.539020E-4
2.9157285 1.551198E-4
2.9159751 1.556575E-4
2.9162217 1.557101E-4
2.9164683 1.556833E-4
2.9167149 1.552222E-4
2.9169614 1.540504E-4
2.9172080 1.527754E-4
2.9174546 1.524375E-4
2.9177012 1.535998E-4
2.9179478 1.541639E-4
2.9181944 1.537894E-4
2.9184410 1.543851E-4
2.9186876 1.547401E-4
2.9189342 1.539895E-4
2.9191808 1.541295E-4
2.9194274 1.558015E-4
2.9196740 1.580799E-4
2.9199206 1.569477E-4
2.9201671 1.521200E-4
2.9204137 1.482213E-4
2.9206603 1.464012E-4
2.9209069 1.461354E-4
2.9211535 1.464360E-4
2.9214001 1.468350E-4
2.9216467 1.475805E-4
2.9218933 1.494276E-4
2.9221399 1.518615E-4
2.9223865 1.529388E-4
2.9226331 1.530451E-4
2.9228797 1.530955E-4
2.9231263 1.531898E-4
2.9233729 1.529657E-4
2.9236194 1.520328E-4
2.9238660 1.525058E-4
2.9241126 1.545145E-4
2.9243592 1.549065E-4
2.9246058 1.537578E-4
2.9248524 1.529426E-4
2.9250990 1.552137E-4
2.9253456 1.588596E-4
2.9255922 1.590967E-4
2.9258388 1.569923E-4
2.9260854 1.553536E-4
2.9263320 1.565472E-4
2.9265786 1.593220E-4
2.9268252 1.605979E-4
2.9270717 1.571113E-4
2.9273183 1.508908E-4
2.9275649 1.468637E-4
2.9278115 1.462908E-4
2.9280581 1.479981E-4
2.9283047 1.502881E-4
2.9285513 1.501022E-4
2.9287979 1.456745E-4
2.9290445 1.407453E-4
2.9292911 1.384548E-4
2.9295377 1.396982E-4
2.9297843 1.432180E-4
2.9300309 1.469310E-4
2.9302774 1.503308E-4
2.9305240 1.529807E-4
2.9307706 1.547183E-4
2.9310172 1.553881E-4
2.9312638 1.552833E-4
2.9315104 1.551169E-4
2.9317570 1.543050E-4
2.9320036 1.534875E-4
2.9322502 1.564361E-4
2.9324968 1.609631E-4
2.9327434 1.621932E-4
2.9329900 1.613848E-4
2.9332366 1.600004E-4
2.9334832 1.579778E-4
2.9337297 1.557136E-4
2.9339763 1.540846E-4
2.9342229 1.547278E-4
2.9344695 1.573871E-4
2.9347161 1.601927E-4
2.9349627 1.619349E-4
2.9352093 1.617560E-4
2.9354559 1.592416E-4
2.9357025 1.573843E-4
2.9359491 1.588425E-4
2.9361957 1.608923E-4
2.9364423 1.624862E-4
2.9366889 1.636086E-4
2.9369354 1.646873E-4
2.9371820 1.650201E-4
2.9374286 1.621934E-4
2.9376752 1.586016E-4
2.9379218 1.577024E-4
2.9381684 1.597680E-4
2.9384150 1.634043E-4
2.9386616 1.661176E-4
2.9389082 1.671962E-4
2.9391548 1.664849E-4
2.9394014 1.639522E-4
2.9396480 1.601291E-4
2.9398946 1.559829E-4
2.9401412 1.515130E-4
2.9403877 1.481172E-4
2.9406343 1.476184E-4
2.9408809 1.495432E-4
2.9411275 1.518128E-4
2.9413741 1.511285E-4
2.9416207 1.489298E-4
2.9418673 1.486460E-4
2.9421139 1.519840E-4
2.9423605 1.579443E-4
2.9426071 1.632561E-4
2.9428537 1.657261E-4
2.9431003 1.649391E-4
2.9433469 1.630674E-4
2.9435935 1.609631E-4
2.9438400 1.589152E-4
2.9440866 1.586587E-4
2.9443332 1.597214E-4
2.9445798 1.595604E-4
2.9448264 1.599146E-4
2.9450730 1.620795E-4
2.9453196 1.634041E-4
2.9455662 1.634182E-4
2.9458128 1.628591E-4
2.9460594 1.611903E-4
2.9463060 1.579394E-4
2.9465526 1.536373E-4
2.9467992 1.491599E-4
2.9470457 1.458646E-4
2.9472923 1.451292E-4
2.9475389 1.460987E-4
2.9477855 1.468060E-4
2.9480321 1.475579E-4
2.9482787 1.476193E-4
2.9485253 1.457152E-4
2.9487719 1.446018E-4
2.9490185 1.473007E-4
2.9492651 1.530090E-4
2.9495117 1.585156E-4
2.9497583 1.603754E-4
2.9500049 1.616509E-4
2.9502515 1.633728E-4
2.9504980 1.625165E-4
2.9507446 1.610373E-4
2.9509912 1.616767E-4
2.9512378 1.633049E-4
2.9514844 1.639677E-4
2.9517310 1.620720E-4
2.9519776 1.596477E-4
2.9522242 1.587886E-4
2.9524708 1.597420E-4
2.9527174 1.609433E-4
2.9529640 1.602424E-4
2.9532106 1.563574E-4
2.9534572 1.515441E-4
2.9537037 1.501650E-4
2.9539503 1.522753E-4
2.9541969 1.558117E-4
2.9544435 1.570936E-4
2.9546901 1.565664E-4
2.9549367 1.560442E-4
2.9551833 1.551190E-4
2.9554299 1.542566E-4
2.9556765 1.545756E-4
2.9559231 1.542157E-4
2.9561697 1.523971E-4
2.9564163 1.515623E-4
2.9566629 1.535466E-4
2.9569095 1.584109E-4
2.9571560 1.618326E-4
2.9574026 1.622042E-4
2.9576492 1.616434E-4
2.9578958 1.598547E-4
2.9581424 1.567872E-4
2.9583890 1.545179E-4
2.9586356 1.542546E-4
2.9588822 1.561007E-4
2.9591288 1.575804E-4
2.9593754 1.576300E-4
2.9596220 1.575266E-4
2.9598686 1.576849E-4
2.9601152 1.580522E-4
2.9603618 1.581127E-4
2.9606083 1.586195E-4
2.9608549 1.605166E-4
2.9611015 1.622653E-4
2.9613481 1.628988E-4
2.9615947 1.629121E-4
2.9618413 1.630931E-4
2.9620879 1.633392E-4
2.9623345 1.609322E-4
2.9625811 1.573958E-4
2.9628277 1.560827E-4
2.9630743 1.561517E-4
2.9633209 1.557488E-4
2.9635675 1.539351E-4
2.9638140 1.531759E-4
2.9640606 1.554574E-4
2.9643072 1.574900E-4
2.9645538 1.589804E-4
2.9648004 1.620560E-4
2.9650470 1.650809E-4
2.9652936 1.661225E-4
2.9655402 1.644006E-4
2.9657868 1.600990E-4
2.9660334 1.544351E-4
2.9662800 1.491674E-4
2.9665266 1.465442E-4
2.9667732 1.486106E-4
2.9670198 1.527358E-4
2.9672663 1.556754E-4
2.9675129 1.559749E-4
2.9677595 1.548933E-4
2.9680061 1.541873E-4
2.9682527 1.514403E-4
2.9684993 1.475558E-4
2.9687459 1.465532E-4
2.9689925 1.475663E-4
2.9692391 1.490412E-4
2.9694857 1.504347E-4
2.9697323 1.530234E-4
2.9699789 1.575953E-4
2.9702255 1.600327E-4
2.9704720 1.598526E-4
2.9707186 1.604507E-4
2.9709652 1.602636E-4
2.9712118 1.578620E-4
2.9714584 1.547610E-4
2.9717050 1.523680E-4
2.9719516 1.515142E-4
2.9721982 1.518265E-4
2.9724448 1.532389E-4
2.9726914 1.560917E-4
2.9729380 1.582010E-4
2.9731846 1.582783E-4
2.9734312 1.591384E-4
2.9736778 1.604756E-4
2.9739243 1.601677E-4
2.9741709 1.587809E-4
2.9744175 1.567002E-4
2.9746641 1.535480E-4
2.9749107 1.511457E-4
2.9751573 1.509298E-4
2.9754039 1.527797E-4
2.9756505 1.554787E-4
2.9758971 1.570794E-4
2.9761437 1.576278E-4
2.9763903 1.575073E-4
2.9766369 1.570608E-4
2.9768835 1.572264E-4
2.9771301 1.584852E-4
2.9773766 1.610117E-4
2.9776232 1.629012E-4
2.9778698 1.616481E-4
2.9781164 1.607403E-4
2.9783630 1.617698E-4
2.9786096 1.617475E-4
2.9788562 1.604701E-4
2.9791028 1.588431E-4
2.9793494 1.586860E-4
2.9795960 1.588135E-4
2.9798426 1.567761E-4
2.9800892 1.559436E-4
2.9803358 1.578607E-4
2.9805823 1.589100E-4
2.9808289 1.587298E-4
2.9810755 1.582311E-4
2.9813221 1.583244E-4
2.9815687 1.587577E-4
2.9818153 1.590994E-4
2.9820619 1.583485E-4
2.9823085 1.567183E-4
2.9825551 1.564105E-4
2.9828017 1.574763E-4
2.9830483 1.585822E-4
2.9832949 1.580844E-4
2.9835415 1.562659E-4
2.9837881 1.553559E-4
2.9840346 1.558747E-4
2.9842812 1.572462E-4
2.9845278 1.580914E-4
2.9847744 1.575362E-4
2.9850210 1.558045E-4
2.9852676 1.556023E-4
2.9855142 1.578238E-4
2.9857608 1.604561E-4
2.9860074 1.616863E-4
2.9862540 1.602682E-4
2.9865006 1.563904E-4
2.9867472 1.520054E-4
2.9869938 1.494692E-4
2.9872403 1.485829E-4
2.9874869 1.492431E-4
2.9877335 1.514041E-4
2.9879801 1.527334E-4
2.9882267 1.515855E-4
2.9884733 1.503752E-4
2.9887199 1.487795E-4
2.9889665 1.453562E-4
2.9892131 1.432865E-4
2.9894597 1.452185E-4
2.9897063 1.508774E-4
2.9899529 1.575089E-4
2.9901995 1.616974E-4
2.9904461 1.610107E-4
2.9906926 1.584272E-4
2.9909392 1.592512E-4
2.9911858 1.605356E-4
2.9914324 1.599785E-4
2.9916790 1.588917E-4
2.9919256 1.597423E-4
2.9921722 1.636372E-4
2.9924188 1.655815E-4
2.9926654 1.639619E-4
2.9929120 1.605317E-4
2.9931586 1.566950E-4
2.9934052 1.542250E-4
2.9936518 1.553400E-4
2.9938984 1.576261E-4
2.9941449 1.586442E-4
2.9943915 1.609679E-4
2.9946381 1.637036E-4
2.9948847 1.630601E-4
2.9951313 1.615897E-4
2.9953779 1.616876E-4
2.9956245 1.625372E-4
2.9958711 1.625666E-4
2.9961177 1.605861E-4
2.9963643 1.573013E-4
2.9966109 1.549522E-4
2.9968575 1.561915E-4
2.9971041 1.594967E-4
2.9973506 1.626792E-4
2.9975972 1.649365E-4
2.9978438 1.654056E-4
2.9980904 1.634294E-4
2.9983370 1.594501E-4
2.9985836 1.549470E-4
2.9988302 1.516391E-4
2.9990768 1.524467E-4
2.9993234 1.576665E-4
2.9995700 1.618093E-4
2.9998166 1.631145E-4
3.0000632 1.627760E-4
3.0003098 1.622152E-4
3.0005564 1.619230E-4
3.0008029 1.605286E-4
3.0010495 1.584647E-4
3.0012961 1.566970E-4
3.0015427 1.558861E-4
3.0017893 1.560518E-4
3.0020359 1.568817E-4
3.0022825 1.584853E-4
3.0025291 1.606854E-4
3.0027757 1.630715E-4
3.0030223 1.626772E-4
3.0032689 1.582156E-4
3.0035155 1.543768E-4
3.0037621 1.540328E-4
3.0040086 1.572861E-4
3.0042552 1.595255E-4
3.0045018 1.585251E-4
3.0047484 1.568619E-4
3.0049950 1.564286E-4
3.0052416 1.577587E-4
3.0054882 1.587089E-4
3.0057348 1.584879E-4
3.0059814 1.577040E-4
3.0062280 1.555281E-4
3.0064746 1.523953E-4
3.0067212 1.498384E-4
3.0069678 1.501822E-4
3.0072144 1.539008E-4
3.0074609 1.567818E-4
3.0077075 1.562495E-4
3.0079541 1.525163E-4
3.0082007 1.504641E-4
3.0084473 1.525782E-4
3.0086939 1.542766E-4
3.0089405 1.541752E-4
3.0091871 1.525188E-4
3.0094337 1.502323E-4
3.0096803 1.488987E-4
3.0099269 1.499944E-4
3.0101735 1.541269E-4
3.0104201 1.592188E-4
3.0106667 1.610962E-4
3.0109132 1.592629E-4
3.0111598 1.564898E-4
3.0114064 1.551193E-4
3.0116530 1.557770E-4
3.0118996 1.571926E-4
3.0121462 1.588144E-4
3.0123928 1.604380E-4
3.0126394 1.617681E-4
3.0128860 1.628299E-4
3.0131326 1.636589E-4
3.0133792 1.638648E-4
3.0136258 1.634375E-4
3.0138724 1.629065E-4
3.0141189 1.622695E-4
3.0143655 1.617177E-4
3.0146121 1.622677E-4
3.0148587 1.638070E-4
3.0151053 1.650135E-4
3.0153519 1.642196E-4
3.0155985 1.621431E-4
3.0158451 1.624866E-4
3.0160917 1.635767E-4
3.0163383 1.629039E-4
3.0165849 1.615925E-4
3.0168315 1.603692E-4
3.0170781 1.594416E-4
3.0173247 1.598232E-4
3.0175712 1.613268E-4
3.0178178 1.620685E-4
3.0180644 1.625254E-4
3.0183110 1.636553E-4
3.0185576 1.643059E-4
3.0188042 1.643273E-4
3.0190508 1.637783E-4
3.0192974 1.640469E-4
3.0195440 1.651047E-4
3.0197906 1.648754E-4
3.0200372 1.638071E-4
3.0202838 1.630822E-4
3.0205304 1.620329E-4
3.0207769 1.618767E-4
3.0210235 1.638043E-4
3.0212701 1.648089E-4
3.0215167 1.619381E-4
3.0217633 1.559364E-4
3.0220099 1.500900E-4
3.0222565 1.482076E-4
3.0225031 1.524499E-4
3.0227497 1.598183E-4
3.0229963 1.637293E-4
3.0232429 1.645095E-4
3.0234895 1.641935E-4
3.0237361 1.641210E-4
3.0239827 1.652112E-4
3.0242292 1.672521E-4
3.0244758 1.672991E-4
3.0247224 1.653024E-4
3.0249690 1.645121E-4
3.0252156 1.645899E-4
3.0254622 1.641775E-4
3.0257088 1.624210E-4
3.0259554 1.599764E-4
3.0262020 1.584117E-4
3.0264486 1.589143E-4
3.0266952 1.613232E-4
3.0269418 1.640207E-4
3.0271884 1.672622E-4
3.0274350 1.704244E-4
3.0276815 1.701630E-4
3.0279281 1.667170E-4
3.0281747 1.627925E-4
3.0284213 1.606777E-4
3.0286679 1.606011E-4
3.0289145 1.603332E-4
3.0291611 1.600000E-4
3.0294077 1.602882E-4
3.0296543 1.610145E-4
3.0299009 1.612958E-4
3.0301475 1.602130E-4
3.0303941 1.589874E-4
3.0306407 1.583182E-4
3.0308872 1.575864E-4
3.0311338 1.567414E-4
3.0313804 1.561967E-4
3.0316270 1.571661E-4
3.0318736 1.589796E-4
3.0321202 1.599722E-4
3.0323668 1.615002E-4
3.0326134 1.635315E-4
3.0328600 1.630224E-4
3.0331066 1.623982E-4
3.0333532 1.645369E-4
3.0335998 1.674718E-4
3.0338464 1.691428E-4
3.0340930 1.685499E-4
3.0343395 1.679462E-4
3.0345861 1.683032E-4
3.0348327 1.670342E-4
3.0350793 1.640277E-4
3.0353259 1.607410E-4
3.0355725 1.597533E-4
3.0358191 1.618779E-4
3.0360657 1.656572E-4
3.0363123 1.660170E-4
3.0365589 1.619281E-4
3.0368055 1.611765E-4
3.0370521 1.647610E-4
3.0372987 1.694349E-4
3.0375452 1.724715E-4
3.0377918 1.730807E-4
3.0380384 1.728437E-4
3.0382850 1.716702E-4
3.0385316 1.694629E-4
3.0387782 1.670086E-4
3.0390248 1.645070E-4
3.0392714 1.622976E-4
3.0395180 1.631170E-4
3.0397646 1.664830E-4
3.0400112 1.683421E-4
3.0402578 1.683345E-4
3.0405044 1.674088E-4
3.0407510 1.665954E-4
3.0409975 1.661807E-4
3.0412441 1.659674E-4
3.0414907 1.682136E-4
3.0417373 1.715004E-4
3.0419839 1.707694E-4
3.0422305 1.688856E-4
3.0424771 1.690743E-4
3.0427237 1.681987E-4
3.0429703 1.652158E-4
3.0432169 1.611068E-4
3.0434635 1.591704E-4
3.0437101 1.601128E-4
3.0439567 1.614209E-4
3.0442033 1.618708E-4
3.0444498 1.611647E-4
3.0446964 1.591383E-4
3.0449430 1.577958E-4
3.0451896 1.596742E-4
3.0454362 1.622961E-4
3.0456828 1.630278E-4
3.0459294 1.609656E-4
3.0461760 1.588057E-4
3.0464226 1.593894E-4
3.0466692 1.617064E-4
3.0469158 1.639359E-4
3.0471624 1.643399E-4
3.0474090 1.628202E-4
3.0476555 1.606532E-4
3.0479021 1.597916E-4
3.0481487 1.608547E-4
3.0483953 1.629137E-4
3.0486419 1.637912E-4
3.0488885 1.625075E-4
3.0491351 1.597396E-4
3.0493817 1.574614E-4
3.0496283 1.568486E-4
3.0498749 1.573458E-4
3.0501215 1.578218E-4
3.0503681 1.573399E-4
3.0506147 1.552759E-4
3.0508613 1.534154E-4
3.0511078 1.550430E-4
3.0513544 1.581100E-4
3.0516010 1.599847E-4
3.0518476 1.602254E-4
3.0520942 1.599750E-4
3.0523408 1.607167E-4
3.0525874 1.617622E-4
3.0528340 1.620989E-4
3.0530806 1.609460E-4
3.0533272 1.597998E-4
3.0535738 1.604979E-4
3.0538204 1.634320E-4
3.0540670 1.661118E-4
3.0543135 1.654397E-4
3.0545601 1.646379E-4
3.0548067 1.660228E-4
3.0550533 1.691684E-4
3.0552999 1.715927E-4
3.0555465 1.719396E-4
3.0557931 1.738405E-4
3.0560397 1.757630E-4
3.0562863 1.741143E-4
3.0565329 1.702489E-4
3.0567795 1.664869E-4
3.0570261 1.643943E-4
3.0572727 1.652492E-4
3.0575193 1.684901E-4
3.0577658 1.697640E-4
3.0580124 1.686864E-4
3.0582590 1.681075E-4
3.0585056 1.673732E-4
3.0587522 1.661904E-4
3.0589988 1.654817E-4
3.0592454 1.666546E-4
3.0594920 1.697896E-4
3.0597386 1.707372E-4
3.0599852 1.692559E-4
3.0602318 1.683709E-4
3.0604784 1.679038E-4
3.0607250 1.678524E-4
3.0609716 1.694581E-4
3.0612181 1.711186E-4
3.0614647 1.707736E-4
3.0617113 1.692757E-4
3.0619579 1.674668E-4
3.0622045 1.655921E-4
3.0624511 1.651485E-4
3.0626977 1.664057E-4
3.0629443 1.673042E-4
3.0631909 1.696307E-4
3.0634375 1.748720E-4
3.0636841 1.763320E-4
3.0639307 1.731324E-4
3.0641773 1.706796E-4
3.0644238 1.690252E-4
3.0646704 1.670124E-4
3.0649170 1.647046E-4
3.0651636 1.633884E-4
3.0654102 1.641707E-4
3.0656568 1.643887E-4
3.0659034 1.640983E-4
3.0661500 1.663598E-4
3.0663966 1.699349E-4
3.0666432 1.727630E-4
3.0668898 1.740335E-4
3.0671364 1.734198E-4
3.0673830 1.711007E-4
3.0676296 1.690438E-4
3.0678761 1.681185E-4
3.0681227 1.673402E-4
3.0683693 1.650081E-4
3.0686159 1.606841E-4
3.0688625 1.566387E-4
3.0691091 1.552484E-4
3.0693557 1.575058E-4
3.0696023 1.603136E-4
3.0698489 1.617154E-4
3.0700955 1.624833E-4
3.0703421 1.623750E-4
3.0705887 1.610737E-4
3.0708353 1.593572E-4
3.0710818 1.580683E-4
3.0713284 1.578070E-4
3.0715750 1.589855E-4
3.0718216 1.606499E-4
3.0720682 1.602700E-4
3.0723148 1.602208E-4
3.0725614 1.627287E-4
3.0728080 1.642383E-4
3.0730546 1.639879E-4
3.0733012 1.639421E-4
3.0735478 1.643347E-4
3.0737944 1.652941E-4
3.0740410 1.672978E-4
3.0742876 1.686783E-4
3.0745341 1.678029E-4
3.0747807 1.669517E-4
3.0750273 1.661363E-4
3.0752739 1.638388E-4
3.0755205 1.637057E-4
3.0757671 1.673255E-4
3.0760137 1.707397E-4
3.0762603 1.730783E-4
3.0765069 1.747738E-4
3.0767535 1.756379E-4
3.0770001 1.752348E-4
3.0772467 1.732626E-4
3.0774933 1.709545E-4
3.0777399 1.698607E-4
3.0779864 1.710153E-4
3.0782330 1.732329E-4
3.0784796 1.747185E-4
3.0787262 1.753761E-4
3.0789728 1.757609E-4
3.0792194 1.761259E-4
3.0794660 1.748006E-4
3.0797126 1.716980E-4
3.0799592 1.712927E-4
3.0802058 1.736811E-4
3.0804524 1.762056E-4
3.0806990 1.769849E-4
3.0809456 1.759951E-4
3.0811921 1.752747E-4
3.0814387 1.746040E-4
3.0816853 1.734454E-4
3.0819319 1.719879E-4
3.0821785 1.705474E-4
3.0824251 1.694818E-4
3.0826717 1.689122E-4
3.0829183 1.686226E-4
3.0831649 1.674506E-4
3.0834115 1.664941E-4
3.0836581 1.669616E-4
3.0839047 1.698115E-4
3.0841513 1.727470E-4
3.0843979 1.723359E-4
3.0846444 1.708334E-4
3.0848910 1.707184E-4
3.0851376 1.726425E-4
3.0853842 1.755149E-4
3.0856308 1.773482E-4
3.0858774 1.760671E-4
3.0861240 1.738663E-4
3.0863706 1.750264E-4
3.0866172 1.761259E-4
3.0868638 1.750494E-4
3.0871104 1.744174E-4
3.0873570 1.740978E-4
3.0876036 1.729616E-4
3.0878501 1.711460E-4
3.0880967 1.698608E-4
3.0883433 1.706548E-4
3.0885899 1.709964E-4
3.0888365 1.692742E-4
3.0890831 1.677490E-4
3.0893297 1.665918E-4
3.0895763 1.659696E-4
3.0898229 1.673714E-4
3.0900695 1.703179E-4
3.0903161 1.720892E-4
3.0905627 1.721370E-4
3.0908093 1.711429E-4
3.0910559 1.704187E-4
3.0913024 1.694471E-4
3.0915490 1.677578E-4
3.0917956 1.678789E-4
3.0920422 1.698752E-4
3.0922888 1.705361E-4
3.0925354 1.706192E-4
3.0927820 1.711420E-4
3.0930286 1.707332E-4
3.0932752 1.696390E-4
3.0935218 1.687567E-4
3.0937684 1.700997E-4
3.0940150 1.727988E-4
3.0942616 1.730053E-4
3.0945082 1.704765E-4
3.0947547 1.668676E-4
3.0950013 1.648589E-4
3.0952479 1.643718E-4
3.0954945 1.636275E-4
3.0957411 1.636364E-4
3.0959877 1.655016E-4
3.0962343 1.693329E-4
3.0964809 1.720867E-4
3.0967275 1.715187E-4
3.0969741 1.703096E-4
3.0972207 1.695340E-4
3.0974673 1.687735E-4
3.0977139 1.678921E-4
3.0979604 1.671967E-4
3.0982070 1.675691E-4
3.0984536 1.690713E-4
3.0987002 1.713731E-4
3.0989468 1.742209E-4
3.0991934 1.766061E-4
3.0994400 1.771902E-4
3.0996866 1.765621E-4
3.0999332 1.753315E-4
3.1001798 1.739666E-4
3.1004264 1.745412E-4
3.1006730 1.780226E-4
3.1009196 1.802777E-4
3.1011662 1.804353E-4
3.1014127 1.805393E-4
3.1016593 1.808793E-4
3.1019059 1.809654E-4
3.1021525 1.803201E-4
3.1023991 1.782048E-4
3.1026457 1.747569E-4
3.1028923 1.732078E-4
3.1031389 1.742644E-4
3.1033855 1.758413E-4
3.1036321 1.768009E-4
3.1038787 1.771506E-4
3.1041253 1.785012E-4
3.1043719 1.795859E-4
3.1046184 1.783282E-4
3.1048650 1.754867E-4
3.1051116 1.725060E-4
3.1053582 1.708277E-4
3.1056048 1.700966E-4
3.1058514 1.697214E-4
3.1060980 1.701361E-4
3.1063446 1.705069E-4
3.1065912 1.700531E-4
3.1068378 1.705546E-4
3.1070844 1.730570E-4
3.1073310 1.770121E-4
3.1075776 1.790228E-4
3.1078242 1.772844E-4
3.1080707 1.761384E-4
3.1083173 1.758000E-4
3.1085639 1.743833E-4
3.1088105 1.736067E-4
3.1090571 1.743648E-4
3.1093037 1.758054E-4
3.1095503 1.775970E-4
3.1097969 1.791358E-4
3.1100435 1.793591E-4
3.1102901 1.784574E-4
3.1105367 1.774371E-4
3.1107833 1.759015E-4
3.1110299 1.733514E-4
3.1112765 1.695986E-4
3.1115230 1.673891E-4
3.1117696 1.684704E-4
3.1120162 1.689322E-4
3.1122628 1.686890E-4
3.1125094 1.705013E-4
3.1127560 1.727354E-4
3.1130026 1.736150E-4
3.1132492 1.727024E-4
3.1134958 1.707621E-4
3.1137424 1.689526E-4
3.1139890 1.680686E-4
3.1142356 1.681953E-4
3.1144822 1.690396E-4
3.1147287 1.692453E-4
3.1149753 1.691495E-4
3.1152219 1.719538E-4
3.1154685 1.755752E-4
3.1157151 1.767178E-4
3.1159617 1.764256E-4
3.1162083 1.762770E-4
3.1164549 1.774256E-4
3.1167015 1.791157E-4
3.1169481 1.797381E-4
3.1171947 1.775934E-4
3.1174413 1.743319E-4
3.1176879 1.725084E-4
3.1179345 1.716554E-4
3.1181810 1.709024E-4
3.1184276 1.698424E-4
3.1186742 1.695144E-4
3.1189208 1.704459E-4
3.1191674 1.713682E-4
3.1194140 1.725731E-4
3.1196606 1.746126E-4
3.1199072 1.752978E-4
3.1201538 1.742820E-4
3.1204004 1.734706E-4
3.1206470 1.736248E-4
3.1208936 1.746860E-4
3.1211402 1.759473E-4
3.1213867 1.756357E-4
3.1216333 1.726406E-4
3.1218799 1.710680E-4
3.1221265 1.723459E-4
3.1223731 1.736168E-4
3.1226197 1.738364E-4
3.1228663 1.737433E-4
3.1231129 1.759202E-4
3.1233595 1.792340E-4
3.1236061 1.803119E-4
3.1238527 1.787199E-4
3.1240993 1.761370E-4
3.1243459 1.753961E-4
3.1245925 1.757684E-4
3.1248390 1.758804E-4
3.1250856 1.779782E-4
3.1253322 1.813876E-4
3.1255788 1.831768E-4
3.1258254 1.808138E-4
3.1260720 1.760883E-4
3.1263186 1.756949E-4
3.1265652 1.769926E-4
3.1268118 1.754656E-4
3.1270584 1.766693E-4
3.1273050 1.790396E-4
3.1275516 1.764969E-4
3.1277982 1.735093E-4
3.1280448 1.734715E-4
3.1282913 1.739494E-4
3.1285379 1.739156E-4
3.1287845 1.732878E-4
3.1290311 1.728380E-4
3.1292777 1.723154E-4
3.1295243 1.707797E-4
3.1297709 1.705081E-4
3.1300175 1.724054E-4
3.1302641 1.736469E-4
3.1305107 1.730522E-4
3.1307573 1.712404E-4
3.1310039 1.696086E-4
3.1312505 1.698572E-4
3.1314970 1.727544E-4
3.1317436 1.755065E-4
3.1319902 1.759765E-4
3.1322368 1.756358E-4
3.1324834 1.737648E-4
3.1327300 1.697082E-4
3.1329766 1.666945E-4
3.1332232 1.667703E-4
3.1334698 1.695703E-4
3.1337164 1.722974E-4
3.1339630 1.732932E-4
3.1342096 1.750852E-4
3.1344562 1.772337E-4
3.1347028 1.778928E-4
3.1349493 1.772386E-4
3.1351959 1.754026E-4
3.1354425 1.725814E-4
3.1356891 1.712466E-4
3.1359357 1.733989E-4
3.1361823 1.779123E-4
3.1364289 1.820261E-4
3.1366755 1.830462E-4
3.1369221 1.817303E-4
3.1371687 1.791127E-4
3.1374153 1.757993E-4
3.1376619 1.733312E-4
3.1379085 1.725321E-4
3.1381550 1.716364E-4
3.1384016 1.708417E-4
3.1386482 1.715761E-4
3.1388948 1.740596E-4
3.1391414 1.769269E-4
3.1393880 1.774628E-4
3.1396346 1.772774E-4
3.1398812 1.783679E-4
3.1401278 1.782194E-4
3.1403744 1.771367E-4
3.1406210 1.773956E-4
3.1408676 1.774371E-4
3.1411142 1.761026E-4
3.1413608 1.746847E-4
3.1416073 1.729267E-4
3.1418539 1.708370E-4
3.1421005 1.713430E-4
3.1423471 1.737169E-4
3.1425937 1.743044E-4
3.1428403 1.740427E-4
3.1430869 1.737440E-4
3.1433335 1.721803E-4
3.1435801 1.718536E-4
3.1438267 1.751675E-4
3.1440733 1.779178E-4
3.1443199 1.783304E-4
3.1445665 1.779592E-4
3.1448131 1.774825E-4
3.1450596 1.771667E-4
3.1453062 1.769615E-4
3.1455528 1.776721E-4
3.1457994 1.798798E-4
3.1460460 1.818079E-4
3.1462926 1.818821E-4
3.1465392 1.796062E-4
3.1467858 1.782345E-4
3.1470324 1.794228E-4
3.1472790 1.788568E-4
3.1475256 1.772947E-4
3.1477722 1.777527E-4
3.1480188 1.785385E-4
3.1482653 1.779722E-4
3.1485119 1.754843E-4
3.1487585 1.716486E-4
3.1490051 1.680597E-4
3.1492517 1.677506E-4
3.1494983 1.695733E-4
3.1497449 1.710234E-4
3.1499915 1.741529E-4
3.1502381 1.791597E-4
3.1504847 1.828244E-4
3.1507313 1.846621E-4
3.1509779 1.851695E-4
3.1512245 1.846502E-4
3.1514711 1.833621E-4
3.1517176 1.815094E-4
3.1519642 1.785502E-4
3.1522108 1.756869E-4
3.1524574 1.762957E-4
3.1527040 1.780499E-4
3.1529506 1.777422E-4
3.1531972 1.762740E-4
3.1534438 1.753580E-4
3.1536904 1.760723E-4
3.1539370 1.770521E-4
3.1541836 1.771038E-4
3.1544302 1.772418E-4
3.1546768 1.765088E-4
3.1549233 1.744221E-4
3.1551699 1.751905E-4
3.1554165 1.772035E-4
3.1556631 1.751377E-4
3.1559097 1.724923E-4
3.1561563 1.721279E-4
3.1564029 1.725744E-4
3.1566495 1.729231E-4
3.1568961 1.727262E-4
3.1571427 1.718947E-4
3.1573893 1.711289E-4
3.1576359 1.717818E-4
3.1578825 1.736258E-4
3.1581291 1.757033E-4
3.1583756 1.776298E-4
3.1586222 1.783497E-4
3.1588688 1.774040E-4
3.1591154 1.771959E-4
3.1593620 1.784994E-4
3.1596086 1.798669E-4
3.1598552 1.786591E-4
3.1601018 1.748342E-4
3.1603484 1.736690E-4
3.1605950 1.758418E-4
3.1608416 1.787763E-4
3.1610882 1.801099E-4
3.1613348 1.793633E-4
3.1615814 1.782641E-4
3.1618279 1.789702E-4
3.1620745 1.820196E-4
3.1623211 1.843398E-4
3.1625677 1.841477E-4
3.1628143 1.817514E-4
3.1630609 1.815099E-4
3.1633075 1.841778E-4
3.1635541 1.852069E-4
3.1638007 1.841925E-4
3.1640473 1.824956E-4
3.1642939 1.822574E-4
3.1645405 1.833573E-4
3.1647871 1.840796E-4
3.1650336 1.831253E-4
3.1652802 1.804944E-4
3.1655268 1.776766E-4
3.1657734 1.765703E-4
3.1660200 1.772062E-4
3.1662666 1.774763E-4
3.1665132 1.759272E-4
3.1667598 1.730697E-4
3.1670064 1.709911E-4
3.1672530 1.706841E-4
3.1674996 1.708357E-4
3.1677462 1.715655E-4
3.1679928 1.728742E-4
3.1682394 1.756551E-4
3.1684859 1.782302E-4
3.1687325 1.780407E-4
3.1689791 1.770938E-4
3.1692257 1.800251E-4
3.1694723 1.795635E-4
3.1697189 1.793518E-4
3.1699655 1.794159E-4
3.1702121 1.795096E-4
3.1704587 1.794360E-4
3.1707053 1.790860E-4
3.1709519 1.783163E-4
3.1711985 1.771609E-4
3.1714451 1.762721E-4
3.1716916 1.762989E-4
3.1719382 1.772741E-4
3.1721848 1.787650E-4
3.1724314 1.803825E-4
3.1726780 1.817881E-4
3.1729246 1.826308E-4
3.1731712 1.826653E-4
3.1734178 1.822233E-4
3.1736644 1.817033E-4
3.1739110 1.811867E-4
3.1741576 1.803786E-4
3.1744042 1.789236E-4
3.1746508 1.774646E-4
3.1748974 1.768548E-4
3.1751439 1.777739E-4
3.1753905 1.790713E-4
3.1756371 1.795844E-4
3.1758837 1.788069E-4
3.1761303 1.774673E-4
3.1763769 1.761040E-4
3.1766235 1.752186E-4
3.1768701 1.752721E-4
3.1771167 1.767099E-4
3.1773633 1.787188E-4
3.1776099 1.803987E-4
3.1778565 1.811291E-4
3.1781031 1.811183E-4
3.1783497 1.804699E-4
3.1785962 1.794865E-4
3.1788428 1.785856E-4
3.1790894 1.782132E-4
3.1793360 1.783450E-4
3.1795826 1.788785E-4
3.1798292 1.796868E-4
3.1800758 1.806693E-4
3.1803224 1.817158E-4
3.1805690 1.826374E-4
3.1808156 1.831944E-4
3.1810622 1.831523E-4
3.1813088 1.827242E-4
3.1815554 1.822189E-4
3.1818019 1.819248E-4
3.1820485 1.820425E-4
3.1822951 1.827982E-4
3.1825417 1.841347E-4
3.1827883 1.855807E-4
3.1830349 1.866381E-4
3.1832815 1.872613E-4
3.1835281 1.875634E-4
3.1837747 1.876596E-4
3.1840213 1.872904E-4
3.1842679 1.862124E-4
3.1845145 1.844339E-4
3.1847611 1.825064E-4
3.1850077 1.809783E-4
3.1852542 1.799796E-4
3.1855008 1.794009E-4
3.1857474 1.791179E-4
3.1859940 1.792644E-4
3.1862406 1.799732E-4
3.1864872 1.812323E-4
3.1867338 1.825397E-4
3.1869804 1.833292E-4
3.1872270 1.836412E-4
3.1874736 1.839967E-4
3.1877202 1.849607E-4
3.1879668 1.858731E-4
3.1882134 1.859165E-4
3.1884599 1.845032E-4
3.1887065 1.822938E-4
3.1889531 1.799026E-4
3.1891997 1.778417E-4
3.1894463 1.764199E-4
3.1896929 1.759635E-4
3.1899395 1.764940E-4
3.1901861 1.779058E-4
3.1904327 1.800375E-4
3.1906793 1.821277E-4
3.1909259 1.833232E-4
3.1911725 1.833433E-4
3.1914191 1.830702E-4
3.1916657 1.834460E-4
3.1919122 1.841153E-4
3.1921588 1.841785E-4
3.1924054 1.828565E-4
3.1926520 1.806784E-4
3.1928986 1.782109E-4
3.1931452 1.760137E-4
3.1933918 1.746347E-4
3.1936384 1.747604E-4
3.1938850 1.760254E-4
3.1941316 1.773530E-4
3.1943782 1.776550E-4
3.1946248 1.771589E-4
3.1948714 1.762873E-4
3.1951180 1.753944E-4
3.1953645 1.741963E-4
3.1956111 1.724144E-4
3.1958577 1.704173E-4
3.1961043 1.692498E-4
3.1963509 1.699078E-4
3.1965975 1.720023E-4
3.1968441 1.748003E-4
3.1970907 1.776001E-4
3.1973373 1.799066E-4
3.1975839 1.811171E-4
3.1978305 1.811470E-4
3.1980771 1.807729E-4
3.1983237 1.809049E-4
3.1985702 1.811452E-4
3.1988168 1.806347E-4
3.1990634 1.786182E-4
3.1993100 1.761216E-4
3.1995566 1.742210E-4
3.1998032 1.735948E-4
3.2000498 1.738604E-4
3.2002964 1.747443E-4
3.2005430 1.759090E-4
3.2007896 1.769913E-4
3.2010362 1.776214E-4
3.2012828 1.776769E-4
3.2015294 1.770825E-4
3.2017760 1.759084E-4
3.2020225 1.747617E-4
3.2022691 1.742672E-4
3.2025157 1.746160E-4
3.2027623 1.755632E-4
3.2030089 1.768964E-4
3.2032555 1.783114E-4
3.2035021 1.794810E-4
3.2037487 1.801280E-4
3.2039953 1.802316E-4
3.2042419 1.797692E-4
3.2044885 1.789683E-4
3.2047351 1.783788E-4
3.2049817 1.785200E-4
3.2052282 1.795700E-4
3.2054748 1.815471E-4
3.2057214 1.844036E-4
3.2059680 1.875470E-4
3.2062146 1.903612E-4
3.2064612 1.923158E-4
3.2067078 1.930908E-4
3.2069544 1.922818E-4
3.2072010 1.903517E-4
3.2074476 1.881948E-4
3.2076942 1.867218E-4
3.2079408 1.857184E-4
3.2081874 1.848745E-4
3.2084340 1.839831E-4
3.2086805 1.833251E-4
3.2089271 1.831148E-4
3.2091737 1.833085E-4
3.2094203 1.836631E-4
3.2096669 1.839737E-4
3.2099135 1.841707E-4
3.2101601 1.841782E-4
3.2104067 1.839734E-4
3.2106533 1.841116E-4
3.2108999 1.852298E-4
3.2111465 1.870893E-4
3.2113931 1.883997E-4
3.2116397 1.879479E-4
3.2118863 1.859275E-4
3.2121328 1.829379E-4
3.2123794 1.795631E-4
3.2126260 1.768254E-4
3.2128726 1.758614E-4
3.2131192 1.769401E-4
3.2133658 1.786893E-4
3.2136124 1.797399E-4
3.2138590 1.800024E-4
3.2141056 1.799386E-4
3.2143522 1.799431E-4
3.2145988 1.800527E-4
3.2148454 1.803421E-4
3.2150920 1.808695E-4
3.2153385 1.815946E-4
3.2155851 1.824363E-4
3.2158317 1.833972E-4
3.2160783 1.845281E-4
3.2163249 1.858937E-4
3.2165715 1.871030E-4
3.2168181 1.877280E-4
3.2170647 1.874806E-4
3.2173113 1.866484E-4
3.2175579 1.854609E-4
3.2178045 1.842630E-4
3.2180511 1.834780E-4
3.2182977 1.836190E-4
3.2185443 1.842028E-4
3.2187908 1.845162E-4
3.2190374 1.839604E-4
3.2192840 1.830027E-4
3.2195306 1.820793E-4
3.2197772 1.815175E-4
3.2200238 1.814210E-4
3.2202704 1.819876E-4
3.2205170 1.830384E-4
3.2207636 1.842299E-4
3.2210102 1.851763E-4
3.2212568 1.863557E-4
3.2215034 1.883204E-4
3.2217500 1.910660E-4
3.2219965 1.930893E-4
3.2222431 1.928544E-4
3.2224897 1.906523E-4
3.2227363 1.878498E-4
3.2229829 1.858017E-4
3.2232295 1.840872E-4
3.2234761 1.821544E-4
3.2237227 1.797389E-4
3.2239693 1.777868E-4
3.2242159 1.770966E-4
3.2244625 1.778689E-4
3.2247091 1.797290E-4
3.2249557 1.824186E-4
3.2252023 1.850408E-4
3.2254488 1.865892E-4
3.2256954 1.862962E-4
3.2259420 1.849610E-4
3.2261886 1.833466E-4
3.2264352 1.821292E-4
3.2266818 1.817642E-4
3.2269284 1.828740E-4
3.2271750 1.847917E-4
3.2274216 1.864496E-4
3.2276682 1.868795E-4
3.2279148 1.862940E-4
3.2281614 1.849029E-4
3.2284080 1.830850E-4
3.2286546 1.814874E-4
3.2289011 1.807985E-4
3.2291477 1.812062E-4
3.2293943 1.825967E-4
3.2296409 1.848219E-4
3.2298875 1.874009E-4
3.2301341 1.897601E-4
3.2303807 1.914124E-4
3.2306273 1.923040E-4
3.2308739 1.925807E-4
3.2311205 1.917557E-4
3.2313671 1.889491E-4
3.2316137 1.831652E-4
3.2318603 1.767965E-4
3.2321068 1.727266E-4
3.2323534 1.731169E-4
3.2326000 1.761170E-4
3.2328466 1.800097E-4
3.2330932 1.835400E-4
3.2333398 1.861859E-4
3.2335864 1.871248E-4
3.2338330 1.869112E-4
3.2340796 1.865238E-4
3.2343262 1.868909E-4
3.2345728 1.875238E-4
3.2348194 1.879437E-4
3.2350660 1.880017E-4
3.2353126 1.882227E-4
3.2355591 1.890812E-4
3.2358057 1.903236E-4
3.2360523 1.914023E-4
3.2362989 1.918362E-4
3.2365455 1.916654E-4
3.2367921 1.909321E-4
3.2370387 1.897967E-4
3.2372853 1.887343E-4
3.2375319 1.883183E-4
3.2377785 1.884165E-4
3.2380251 1.884514E-4
3.2382717 1.878108E-4
3.2385183 1.870339E-4
3.2387648 1.867823E-4
3.2390114 1.874703E-4
3.2392580 1.883312E-4
3.2395046 1.886643E-4
3.2397512 1.882059E-4
3.2399978 1.871648E-4
3.2402444 1.856777E-4
3.2404910 1.840880E-4
3.2407376 1.827947E-4
3.2409842 1.821457E-4
3.2412308 1.820828E-4
3.2414774 1.825485E-4
3.2417240 1.833727E-4
3.2419706 1.842458E-4
3.2422171 1.848169E-4
3.2424637 1.850715E-4
3.2427103 1.851235E-4
3.2429569 1.850806E-4
3.2432035 1.849204E-4
3.2434501 1.846686E-4
3.2436967 1.842997E-4
3.2439433 1.836157E-4
3.2441899 1.823588E-4
3.2444365 1.809188E-4
3.2446831 1.800060E-4
3.2449297 1.802641E-4
3.2451763 1.815153E-4
3.2454229 1.834907E-4
3.2456694 1.858180E-4
3.2459160 1.878024E-4
3.2461626 1.887227E-4
3.2464092 1.884135E-4
3.2466558 1.872121E-4
3.2469024 1.854198E-4
3.2471490 1.836169E-4
3.2473956 1.824417E-4
3.2476422 1.824108E-4
3.2478888 1.832211E-4
3.2481354 1.845520E-4
3.2483820 1.860922E-4
3.2486286 1.876064E-4
3.2488751 1.888176E-4
3.2491217 1.896014E-4
3.2493683 1.899135E-4
3.2496149 1.897592E-4
3.2498615 1.892971E-4
3.2501081 1.887036E-4
3.2503547 1.881994E-4
3.2506013 1.880650E-4
3.2508479 1.885481E-4
3.2510945 1.896595E-4
3.2513411 1.912762E-4
3.2515877 1.933011E-4
3.2518343 1.949869E-4
3.2520809 1.955269E-4
3.2523274 1.945203E-4
3.2525740 1.929044E-4
3.2528206 1.915619E-4
3.2530672 1.908596E-4
3.2533138 1.907477E-4
3.2535604 1.912818E-4
3.2538070 1.918896E-4
3.2540536 1.918938E-4
3.2543002 1.908023E-4
3.2545468 1.891858E-4
3.2547934 1.875477E-4
3.2550400 1.863418E-4
3.2552866 1.859040E-4
3.2555331 1.866722E-4
3.2557797 1.881595E-4
3.2560263 1.896158E-4
3.2562729 1.903585E-4
3.2565195 1.907244E-4
3.2567661 1.910719E-4
3.2570127 1.914822E-4
3.2572593 1.914936E-4
3.2575059 1.906640E-4
3.2577525 1.893333E-4
3.2579991 1.881435E-4
3.2582457 1.877079E-4
3.2584923 1.876765E-4
3.2587389 1.876248E-4
3.2589854 1.873662E-4
3.2592320 1.874894E-4
3.2594786 1.885648E-4
3.2597252 1.903227E-4
3.2599718 1.919906E-4
3.2602184 1.928557E-4
3.2604650 1.929762E-4
3.2607116 1.924794E-4
3.2609582 1.915486E-4
3.2612048 1.906436E-4
3.2614514 1.903704E-4
3.2616980 1.905674E-4
3.2619446 1.903302E-4
3.2621912 1.887322E-4
3.2624377 1.865032E-4
3.2626843 1.846860E-4
3.2629309 1.841413E-4
3.2631775 1.849056E-4
3.2634241 1.871313E-4
3.2636707 1.903061E-4
3.2639173 1.929859E-4
3.2641639 1.936418E-4
3.2644105 1.926050E-4
3.2646571 1.908650E-4
3.2649037 1.893710E-4
3.2651503 1.881240E-4
3.2653969 1.871500E-4
3.2656434 1.865232E-4
3.2658900 1.864619E-4
3.2661366 1.871081E-4
3.2663832 1.882895E-4
3.2666298 1.896663E-4
3.2668764 1.909570E-4
3.2671230 1.915726E-4
3.2673696 1.909035E-4
3.2676162 1.887148E-4
3.2678628 1.861488E-4
3.2681094 1.843446E-4
3.2683560 1.836788E-4
3.2686026 1.838379E-4
3.2688492 1.845863E-4
3.2690957 1.856139E-4
3.2693423 1.865486E-4
3.2695889 1.870673E-4
3.2698355 1.873994E-4
3.2700821 1.878024E-4
3.2703287 1.882907E-4
3.2705753 1.885458E-4
3.2708219 1.882765E-4
3.2710685 1.876953E-4
3.2713151 1.871484E-4
3.2715617 1.869380E-4
3.2718083 1.870978E-4
3.2720549 1.876640E-4
3.2723014 1.885469E-4
3.2725480 1.894337E-4
3.2727946 1.900600E-4
3.2730412 1.902017E-4
3.2732878 1.896809E-4
3.2735344 1.882996E-4
3.2737810 1.869598E-4
3.2740276 1.866646E-4
3.2742742 1.879349E-4
3.2745208 1.896758E-4
3.2747674 1.908088E-4
3.2750140 1.911450E-4
3.2752606 1.911530E-4
3.2755072 1.912666E-4
3.2757537 1.912214E-4
3.2760003 1.906964E-4
3.2762469 1.895305E-4
3.2764935 1.882959E-4
3.2767401 1.875588E-4
3.2769867 1.874679E-4
3.2772333 1.876902E-4
3.2774799 1.878673E-4
3.2777265 1.881575E-4
3.2779731 1.888201E-4
3.2782197 1.900235E-4
3.2784663 1.909864E-4
3.2787129 1.909186E-4
3.2789595 1.895857E-4
3.2792060 1.877532E-4
3.2794526 1.861727E-4
3.2796992 1.849398E-4
3.2799458 1.839008E-4
3.2801924 1.829227E-4
3.2804390 1.823968E-4
3.2806856 1.827130E-4
3.2809322 1.839650E-4
3.2811788 1.855000E-4
3.2814254 1.866551E-4
3.2816720 1.873837E-4
3.2819186 1.880124E-4
3.2821652 1.888436E-4
3.2824117 1.897576E-4
3.2826583 1.906122E-4
3.2829049 1.913140E-4
3.2831515 1.919330E-4
3.2833981 1.924782E-4
3.2836447 1.930204E-4
3.2838913 1.936808E-4
3.2841379 1.946855E-4
3.2843845 1.953962E-4
3.2846311 1.950133E-4
3.2848777 1.929668E-4
3.2851243 1.904834E-4
3.2853709 1.888198E-4
3.2856175 1.884043E-4
3.2858640 1.883476E-4
3.2861106 1.878296E-4
3.2863572 1.869936E-4
3.2866038 1.862710E-4
3.2868504 1.860239E-4
3.2870970 1.860119E-4
3.2873436 1.860127E-4
3.2875902 1.859292E-4
3.2878368 1.859416E-4
3.2880834 1.861234E-4
3.2883300 1.867310E-4
3.2885766 1.880771E-4
3.2888232 1.904627E-4
3.2890697 1.931620E-4
3.2893163 1.953590E-4
3.2895629 1.964263E-4
3.2898095 1.963779E-4
3.2900561 1.951744E-4
3.2903027 1.931119E-4
3.2905493 1.907491E-4
3.2907959 1.886390E-4
3.2910425 1.871745E-4
3.2912891 1.866875E-4
3.2915357 1.873517E-4
3.2917823 1.886339E-4
3.2920289 1.899878E-4
3.2922755 1.909694E-4
3.2925220 1.913295E-4
3.2927686 1.908065E-4
3.2930152 1.895602E-4
3.2932618 1.878964E-4
3.2935084 1.861453E-4
3.2937550 1.848907E-4
3.2940016 1.847468E-4
3.2942482 1.859028E-4
3.2944948 1.877468E-4
3.2947414 1.896691E-4
3.2949880 1.914725E-4
3.2952346 1.931316E-4
3.2954812 1.945558E-4
3.2957278 1.958593E-4
3.2959743 1.972407E-4
3.2962209 1.986604E-4
3.2964675 1.992204E-4
3.2967141 1.979775E-4
3.2969607 1.952740E-4
3.2972073 1.923433E-4
3.2974539 1.903877E-4
3.2977005 1.892620E-4
3.2979471 1.886440E-4
3.2981937 1.882712E-4
3.2984403 1.883490E-4
3.2986869 1.890187E-4
3.2989335 1.901181E-4
3.2991800 1.911720E-4
3.2994266 1.917341E-4
3.2996732 1.918159E-4
3.2999198 1.915502E-4
3.3001664 1.910860E-4
3.3004130 1.906298E-4
3.3006596 1.904056E-4
3.3009062 1.905588E-4
3.3011528 1.910950E-4
3.3013994 1.920256E-4
3.3016460 1.931631E-4
3.3018926 1.942487E-4
3.3021392 1.950459E-4
3.3023858 1.953547E-4
3.3026323 1.949807E-4
3.3028789 1.939523E-4
3.3031255 1.928172E-4
3.3033721 1.920962E-4
3.3036187 1.919848E-4
3.3038653 1.924561E-4
3.3041119 1.935252E-4
3.3043585 1.946238E-4
3.3046051 1.950946E-4
3.3048517 1.945242E-4
3.3050983 1.935797E-4
3.3053449 1.929341E-4
3.3055915 1.927182E-4
3.3058380 1.925417E-4
3.3060846 1.920416E-4
3.3063312 1.914696E-4
3.3065778 1.911638E-4
3.3068244 1.913660E-4
3.3070710 1.917496E-4
3.3073176 1.920364E-4
3.3075642 1.920006E-4
3.3078108 1.915139E-4
3.3080574 1.903605E-4
3.3083040 1.890079E-4
3.3085506 1.881253E-4
3.3087972 1.883162E-4
3.3090438 1.891729E-4
3.3092903 1.902439E-4
3.3095369 1.912002E-4
3.3097835 1.920640E-4
3.3100301 1.927947E-4
3.3102767 1.932960E-4
3.3105233 1.934674E-4
3.3107699 1.932781E-4
3.3110165 1.925908E-4
3.3112631 1.912606E-4
3.3115097 1.893664E-4
3.3117563 1.877517E-4
3.3120029 1.872893E-4
3.3122495 1.880104E-4
3.3124961 1.892618E-4
3.3127426 1.903835E-4
3.3129892 1.914493E-4
3.3132358 1.926204E-4
3.3134824 1.939659E-4
3.3137290 1.950212E-4
3.3139756 1.953691E-4
3.3142222 1.949182E-4
3.3144688 1.939846E-4
3.3147154 1.928480E-4
3.3149620 1.917997E-4
3.3152086 1.911223E-4
3.3154552 1.910556E-4
3.3157018 1.915104E-4
3.3159483 1.923984E-4
3.3161949 1.934811E-4
3.3164415 1.942816E-4
3.3166881 1.942160E-4
3.3169347 1.936057E-4
3.3171813 1.931522E-4
3.3174279 1.935151E-4
3.3176745 1.941078E-4
3.3179211 1.943097E-4
3.3181677 1.936945E-4
3.3184143 1.924070E-4
3.3186609 1.904834E-4
3.3189075 1.882588E-4
3.3191541 1.862499E-4
3.3194006 1.849745E-4
3.3196472 1.843084E-4
3.3198938 1.840552E-4
3.3201404 1.839973E-4
3.3203870 1.837713E-4
3.3206336 1.829007E-4
3.3208802 1.816062E-4
3.3211268 1.808031E-4
3.3213734 1.814480E-4
3.3216200 1.830574E-4
3.3218666 1.848253E-4
3.3221132 1.860581E-4
3.3223598 1.873409E-4
3.3226063 1.892515E-4
3.3228529 1.918361E-4
3.3230995 1.942652E-4
3.3233461 1.957252E-4
3.3235927 1.964566E-4
3.3238393 1.970767E-4
3.3240859 1.981442E-4
3.3243325 1.992444E-4
3.3245791 1.999540E-4
3.3248257 2.000223E-4
3.3250723 1.996400E-4
3.3253189 1.989359E-4
3.3255655 1.980028E-4
3.3258121 1.969190E-4
3.3260586 1.958075E-4
3.3263052 1.945325E-4
3.3265518 1.929262E-4
3.3267984 1.909498E-4
3.3270450 1.891131E-4
3.3272916 1.879142E-4
3.3275382 1.874602E-4
3.3277848 1.875091E-4
3.3280314 1.878683E-4
3.3282780 1.883719E-4
3.3285246 1.888315E-4
3.3287712 1.891112E-4
3.3290178 1.897574E-4
3.3292644 1.913481E-4
3.3295109 1.938440E-4
3.3297575 1.963624E-4
3.3300041 1.980770E-4
3.3302507 1.989000E-4
3.3304973 1.989934E-4
3.3307439 1.985284E-4
3.3309905 1.977785E-4
3.3312371 1.970485E-4
3.3314837 1.965725E-4
3.3317303 1.964145E-4
3.3319769 1.967358E-4
3.3322235 1.971759E-4
3.3324701 1.971412E-4
3.3327166 1.960351E-4
3.3329632 1.946481E-4
3.3332098 1.938659E-4
3.3334564 1.942495E-4
3.3337030 1.952026E-4
3.3339496 1.962239E-4
3.3341962 1.970071E-4
3.3344428 1.974196E-4
3.3346894 1.972587E-4
3.3349360 1.967739E-4
3.3351826 1.963106E-4
3.3354292 1.961379E-4
3.3356758 1.958990E-4
3.3359224 1.952469E-4
3.3361689 1.941850E-4
3.3364155 1.931293E-4
3.3366621 1.924478E-4
3.3369087 1.921664E-4
3.3371553 1.922152E-4
3.3374019 1.925135E-4
3.3376485 1.928336E-4
3.3378951 1.929252E-4
3.3381417 1.926661E-4
3.3383883 1.921775E-4
3.3386349 1.915975E-4
3.3388815 1.909573E-4
3.3391281 1.902505E-4
3.3393746 1.894604E-4
3.3396212 1.890428E-4
3.3398678 1.894838E-4
3.3401144 1.909418E-4
3.3403610 1.926254E-4
3.3406076 1.937179E-4
3.3408542 1.941728E-4
3.3411008 1.944374E-4
3.3413474 1.949465E-4
3.3415940 1.953972E-4
3.3418406 1.954416E-4
3.3420872 1.948805E-4
3.3423338 1.941213E-4
3.3425804 1.934809E-4
3.3428269 1.932613E-4
3.3430735 1.937150E-4
3.3433201 1.951941E-4
3.3435667 1.969373E-4
3.3438133 1.979399E-4
3.3440599 1.973818E-4
3.3443065 1.959183E-4
3.3445531 1.942124E-4
3.3447997 1.926584E-4
3.3450463 1.911540E-4
3.3452929 1.896525E-4
3.3455395 1.883727E-4
3.3457861 1.875997E-4
3.3460327 1.875644E-4
3.3462792 1.878590E-4
3.3465258 1.880349E-4
3.3467724 1.878746E-4
3.3470190 1.877735E-4
3.3472656 1.880834E-4
3.3475122 1.888358E-4
3.3477588 1.898833E-4
3.3480054 1.911042E-4
3.3482520 1.923746E-4
3.3484986 1.935583E-4
3.3487452 1.945540E-4
3.3489918 1.954198E-4
3.3492384 1.962090E-4
3.3494849 1.969479E-4
3.3497315 1.976360E-4
3.3499781 1.983076E-4
3.3502247 1.988331E-4
3.3504713 1.990516E-4
3.3507179 1.988643E-4
3.3509645 1.986324E-4
3.3512111 1.987221E-4
3.3514577 1.991977E-4
3.3517043 1.997160E-4
3.3519509 1.999865E-4
3.3521975 1.999063E-4
3.3524441 1.994187E-4
3.3526907 1.984569E-4
3.3529372 1.975522E-4
3.3531838 1.973350E-4
3.3534304 1.978322E-4
3.3536770 1.977590E-4
3.3539236 1.958029E-4
3.3541702 1.924669E-4
3.3544168 1.890806E-4
3.3546634 1.868648E-4
3.3549100 1.858045E-4
3.3551566 1.858234E-4
3.3554032 1.867346E-4
3.3556498 1.881054E-4
3.3558964 1.894611E-4
3.3561429 1.904395E-4
3.3563895 1.908024E-4
3.3566361 1.902754E-4
3.3568827 1.893517E-4
3.3571293 1.886848E-4
3.3573759 1.887934E-4
3.3576225 1.892480E-4
3.3578691 1.895894E-4
3.3581157 1.898990E-4
3.3583623 1.908656E-4
3.3586089 1.931105E-4
3.3588555 1.962018E-4
3.3591021 1.994353E-4
3.3593487 2.021583E-4
3.3595952 2.038428E-4
3.3598418 2.039534E-4
3.3600884 2.023889E-4
3.3603350 1.997877E-4
3.3605816 1.967587E-4
3.3608282 1.939218E-4
3.3610748 1.918637E-4
3.3613214 1.911167E-4
3.3615680 1.913558E-4
3.3618146 1.921904E-4
3.3620612 1.931700E-4
3.3623078 1.937821E-4
3.3625544 1.933839E-4
3.3628010 1.922295E-4
3.3630475 1.911150E-4
3.3632941 1.908706E-4
3.3635407 1.910971E-4
3.3637873 1.912615E-4
3.3640339 1.910264E-4
3.3642805 1.910219E-4
3.3645271 1.917957E-4
3.3647737 1.934180E-4
3.3650203 1.954946E-4
3.3652669 1.977351E-4
3.3655135 1.996556E-4
3.3657601 2.007263E-4
3.3660067 2.005569E-4
3.3662532 1.999501E-4
3.3664998 1.997655E-4
3.3667464 2.002483E-4
3.3669930 2.006466E-4
3.3672396 2.002808E-4
3.3674862 1.992785E-4
3.3677328 1.980263E-4
3.3679794 1.968597E-4
3.3682260 1.959280E-4
3.3684726 1.954128E-4
3.3687192 1.953594E-4
3.3689658 1.954859E-4
3.3692124 1.954513E-4
3.3694590 1.953413E-4
3.3697055 1.954500E-4
3.3699521 1.960549E-4
3.3701987 1.967577E-4
3.3704453 1.971217E-4
3.3706919 1.968408E-4
3.3709385 1.960419E-4
3.3711851 1.948196E-4
3.3714317 1.934028E-4
3.3716783 1.921068E-4
3.3719249 1.912055E-4
3.3721715 1.909720E-4
3.3724181 1.916645E-4
3.3726647 1.933701E-4
3.3729112 1.950689E-4
3.3731578 1.956763E-4
3.3734044 1.950157E-4
3.3736510 1.941283E-4
3.3738976 1.940087E-4
3.3741442 1.945559E-4
3.3743908 1.953603E-4
3.3746374 1.960631E-4
3.3748840 1.966865E-4
3.3751306 1.972204E-4
3.3753772 1.975982E-4
3.3756238 1.976513E-4
3.3758704 1.972364E-4
3.3761170 1.964050E-4
3.3763635 1.953061E-4
3.3766101 1.941047E-4
3.3768567 1.929092E-4
3.3771033 1.918244E-4
3.3773499 1.909831E-4
3.3775965 1.906319E-4
3.3778431 1.909913E-4
3.3780897 1.920160E-4
3.3783363 1.934719E-4
3.3785829 1.951755E-4
3.3788295 1.966729E-4
3.3790761 1.974654E-4
3.3793227 1.972718E-4
3.3795693 1.969305E-4
3.3798158 1.972400E-4
3.3800624 1.984496E-4
3.3803090 2.001592E-4
3.3805556 2.022127E-4
3.3808022 2.035842E-4
3.3810488 2.030722E-4
3.3812954 1.997712E-4
3.3815420 1.958623E-4
3.3817886 1.935644E-4
3.3820352 1.938739E-4
3.3822818 1.955257E-4
3.3825284 1.975360E-4
3.3827750 1.991168E-4
3.3830215 1.995675E-4
3.3832681 1.981608E-4
3.3835147 1.959620E-4
3.3837613 1.941930E-4
3.3840079 1.935851E-4
3.3842545 1.934399E-4
3.3845011 1.932467E-4
3.3847477 1.926969E-4
3.3849943 1.916316E-4
3.3852409 1.898106E-4
3.3854875 1.879859E-4
3.3857341 1.870183E-4
3.3859807 1.875233E-4
3.3862273 1.891528E-4
3.3864738 1.916326E-4
3.3867204 1.944985E-4
3.3869670 1.971473E-4
3.3872136 1.989336E-4
3.3874602 1.998549E-4
3.3877068 2.000815E-4
3.3879534 1.998162E-4
3.3882000 1.990763E-4
3.3884466 1.978978E-4
3.3886932 1.965536E-4
3.3889398 1.956378E-4
3.3891864 1.957635E-4
3.3894330 1.967157E-4
3.3896795 1.979930E-4
3.3899261 1.990965E-4
3.3901727 2.002911E-4
3.3904193 2.018598E-4
3.3906659 2.037759E-4
3.3909125 2.052999E-4
3.3911591 2.057034E-4
3.3914057 2.051487E-4
3.3916523 2.042445E-4
3.3918989 2.035576E-4
3.3921455 2.030633E-4
3.3923921 2.027401E-4
3.3926387 2.024971E-4
3.3928853 2.019294E-4
3.3931318 2.005078E-4
3.3933784 1.985542E-4
3.3936250 1.970473E-4
3.3938716 1.969697E-4
3.3941182 1.977433E-4
3.3943648 1.985307E-4
3.3946114 1.986519E-4
3.3948580 1.985382E-4
3.3951046 1.986289E-4
3.3953512 1.988684E-4
3.3955978 1.985661E-4
3.3958444 1.970094E-4
3.3960910 1.950217E-4
3.3963376 1.937967E-4
3.3965841 1.943459E-4
3.3968307 1.961215E-4
3.3970773 1.985875E-4
3.3973239 2.011386E-4
3.3975705 2.031458E-4
3.3978171 2.038940E-4
3.3980637 2.034472E-4
3.3983103 2.022334E-4
3.3985569 2.006742E-4
3.3988035 1.992258E-4
3.3990501 1.983834E-4
3.3992967 1.983796E-4
3.3995433 1.986886E-4
3.3997898 1.988532E-4
3.4000364 1.985457E-4
3.4002830 1.975682E-4
3.4005296 1.956242E-4
3.4007762 1.936212E-4
3.4010228 1.926362E-4
3.4012694 1.933935E-4
3.4015160 1.948204E-4
3.4017626 1.958884E-4
3.4020092 1.962096E-4
3.4022558 1.961437E-4
3.4025024 1.959563E-4
3.4027490 1.957463E-4
3.4029956 1.955981E-4
3.4032421 1.956093E-4
3.4034887 1.958908E-4
3.4037353 1.965587E-4
3.4039819 1.975375E-4
3.4042285 1.984568E-4
3.4044751 1.989468E-4
3.4047217 1.990371E-4
3.4049683 1.989173E-4
3.4052149 1.987796E-4
3.4054615 1.987395E-4
3.4057081 1.988818E-4
3.4059547 1.993390E-4
3.4062013 2.004233E-4
3.4064478 2.025061E-4
3.4066944 2.050386E-4
3.4069410 2.069689E-4
3.4071876 2.073338E-4
3.4074342 2.061423E-4
3.4076808 2.035353E-4
3.4079274 1.998626E-4
3.4081740 1.961376E-4
3.4084206 1.934639E-4
3.4086672 1.921806E-4
3.4089138 1.918830E-4
3.4091604 1.921239E-4
3.4094070 1.930055E-4
3.4096536 1.946726E-4
3.4099001 1.971298E-4
3.4101467 1.996225E-4
3.4103933 2.014011E-4
3.4106399 2.021290E-4
3.4108865 2.020668E-4
3.4111331 2.014970E-4
3.4113797 2.004467E-4
3.4116263 1.988929E-4
3.4118729 1.968590E-4
3.4121195 1.950969E-4
3.4123661 1.943827E-4
3.4126127 1.949859E-4
3.4128593 1.961065E-4
3.4131059 1.969700E-4
3.4133524 1.973986E-4
3.4135990 1.975252E-4
3.4138456 1.974665E-4
3.4140922 1.971563E-4
3.4143388 1.965358E-4
3.4145854 1.956762E-4
3.4148320 1.950738E-4
3.4150786 1.952642E-4
3.4153252 1.961258E-4
3.4155718 1.970277E-4
3.4158184 1.973451E-4
3.4160650 1.972399E-4
3.4163116 1.969888E-4
3.4165581 1.968105E-4
3.4168047 1.965087E-4
3.4170513 1.959214E-4
3.4172979 1.950851E-4
3.4175445 1.942743E-4
3.4177911 1.937366E-4
3.4180377 1.935126E-4
3.4182843 1.935842E-4
3.4185309 1.939272E-4
3.4187775 1.944199E-4
3.4190241 1.949026E-4
3.4192707 1.953224E-4
3.4195173 1.958425E-4
3.4197639 1.966672E-4
3.4200104 1.975734E-4
3.4202570 1.981671E-4
3.4205036 1.980682E-4
3.4207502 1.977787E-4
3.4209968 1.978820E-4
3.4212434 1.986252E-4
3.4214900 1.991990E-4
3.4217366 1.987750E-4
3.4219832 1.975910E-4
3.4222298 1.965744E-4
3.4224764 1.965868E-4
3.4227230 1.973332E-4
3.4229696 1.983986E-4
3.4232161 1.994067E-4
3.4234627 2.001784E-4
3.4237093 2.004465E-4
3.4239559 2.002561E-4
3.4242025 1.999642E-4
3.4244491 1.999715E-4
3.4246957 2.001011E-4
3.4249423 2.000633E-4
3.4251889 1.996393E-4
3.4254355 1.992196E-4
3.4256821 1.991417E-4
3.4259287 1.995892E-4
3.4261753 2.005017E-4
3.4264219 2.019451E-4
3.4266684 2.033088E-4
3.4269150 2.037695E-4
3.4271616 2.026013E-4
3.4274082 2.005499E-4
3.4276548 1.984306E-4
3.4279014 1.968555E-4
3.4281480 1.958285E-4
3.4283946 1.954330E-4
3.4286412 1.956219E-4
3.4288878 1.962526E-4
3.4291344 1.971649E-4
3.4293810 1.980143E-4
3.4296276 1.984390E-4
3.4298742 1.982329E-4
3.4301207 1.977890E-4
3.4303673 1.974913E-4
3.4306139 1.975553E-4
3.4308605 1.980235E-4
3.4311071 1.989432E-4
3.4313537 2.002574E-4
3.4316003 2.018616E-4
3.4318469 2.036017E-4
3.4320935 2.051284E-4
3.4323401 2.060882E-4
3.4325867 2.062851E-4
3.4328333 2.057429E-4
3.4330799 2.045346E-4
3.4333264 2.026766E-4
3.4335730 2.002105E-4
3.4338196 1.972404E-4
3.4340662 1.944926E-4
3.4343128 1.926620E-4
3.4345594 1.921850E-4
3.4348060 1.929889E-4
3.4350526 1.951382E-4
3.4352992 1.978413E-4
3.4355458 1.999251E-4
3.4357924 2.002525E-4
3.4360390 1.995420E-4
3.4362856 1.986591E-4
3.4365322 1.982818E-4
3.4367787 1.982938E-4
3.4370253 1.987427E-4
3.4372719 1.994579E-4
3.4375185 2.001160E-4
3.4377651 2.002804E-4
3.4380117 2.004927E-4
3.4382583 2.014261E-4
3.4385049 2.034912E-4
3.4387515 2.055640E-4
3.4389981 2.065650E-4
3.4392447 2.061342E-4
3.4394913 2.047778E-4
3.4397379 2.029230E-4
3.4399844 2.009355E-4
3.4402310 1.991809E-4
3.4404776 1.979986E-4
3.4407242 1.976525E-4
3.4409708 1.983830E-4
3.4412174 2.000352E-4
3.4414640 2.018205E-4
3.4417106 2.030083E-4
3.4419572 2.032166E-4
3.4422038 2.022628E-4
3.4424504 2.000046E-4
3.4426970 1.973669E-4
3.4429436 1.953625E-4
3.4431902 1.946788E-4
3.4434367 1.949953E-4
3.4436833 1.960515E-4
3.4439299 1.975120E-4
3.4441765 1.990056E-4
3.4444231 2.001410E-4
3.4446697 2.006832E-4
3.4449163 2.004502E-4
3.4451629 1.993977E-4
3.4454095 1.979452E-4
3.4456561 1.965452E-4
3.4459027 1.955239E-4
3.4461493 1.950465E-4
3.4463959 1.952124E-4
3.4466425 1.962468E-4
3.4468890 1.983611E-4
3.4471356 2.016050E-4
3.4473822 2.046350E-4
3.4476288 2.060734E-4
3.4478754 2.055232E-4
3.4481220 2.040948E-4
3.4483686 2.027474E-4
3.4486152 2.020372E-4
3.4488618 2.023563E-4
3.4491084 2.040538E-4
3.4493550 2.063760E-4
3.4496016 2.084889E-4
3.4498482 2.097665E-4
3.4500947 2.102062E-4
3.4503413 2.097094E-4
3.4505879 2.085093E-4
3.4508345 2.070256E-4
3.4510811 2.057310E-4
3.4513277 2.045050E-4
3.4515743 2.031733E-4
3.4518209 2.016761E-4
3.4520675 2.004476E-4
3.4523141 1.998919E-4
3.4525607 2.000455E-4
3.4528073 2.006378E-4
3.4530539 2.013868E-4
3.4533005 2.023262E-4
3.4535470 2.035151E-4
3.4537936 2.049489E-4
3.4540402 2.063495E-4
3.4542868 2.074723E-4
3.4545334 2.080816E-4
3.4547800 2.079727E-4
3.4550266 2.069844E-4
3.4552732 2.051805E-4
3.4555198 2.027200E-4
3.4557664 1.997882E-4
3.4560130 1.972844E-4
3.4562596 1.961680E-4
3.4565062 1.967081E-4
3.4567527 1.977300E-4
3.4569993 1.980462E-4
3.4572459 1.976732E-4
3.4574925 1.971737E-4
3.4577391 1.970458E-4
3.4579857 1.970961E-4
3.4582323 1.971411E-4
3.4584789 1.970722E-4
3.4587255 1.969791E-4
3.4589721 1.968969E-4
3.4592187 1.969705E-4
3.4594653 1.974058E-4
3.4597119 1.983926E-4
3.4599585 1.998142E-4
3.4602050 2.014930E-4
3.4604516 2.032232E-4
3.4606982 2.047234E-4
3.4609448 2.057273E-4
3.4611914 2.060646E-4
3.4614380 2.056843E-4
3.4616846 2.045252E-4
3.4619312 2.029712E-4
3.4621778 2.015282E-4
3.4624244 2.006549E-4
3.4626710 2.004371E-4
3.4629176 2.009116E-4
3.4631642 2.020386E-4
3.4634108 2.037032E-4
3.4636573 2.058999E-4
3.4639039 2.077801E-4
3.4641505 2.082379E-4
3.4643971 2.062908E-4
3.4646437 2.031683E-4
3.4648903 2.002056E-4
3.4651369 1.984035E-4
3.4653835 1.977038E-4
3.4656301 1.982525E-4
3.4658767 1.995465E-4
3.4661233 2.007135E-4
3.4663699 2.008044E-4
3.4666165 2.003051E-4
3.4668630 1.998965E-4
3.4671096 2.000577E-4
3.4673562 2.001743E-4
3.4676028 1.996320E-4
3.4678494 1.986332E-4
3.4680960 1.981274E-4
3.4683426 1.990786E-4
3.4685892 2.008182E-4
3.4688358 2.023343E-4
3.4690824 2.027986E-4
3.4693290 2.029138E-4
3.4695756 2.033782E-4
3.4698222 2.043218E-4
3.4700688 2.049749E-4
3.4703153 2.046438E-4
3.4705619 2.036502E-4
3.4708085 2.026352E-4
3.4710551 2.021632E-4
3.4713017 2.024327E-4
3.4715483 2.036399E-4
3.4717949 2.057434E-4
3.4720415 2.082119E-4
3.4722881 2.105156E-4
3.4725347 2.122321E-4
3.4727813 2.130331E-4
3.4730279 2.126191E-4
3.4732745 2.111396E-4
3.4735210 2.088520E-4
3.4737676 2.060829E-4
3.4740142 2.032197E-4
3.4742608 2.006779E-4
3.4745074 1.987740E-4
3.4747540 1.977079E-4
3.4750006 1.975908E-4
3.4752472 1.985335E-4
3.4754938 2.005975E-4
3.4757404 2.036524E-4
3.4759870 2.064943E-4
3.4762336 2.078737E-4
3.4764802 2.074555E-4
3.4767268 2.061290E-4
3.4769733 2.048168E-4
3.4772199 2.034319E-4
3.4774665 2.016579E-4
3.4777131 1.992979E-4
3.4779597 1.972261E-4
3.4782063 1.962551E-4
3.4784529 1.968181E-4
3.4786995 1.986046E-4
3.4789461 2.013959E-4
3.4791927 2.044674E-4
3.4794393 2.069046E-4
3.4796859 2.078457E-4
3.4799325 2.073458E-4
3.4801791 2.055623E-4
3.4804256 2.028654E-4
3.4806722 2.000836E-4
3.4809188 1.981234E-4
3.4811654 1.972174E-4
3.4814120 1.971053E-4
3.4816586 1.975343E-4
3.4819052 1.983303E-4
3.4821518 1.992810E-4
3.4823984 2.001864E-4
3.4826450 2.010252E-4
3.4828916 2.017565E-4
3.4831382 2.024064E-4
3.4833848 2.030682E-4
3.4836313 2.039183E-4
3.4838779 2.046280E-4
3.4841245 2.047616E-4
3.4843711 2.039914E-4
3.4846177 2.031565E-4
3.4848643 2.031124E-4
3.4851109 2.041211E-4
3.4853575 2.053921E-4
3.4856041 2.062194E-4
3.4858507 2.064183E-4
3.4860973 2.060126E-4
3.4863439 2.050274E-4
3.4865905 2.036405E-4
3.4868371 2.020734E-4
3.4870836 2.005977E-4
3.4873302 1.995640E-4
3.4875768 1.993128E-4
3.4878234 1.998776E-4
3.4880700 2.010847E-4
3.4883166 2.027318E-4
3.4885632 2.044834E-4
3.4888098 2.060011E-4
3.4890564 2.069584E-4
3.4893030 2.069263E-4
3.4895496 2.053893E-4
3.4897962 2.027725E-4
3.4900428 2.003416E-4
3.4902893 1.993884E-4
3.4905359 1.994757E-4
3.4907825 1.998348E-4
3.4910291 1.998021E-4
3.4912757 1.994891E-4
3.4915223 1.989250E-4
3.4917689 1.982209E-4
3.4920155 1.975874E-4
3.4922621 1.972303E-4
3.4925087 1.973300E-4
3.4927553 1.980359E-4
3.4930019 1.994562E-4
3.4932485 2.011199E-4
3.4934951 2.025477E-4
3.4937416 2.034063E-4
3.4939882 2.037025E-4
3.4942348 2.033240E-4
3.4944814 2.027697E-4
3.4947280 2.028071E-4
3.4949746 2.041920E-4
3.4952212 2.062884E-4
3.4954678 2.083212E-4
3.4957144 2.096892E-4
3.4959610 2.104974E-4
3.4962076 2.107733E-4
3.4964542 2.105354E-4
3.4967008 2.098002E-4
3.4969474 2.086328E-4
3.4971939 2.071237E-4
3.4974405 2.053855E-4
3.4976871 2.035330E-4
3.4979337 2.016154E-4
3.4981803 1.996687E-4
3.4984269 1.978204E-4
3.4986735 1.963067E-4
3.4989201 1.953616E-4
3.4991667 1.949341E-4
3.4994133 1.948859E-4
3.4996599 1.950819E-4
3.4999065 1.956730E-4
3.5001531 1.968131E-4
3.5003996 1.984773E-4
3.5006462 2.003032E-4
3.5008928 2.018914E-4
3.5011394 2.033865E-4
3.5013860 2.051503E-4
3.5016326 2.075104E-4
3.5018792 2.100499E-4
3.5021258 2.123075E-4
3.5023724 2.139578E-4
3.5026190 2.150951E-4
3.5028656 2.157814E-4
3.5031122 2.159905E-4
3.5033588 2.156536E-4
3.5036054 2.147900E-4
3.5038519 2.132891E-4
3.5040985 2.110351E-4
3.5043451 2.080955E-4
3.5045917 2.054305E-4
3.5048383 2.039999E-4
3.5050849 2.040276E-4
3.5053315 2.049206E-4
3.5055781 2.060915E-4
3.5058247 2.073703E-4
3.5060713 2.086557E-4
3.5063179 2.098112E-4
3.5065645 2.104405E-4
3.5068111 2.101947E-4
3.5070576 2.090177E-4
3.5073042 2.072882E-4
3.5075508 2.053318E-4
3.5077974 2.036112E-4
3.5080440 2.026099E-4
3.5082906 2.027650E-4
3.5085372 2.036545E-4
3.5087838 2.047702E-4
3.5090304 2.057113E-4
3.5092770 2.064576E-4
3.5095236 2.069778E-4
3.5097702 2.070863E-4
3.5100168 2.065465E-4
3.5102634 2.051608E-4
3.5105099 2.034334E-4
3.5107565 2.019537E-4
3.5110031 2.011846E-4
3.5112497 2.010284E-4
3.5114963 2.013643E-4
3.5117429 2.022132E-4
3.5119895 2.037081E-4
3.5122361 2.059755E-4
3.5124827 2.083421E-4
3.5127293 2.100292E-4
3.5129759 2.104181E-4
3.5132225 2.096308E-4
3.5134691 2.077011E-4
3.5137157 2.052031E-4
3.5139622 2.033917E-4
3.5142088 2.036649E-4
3.5144554 2.053186E-4
3.5147020 2.070013E-4
3.5149486 2.074633E-4
3.5151952 2.074209E-4
3.5154418 2.075887E-4
3.5156884 2.082855E-4
3.5159350 2.089282E-4
3.5161816 2.091129E-4
3.5164282 2.086539E-4
3.5166748 2.074901E-4
3.5169214 2.054851E-4
3.5171679 2.036171E-4
3.5174145 2.030065E-4
3.5176611 2.041579E-4
3.5179077 2.053835E-4
3.5181543 2.049592E-4
3.5184009 2.029627E-4
3.5186475 2.008585E-4
3.5188941 1.999950E-4
3.5191407 2.001083E-4
3.5193873 2.007407E-4
3.5196339 2.014884E-4
3.5198805 2.021326E-4
3.5201271 2.023515E-4
3.5203737 2.021731E-4
3.5206202 2.020322E-4
3.5208668 2.023290E-4
3.5211134 2.031172E-4
3.5213600 2.043638E-4
3.5216066 2.060175E-4
3.5218532 2.074409E-4
3.5220998 2.079446E-4
3.5223464 2.073644E-4
3.5225930 2.064947E-4
3.5228396 2.060648E-4
3.5230862 2.062147E-4
3.5233328 2.068275E-4
3.5235794 2.078370E-4
3.5238259 2.086485E-4
3.5240725 2.085871E-4
3.5243191 2.073899E-4
3.5245657 2.060106E-4
3.5248123 2.053903E-4
3.5250589 2.056043E-4
3.5253055 2.061487E-4
3.5255521 2.065903E-4
3.5257987 2.068203E-4
3.5260453 2.067257E-4
3.5262919 2.062569E-4
3.5265385 2.057942E-4
3.5267851 2.057861E-4
3.5270317 2.061496E-4
3.5272782 2.062786E-4
3.5275248 2.055809E-4
3.5277714 2.043589E-4
3.5280180 2.031098E-4
3.5282646 2.022797E-4
3.5285112 2.017518E-4
3.5287578 2.013898E-4
3.5290044 2.012866E-4
3.5292510 2.019091E-4
3.5294976 2.037382E-4
3.5297442 2.062999E-4
3.5299908 2.087776E-4
3.5302374 2.104157E-4
3.5304840 2.114230E-4
3.5307305 2.120544E-4
3.5309771 2.124618E-4
3.5312237 2.124565E-4
3.5314703 2.118767E-4
3.5317169 2.109986E-4
3.5319635 2.103191E-4
3.5322101 2.102798E-4
3.5324567 2.107644E-4
3.5327033 2.116192E-4
3.5329499 2.126090E-4
3.5331965 2.131658E-4
3.5334431 2.126356E-4
3.5336897 2.111910E-4
3.5339362 2.096903E-4
3.5341828 2.089723E-4
3.5344294 2.089261E-4
3.5346760 2.092704E-4
3.5349226 2.097365E-4
3.5351692 2.102455E-4
3.5354158 2.106987E-4
3.5356624 2.109088E-4
3.5359090 2.105875E-4
3.5361556 2.094078E-4
3.5364022 2.077535E-4
3.5366488 2.062389E-4
3.5368954 2.054386E-4
3.5371420 2.049319E-4
3.5373885 2.042432E-4
3.5376351 2.033087E-4
3.5378817 2.029707E-4
3.5381283 2.040294E-4
3.5383749 2.061931E-4
3.5386215 2.086494E-4
3.5388681 2.106780E-4
3.5391147 2.119378E-4
3.5393613 2.120656E-4
3.5396079 2.110269E-4
3.5398545 2.098909E-4
3.5401011 2.098474E-4
3.5403477 2.107956E-4
3.5405942 2.117129E-4
3.5408408 2.116395E-4
3.5410874 2.109543E-4
3.5413340 2.101691E-4
3.5415806 2.097297E-4
3.5418272 2.099622E-4
3.5420738 2.112555E-4
3.5423204 2.133521E-4
3.5425670 2.152981E-4
3.5428136 2.162913E-4
3.5430602 2.156733E-4
3.5433068 2.128979E-4
3.5435534 2.076650E-4
3.5438000 2.019295E-4
3.5440465 1.977177E-4
3.5442931 1.961165E-4
3.5445397 1.964592E-4
3.5447863 1.983095E-4
3.5450329 2.008877E-4
3.5452795 2.032496E-4
3.5455261 2.044007E-4
3.5457727 2.051974E-4
3.5460193 2.066493E-4
3.5462659 2.092164E-4
3.5465125 2.116332E-4
3.5467591 2.127308E-4
3.5470057 2.125865E-4
3.5472523 2.120434E-4
3.5474988 2.118249E-4
3.5477454 2.121873E-4
3.5479920 2.133491E-4
3.5482386 2.153430E-4
3.5484852 2.174164E-4
3.5487318 2.188369E-4
3.5489784 2.191449E-4
3.5492250 2.181971E-4
3.5494716 2.157818E-4
3.5497182 2.125983E-4
3.5499648 2.095736E-4
3.5502114 2.075312E-4
3.5504580 2.063993E-4
3.5507045 2.060939E-4
3.5509511 2.064921E-4
3.5511977 2.074763E-4
3.5514443 2.089237E-4
3.5516909 2.103610E-4
3.5519375 2.112189E-4
3.5521841 2.109970E-4
3.5524307 2.102526E-4
3.5526773 2.095994E-4
3.5529239 2.094095E-4
3.5531705 2.093956E-4
3.5534171 2.093616E-4
3.5536637 2.091963E-4
3.5539103 2.088400E-4
3.5541568 2.082085E-4
3.5544034 2.075155E-4
3.5546500 2.069964E-4
3.5548966 2.068313E-4
3.5551432 2.070029E-4
3.5553898 2.075360E-4
3.5556364 2.082323E-4
3.5558830 2.087344E-4
3.5561296 2.086962E-4
3.5563762 2.082209E-4
3.5566228 2.074877E-4
3.5568694 2.067024E-4
3.5571160 2.063487E-4
3.5573625 2.069698E-4
3.5576091 2.085071E-4
3.5578557 2.101407E-4
3.5581023 2.110246E-4
3.5583489 2.112847E-4
3.5585955 2.113313E-4
3.5588421 2.115292E-4
3.5590887 2.114776E-4
3.5593353 2.107810E-4
3.5595819 2.093819E-4
3.5598285 2.079179E-4
3.5600751 2.070403E-4
3.5603217 2.066094E-4
3.5605683 2.061485E-4
3.5608148 2.052420E-4
3.5610614 2.041616E-4
3.5613080 2.031669E-4
3.5615546 2.025500E-4
3.5618012 2.027600E-4
3.5620478 2.043131E-4
3.5622944 2.068653E-4
3.5625410 2.094909E-4
3.5627876 2.112807E-4
3.5630342 2.121768E-4
3.5632808 2.122755E-4
3.5635274 2.117084E-4
3.5637740 2.104663E-4
3.5640206 2.085252E-4
3.5642671 2.064047E-4
3.5645137 2.051561E-4
3.5647603 2.058789E-4
3.5650069 2.079592E-4
3.5652535 2.103283E-4
3.5655001 2.120174E-4
3.5657467 2.133010E-4
3.5659933 2.143975E-4
3.5662399 2.153554E-4
3.5664865 2.158986E-4
3.5667331 2.158637E-4
3.5669797 2.151302E-4
3.5672263 2.136406E-4
3.5674728 2.114275E-4
3.5677194 2.085804E-4
3.5679660 2.051096E-4
3.5682126 2.014732E-4
3.5684592 1.994221E-4
3.5687058 2.008730E-4
3.5689524 2.048866E-4
3.5691990 2.088865E-4
3.5694456 2.103864E-4
3.5696922 2.099437E-4
3.5699388 2.084272E-4
3.5701854 2.066776E-4
3.5704320 2.052592E-4
3.5706786 2.049464E-4
3.5709251 2.057871E-4
3.5711717 2.071428E-4
3.5714183 2.083643E-4
3.5716649 2.093724E-4
3.5719115 2.101917E-4
3.5721581 2.108438E-4
3.5724047 2.112514E-4
3.5726513 2.113223E-4
3.5728979 2.112378E-4
3.5731445 2.115618E-4
3.5733911 2.128820E-4
3.5736377 2.147901E-4
3.5738843 2.165648E-4
3.5741308 2.175640E-4
3.5743774 2.175976E-4
3.5746240 2.164449E-4
3.5748706 2.142424E-4
3.5751172 2.119029E-4
3.5753638 2.104168E-4
3.5756104 2.097707E-4
3.5758570 2.094345E-4
3.5761036 2.089051E-4
3.5763502 2.083872E-4
3.5765968 2.080856E-4
3.5768434 2.081309E-4
3.5770900 2.084825E-4
3.5773366 2.092054E-4
3.5775831 2.099882E-4
3.5778297 2.102593E-4
3.5780763 2.094188E-4
3.5783229 2.080773E-4
3.5785695 2.070434E-4
3.5788161 2.069753E-4
3.5790627 2.077378E-4
3.5793093 2.092634E-4
3.5795559 2.112508E-4
3.5798025 2.131440E-4
3.5800491 2.143362E-4
3.5802957 2.148030E-4
3.5805423 2.147090E-4
3.5807889 2.142402E-4
3.5810354 2.133062E-4
3.5812820 2.118385E-4
3.5815286 2.100111E-4
3.5817752 2.084407E-4
3.5820218 2.076717E-4
3.5822684 2.078320E-4
3.5825150 2.088427E-4
3.5827616 2.106649E-4
3.5830082 2.122980E-4
3.5832548 2.126406E-4
3.5835014 2.112105E-4
3.5837480 2.093885E-4
3.5839946 2.084403E-4
3.5842411 2.088128E-4
3.5844877 2.103423E-4
3.5847343 2.129972E-4
3.5849809 2.157545E-4
3.5852275 2.174236E-4
3.5854741 2.171426E-4
3.5857207 2.156409E-4
3.5859673 2.135889E-4
3.5862139 2.115425E-4
3.5864605 2.098583E-4
3.5867071 2.089915E-4
3.5869537 2.088619E-4
3.5872003 2.092224E-4
3.5874469 2.098114E-4
3.5876934 2.107043E-4
3.5879400 2.119525E-4
3.5881866 2.134425E-4
3.5884332 2.147937E-4
3.5886798 2.156381E-4
3.5889264 2.159943E-4
3.5891730 2.160374E-4
3.5894196 2.159528E-4
3.5896662 2.156980E-4
3.5899128 2.152160E-4
3.5901594 2.145732E-4
3.5904060 2.141786E-4
3.5906526 2.145016E-4
3.5908991 2.152433E-4
3.5911457 2.156871E-4
3.5913923 2.151149E-4
3.5916389 2.140655E-4
3.5918855 2.132063E-4
3.5921321 2.130038E-4
3.5923787 2.130604E-4
3.5926253 2.130515E-4
3.5928719 2.128417E-4
3.5931185 2.124850E-4
3.5933651 2.119806E-4
3.5936117 2.114386E-4
3.5938583 2.110080E-4
3.5941049 2.108136E-4
3.5943514 2.106246E-4
3.5945980 2.101717E-4
3.5948446 2.095197E-4
3.5950912 2.092148E-4
3.5953378 2.097769E-4
3.5955844 2.109440E-4
3.5958310 2.122219E-4
3.5960776 2.131742E-4
3.5963242 2.133806E-4
3.5965708 2.123848E-4
3.5968174 2.102237E-4
3.5970640 2.079600E-4
3.5973106 2.066694E-4
3.5975572 2.064852E-4
3.5978037 2.070491E-4
3.5980503 2.080041E-4
3.5982969 2.093065E-4
3.5985435 2.108803E-4
3.5987901 2.125418E-4
3.5990367 2.138028E-4
3.5992833 2.142256E-4
3.5995299 2.136676E-4
3.5997765 2.122450E-4
3.6000231 2.100406E-4
3.6002697 2.076676E-4
3.6005163 2.058419E-4
3.6007629 2.051068E-4
3.6010094 2.049736E-4
3.6012560 2.049394E-4
3.6015026 2.048274E-4
3.6017492 2.049014E-4
3.6019958 2.054001E-4
3.6022424 2.060803E-4
3.6024890 2.065935E-4
3.6027356 2.066628E-4
3.6029822 2.068062E-4
3.6032288 2.075244E-4
3.6034754 2.090413E-4
3.6037220 2.110600E-4
3.6039686 2.134370E-4
3.6042152 2.155844E-4
3.6044617 2.167677E-4
3.6047083 2.162718E-4
3.6049549 2.151473E-4
3.6052015 2.145763E-4
3.6054481 2.152848E-4
3.6056947 2.165882E-4
3.6059413 2.179469E-4
3.6061879 2.190205E-4
3.6064345 2.196234E-4
3.6066811 2.194799E-4
3.6069277 2.190018E-4
3.6071743 2.187155E-4
3.6074209 2.189778E-4
3.6076674 2.192011E-4
3.6079140 2.188717E-4
3.6081606 2.178574E-4
3.6084072 2.164485E-4
3.6086538 2.147393E-4
3.6089004 2.135625E-4
3.6091470 2.138967E-4
3.6093936 2.164682E-4
3.6096402 2.193774E-4
3.6098868 2.206108E-4
3.6101334 2.195308E-4
3.6103800 2.177797E-4
3.6106266 2.169164E-4
3.6108732 2.166919E-4
3.6111197 2.162594E-4
3.6113663 2.149088E-4
3.6116129 2.131277E-4
3.6118595 2.113893E-4
3.6121061 2.100141E-4
3.6123527 2.089522E-4
3.6125993 2.082634E-4
3.6128459 2.077256E-4
3.6130925 2.069804E-4
3.6133391 2.056925E-4
3.6135857 2.041375E-4
3.6138323 2.026241E-4
3.6140789 2.015106E-4
3.6143255 2.014608E-4
3.6145720 2.032211E-4
3.6148186 2.064634E-4
3.6150652 2.099190E-4
3.6153118 2.123578E-4
3.6155584 2.136499E-4
3.6158050 2.138935E-4
3.6160516 2.132466E-4
3.6162982 2.119880E-4
3.6165448 2.104282E-4
3.6167914 2.090490E-4
3.6170380 2.085029E-4
3.6172846 2.094958E-4
3.6175312 2.115442E-4
3.6177777 2.137937E-4
3.6180243 2.154396E-4
3.6182709 2.165659E-4
3.6185175 2.172316E-4
3.6187641 2.175648E-4
3.6190107 2.177895E-4
3.6192573 2.182041E-4
3.6195039 2.187221E-4
3.6197505 2.190690E-4
3.6199971 2.189894E-4
3.6202437 2.185098E-4
3.6204903 2.176854E-4
3.6207369 2.165648E-4
3.6209835 2.151105E-4
3.6212300 2.132843E-4
3.6214766 2.113052E-4
3.6217232 2.095699E-4
3.6219698 2.084242E-4
3.6222164 2.079644E-4
3.6224630 2.082309E-4
3.6227096 2.091601E-4
3.6229562 2.101850E-4
3.6232028 2.107649E-4
3.6234494 2.106184E-4
3.6236960 2.098016E-4
3.6239426 2.082115E-4
3.6241892 2.067703E-4
3.6244357 2.066293E-4
3.6246823 2.087334E-4
3.6249289 2.116745E-4
3.6251755 2.140196E-4
3.6254221 2.149414E-4
3.6256687 2.148003E-4
3.6259153 2.137471E-4
3.6261619 2.123761E-4
3.6264085 2.114631E-4
3.6266551 2.117584E-4
3.6269017 2.130246E-4
3.6271483 2.149569E-4
3.6273949 2.171810E-4
3.6276415 2.192508E-4
3.6278880 2.206413E-4
3.6281346 2.212901E-4
3.6283812 2.214497E-4
3.6286278 2.213599E-4
3.6288744 2.211818E-4
3.6291210 2.210909E-4
3.6293676 2.211826E-4
3.6296142 2.211193E-4
3.6298608 2.205871E-4
3.6301074 2.194803E-4
3.6303540 2.179192E-4
3.6306006 2.159698E-4
3.6308472 2.140807E-4
3.6310938 2.127542E-4
3.6313403 2.123899E-4
3.6315869 2.128921E-4
3.6318335 2.142529E-4
3.6320801 2.159755E-4
3.6323267 2.168740E-4
3.6325733 2.155597E-4
3.6328199 2.130609E-4
3.6330665 2.112437E-4
3.6333131 2.118089E-4
3.6335597 2.135484E-4
3.6338063 2.151520E-4
3.6340529 2.158679E-4
3.6342995 2.164583E-4
3.6345460 2.176103E-4
3.6347926 2.189151E-4
3.6350392 2.194121E-4
3.6352858 2.182381E-4
3.6355324 2.161117E-4
3.6357790 2.139030E-4
3.6360256 2.122822E-4
3.6362722 2.109989E-4
3.6365188 2.098584E-4
3.6367654 2.089444E-4
3.6370120 2.085627E-4
3.6372586 2.089507E-4
3.6375052 2.099423E-4
3.6377518 2.112946E-4
3.6379983 2.127597E-4
3.6382449 2.140865E-4
3.6384915 2.150116E-4
3.6387381 2.154487E-4
3.6389847 2.155383E-4
3.6392313 2.153998E-4
3.6394779 2.152344E-4
3.6397245 2.152672E-4
3.6399711 2.156963E-4
3.6402177 2.162733E-4
3.6404643 2.167334E-4
3.6407109 2.169222E-4
3.6409575 2.169380E-4
3.6412040 2.168499E-4
3.6414506 2.167229E-4
3.6416972 2.166204E-4
3.6419438 2.165979E-4
3.6421904 2.167634E-4
3.6424370 2.172347E-4
3.6426836 2.180158E-4
3.6429302 2.187363E-4
3.6431768 2.190105E-4
3.6434234 2.188703E-4
3.6436700 2.186415E-4
3.6439166 2.185944E-4
3.6441632 2.188418E-4
3.6444098 2.194859E-4
3.6446563 2.205232E-4
3.6449029 2.213077E-4
3.6451495 2.211868E-4
3.6453961 2.200409E-4
3.6456427 2.183580E-4
3.6458893 2.165518E-4
3.6461359 2.150118E-4
3.6463825 2.141126E-4
3.6466291 2.141452E-4
3.6468757 2.147713E-4
3.6471223 2.156626E-4
3.6473689 2.164312E-4
3.6476155 2.166395E-4
3.6478621 2.157186E-4
3.6481086 2.141828E-4
3.6483552 2.129712E-4
3.6486018 2.129588E-4
3.6488484 2.136273E-4
3.6490950 2.144184E-4
3.6493416 2.149034E-4
3.6495882 2.150822E-4
3.6498348 2.148232E-4
3.6500814 2.143211E-4
3.6503280 2.139579E-4
3.6505746 2.141509E-4
3.6508212 2.144897E-4
3.6510678 2.144784E-4
3.6513143 2.137791E-4
3.6515609 2.127840E-4
3.6518075 2.118840E-4
3.6520541 2.112068E-4
3.6523007 2.106162E-4
3.6525473 2.099050E-4
3.6527939 2.096246E-4
3.6530405 2.104567E-4
3.6532871 2.128588E-4
3.6535337 2.153853E-4
3.6537803 2.165446E-4
3.6540269 2.159209E-4
3.6542735 2.147354E-4
3.6545201 2.140971E-4
3.6547666 2.141122E-4
3.6550132 2.145535E-4
3.6552598 2.152352E-4
3.6555064 2.159986E-4
3.6557530 2.166449E-4
3.6559996 2.170055E-4
3.6562462 2.170140E-4
3.6564928 2.165802E-4
3.6567394 2.158701E-4
3.6569860 2.151738E-4
3.6572326 2.147614E-4
3.6574792 2.146362E-4
3.6577258 2.147926E-4
3.6579723 2.151333E-4
3.6582189 2.152073E-4
3.6584655 2.145321E-4
3.6587121 2.131889E-4
3.6589587 2.117113E-4
3.6592053 2.106088E-4
3.6594519 2.100331E-4
3.6596985 2.100638E-4
3.6599451 2.107400E-4
3.6601917 2.120234E-4
3.6604383 2.138468E-4
3.6606849 2.159495E-4
3.6609315 2.178636E-4
3.6611781 2.191448E-4
3.6614246 2.196592E-4
3.6616712 2.193884E-4
3.6619178 2.183601E-4
3.6621644 2.171259E-4
3.6624110 2.162939E-4
3.6626576 2.160975E-4
3.6629042 2.159808E-4
3.6631508 2.154387E-4
3.6633974 2.144090E-4
3.6636440 2.130493E-4
3.6638906 2.115148E-4
3.6641372 2.100419E-4
3.6643838 2.088455E-4
3.6646304 2.082057E-4
3.6648769 2.086799E-4
3.6651235 2.109177E-4
3.6653701 2.143298E-4
3.6656167 2.175231E-4
3.6658633 2.191221E-4
3.6661099 2.195134E-4
3.6663565 2.193262E-4
3.6666031 2.191414E-4
3.6668497 2.192184E-4
3.6670963 2.199405E-4
3.6673429 2.212351E-4
3.6675895 2.225479E-4
3.6678361 2.233461E-4
3.6680826 2.235069E-4
3.6683292 2.230148E-4
3.6685758 2.219002E-4
3.6688224 2.206859E-4
3.6690690 2.199333E-4
3.6693156 2.198823E-4
3.6695622 2.201869E-4
3.6698088 2.205337E-4
3.6700554 2.207941E-4
3.6703020 2.209058E-4
3.6705486 2.207973E-4
3.6707952 2.204583E-4
3.6710418 2.198965E-4
3.6712884 2.191667E-4
3.6715349 2.184164E-4
3.6717815 2.177753E-4
3.6720281 2.173282E-4
3.6722747 2.171274E-4
3.6725213 2.172936E-4
3.6727679 2.173244E-4
3.6730145 2.166161E-4
3.6732611 2.149113E-4
3.6735077 2.135417E-4
3.6737543 2.138549E-4
3.6740009 2.158210E-4
3.6742475 2.181494E-4
3.6744941 2.196940E-4
3.6747406 2.201784E-4
3.6749872 2.194885E-4
3.6752338 2.176338E-4
3.6754804 2.157464E-4
3.6757270 2.150641E-4
3.6759736 2.159136E-4
3.6762202 2.172255E-4
3.6764668 2.179939E-4
3.6767134 2.181919E-4
3.6769600 2.180912E-4
3.6772066 2.179117E-4
3.6774532 2.177142E-4
3.6776998 2.175976E-4
3.6779464 2.176241E-4
3.6781929 2.177533E-4
3.6784395 2.179448E-4
3.6786861 2.181171E-4
3.6789327 2.181765E-4
3.6791793 2.180584E-4
3.6794259 2.176239E-4
3.6796725 2.167291E-4
3.6799191 2.154033E-4
3.6801657 2.142680E-4
3.6804123 2.139083E-4
3.6806589 2.144482E-4
3.6809055 2.156327E-4
3.6811521 2.173361E-4
3.6813987 2.187471E-4
3.6816452 2.189148E-4
3.6818918 2.172310E-4
3.6821384 2.153416E-4
3.6823850 2.149366E-4
3.6826316 2.162991E-4
3.6828782 2.178934E-4
3.6831248 2.184159E-4
3.6833714 2.176166E-4
3.6836180 2.155433E-4
3.6838646 2.123094E-4
3.6841112 2.093585E-4
3.6843578 2.081666E-4
3.6846044 2.095034E-4
3.6848509 2.127145E-4
3.6850975 2.173806E-4
3.6853441 2.222121E-4
3.6855907 2.256072E-4
3.6858373 2.259861E-4
3.6860839 2.246405E-4
3.6863305 2.231199E-4
3.6865771 2.224958E-4
3.6868237 2.221461E-4
3.6870703 2.216230E-4
3.6873169 2.208628E-4
3.6875635 2.200531E-4
3.6878101 2.193450E-4
3.6880567 2.184755E-4
3.6883032 2.171187E-4
3.6885498 2.151228E-4
3.6887964 2.133024E-4
3.6890430 2.126211E-4
3.6892896 2.128856E-4
3.6895362 2.126815E-4
3.6897828 2.103813E-4
3.6900294 2.077409E-4
3.6902760 2.072487E-4
3.6905226 2.108564E-4
3.6907692 2.155745E-4
3.6910158 2.183288E-4
3.6912624 2.180975E-4
3.6915089 2.174649E-4
3.6917555 2.188477E-4
3.6920021 2.215284E-4
3.6922487 2.237365E-4
3.6924953 2.239635E-4
3.6927419 2.226301E-4
3.6929885 2.201513E-4
3.6932351 2.170955E-4
3.6934817 2.143242E-4
3.6937283 2.128550E-4
3.6939749 2.126457E-4
3.6942215 2.130359E-4
3.6944681 2.133526E-4
3.6947147 2.138102E-4
3.6949612 2.146554E-4
3.6952078 2.160159E-4
3.6954544 2.176324E-4
3.6957010 2.193346E-4
3.6959476 2.208681E-4
3.6961942 2.219276E-4
3.6964408 2.221411E-4
3.6966874 2.220005E-4
3.6969340 2.221747E-4
3.6971806 2.231755E-4
3.6974272 2.242579E-4
3.6976738 2.246656E-4
3.6979204 2.242021E-4
3.6981670 2.235080E-4
3.6984135 2.231988E-4
3.6986601 2.230094E-4
3.6989067 2.224426E-4
3.6991533 2.211043E-4
3.6993999 2.192282E-4
3.6996465 2.170323E-4
3.6998931 2.148646E-4
3.7001397 2.133150E-4
3.7003863 2.129959E-4
3.7006329 2.139037E-4
3.7008795 2.156984E-4
3.7011261 2.179842E-4
3.7013727 2.206411E-4
3.7016192 2.235677E-4
3.7018658 2.264674E-4
3.7021124 2.282969E-4
3.7023590 2.279753E-4
3.7026056 2.257822E-4
3.7028522 2.230446E-4
3.7030988 2.210563E-4
3.7033454 2.199126E-4
3.7035920 2.195345E-4
3.7038386 2.198031E-4
3.7040852 2.204857E-4
3.7043318 2.212826E-4
3.7045784 2.219586E-4
3.7048250 2.223956E-4
3.7050715 2.224396E-4
3.7053181 2.222620E-4
3.7055647 2.221193E-4
3.7058113 2.222370E-4
3.7060579 2.225501E-4
3.7063045 2.230243E-4
3.7065511 2.234875E-4
3.7067977 2.235324E-4
3.7070443 2.227226E-4
3.7072909 2.212537E-4
3.7075375 2.195885E-4
3.7077841 2.181738E-4
3.7080307 2.170885E-4
3.7082772 2.164078E-4
3.7085238 2.161611E-4
3.7087704 2.162817E-4
3.7090170 2.166256E-4
3.7092636 2.172226E-4
3.7095102 2.182112E-4
3.7097568 2.198133E-4
3.7100034 2.212558E-4
3.7102500 2.216165E-4
3.7104966 2.204140E-4
3.7107432 2.193948E-4
3.7109898 2.203599E-4
3.7112364 2.233022E-4
3.7114830 2.263307E-4
3.7117295 2.276864E-4
3.7119761 2.275191E-4
3.7122227 2.263727E-4
3.7124693 2.247516E-4
3.7127159 2.230011E-4
3.7129625 2.215886E-4
3.7132091 2.207076E-4
3.7134557 2.200964E-4
3.7137023 2.194559E-4
3.7139489 2.189200E-4
3.7141955 2.187485E-4
3.7144421 2.191503E-4
3.7146887 2.197536E-4
3.7149353 2.201712E-4
3.7151818 2.201649E-4
3.7154284 2.198674E-4
3.7156750 2.193745E-4
3.7159216 2.188025E-4
3.7161682 2.182803E-4
3.7164148 2.179524E-4
3.7166614 2.178236E-4
3.7169080 2.178713E-4
3.7171546 2.180756E-4
3.7174012 2.184903E-4
3.7176478 2.191771E-4
3.7178944 2.200252E-4
3.7181410 2.207812E-4
3.7183875 2.211719E-4
3.7186341 2.213632E-4
3.7188807 2.216066E-4
3.7191273 2.220923E-4
3.7193739 2.224534E-4
3.7196205 2.223094E-4
3.7198671 2.216582E-4
3.7201137 2.210061E-4
3.7203603 2.208525E-4
3.7206069 2.209984E-4
3.7208535 2.210593E-4
3.7211001 2.207184E-4
3.7213467 2.199616E-4
3.7215933 2.187292E-4
3.7218398 2.172370E-4
3.7220864 2.162554E-4
3.7223330 2.166102E-4
3.7225796 2.180759E-4
3.7228262 2.199168E-4
3.7230728 2.214509E-4
3.7233194 2.226331E-4
3.7235660 2.233865E-4
3.7238126 2.237855E-4
3.7240592 2.244850E-4
3.7243058 2.262972E-4
3.7245524 2.287243E-4
3.7247990 2.303430E-4
3.7250455 2.298362E-4
3.7252921 2.276549E-4
3.7255387 2.245119E-4
3.7257853 2.211645E-4
3.7260319 2.185115E-4
3.7262785 2.174605E-4
3.7265251 2.183881E-4
3.7267717 2.210382E-4
3.7270183 2.253069E-4
3.7272649 2.297289E-4
3.7275115 2.325340E-4
3.7277581 2.322344E-4
3.7280047 2.302414E-4
3.7282513 2.279911E-4
3.7284978 2.265353E-4
3.7287444 2.260754E-4
3.7289910 2.271425E-4
3.7292376 2.289237E-4
3.7294842 2.300672E-4
3.7297308 2.292668E-4
3.7299774 2.274287E-4
3.7302240 2.255506E-4
3.7304706 2.243690E-4
3.7307172 2.238104E-4
3.7309638 2.240247E-4
3.7312104 2.245887E-4
3.7314570 2.247372E-4
3.7317036 2.236393E-4
3.7319501 2.219949E-4
3.7321967 2.207043E-4
3.7324433 2.203888E-4
3.7326899 2.201368E-4
3.7329365 2.190324E-4
3.7331831 2.172131E-4
3.7334297 2.158262E-4
3.7336763 2.159554E-4
3.7339229 2.171663E-4
3.7341695 2.187254E-4
3.7344161 2.199882E-4
3.7346627 2.209390E-4
3.7349093 2.214957E-4
3.7351558 2.217228E-4
3.7354024 2.218803E-4
3.7356490 2.222152E-4
3.7358956 2.228509E-4
3.7361422 2.238540E-4
3.7363888 2.252820E-4
3.7366354 2.264111E-4
3.7368820 2.264831E-4
3.7371286 2.251942E-4
3.7373752 2.233042E-4
3.7376218 2.215459E-4
3.7378684 2.202423E-4
3.7381150 2.194674E-4
3.7383616 2.192269E-4
3.7386081 2.200533E-4
3.7388547 2.225014E-4
3.7391013 2.266125E-4
3.7393479 2.305142E-4
3.7395945 2.322494E-4
3.7398411 2.316706E-4
3.7400877 2.301829E-4
3.7403343 2.291713E-4
3.7405809 2.282679E-4
3.7408275 2.268910E-4
3.7410741 2.246567E-4
3.7413207 2.221259E-4
3.7415673 2.197257E-4
3.7418138 2.179157E-4
3.7420604 2.171687E-4
3.7423070 2.180853E-4
3.7425536 2.199351E-4
3.7428002 2.215799E-4
3.7430468 2.219861E-4
3.7432934 2.219255E-4
3.7435400 2.222064E-4
3.7437866 2.231392E-4
3.7440332 2.239524E-4
3.7442798 2.240114E-4
3.7445264 2.233296E-4
3.7447730 2.222302E-4
3.7450196 2.209721E-4
3.7452661 2.201290E-4
3.7455127 2.203204E-4
3.7457593 2.218235E-4
3.7460059 2.238124E-4
3.7462525 2.254530E-4
3.7464991 2.265175E-4
3.7467457 2.272225E-4
3.7469923 2.277279E-4
3.7472389 2.280410E-4
3.7474855 2.281949E-4
3.7477321 2.282187E-4
3.7479787 2.279159E-4
3.7482253 2.270662E-4
3.7484719 2.258044E-4
3.7487184 2.246420E-4
3.7489650 2.240800E-4
3.7492116 2.240355E-4
3.7494582 2.242828E-4
3.7497048 2.246164E-4
3.7499514 2.248957E-4
3.7501980 2.249093E-4
3.7504446 2.247083E-4
3.7506912 2.247974E-4
3.7509378 2.257426E-4
3.7511844 2.271685E-4
3.7514310 2.283351E-4
3.7516776 2.285531E-4
3.7519241 2.282518E-4
3.7521707 2.279228E-4
3.7524173 2.278063E-4
3.7526639 2.273654E-4
3.7529105 2.261197E-4
3.7531571 2.242569E-4
3.7534037 2.223553E-4
3.7536503 2.209081E-4
3.7538969 2.201933E-4
3.7541435 2.204711E-4
3.7543901 2.217935E-4
3.7546367 2.233218E-4
3.7548833 2.241633E-4
3.7551299 2.241306E-4
3.7553764 2.237178E-4
3.7556230 2.234015E-4
3.7558696 2.231254E-4
3.7561162 2.227584E-4
3.7563628 2.222398E-4
3.7566094 2.219069E-4
3.7568560 2.220711E-4
3.7571026 2.228517E-4
3.7573492 2.240831E-4
3.7575958 2.255794E-4
3.7578424 2.272740E-4
3.7580890 2.291227E-4
3.7583356 2.310638E-4
3.7585821 2.325525E-4
3.7588287 2.330284E-4
3.7590753 2.322751E-4
3.7593219 2.308734E-4
3.7595685 2.294419E-4
3.7598151 2.280179E-4
3.7600617 2.263537E-4
3.7603083 2.242281E-4
3.7605549 2.221476E-4
3.7608015 2.206582E-4
3.7610481 2.200941E-4
3.7612947 2.200112E-4
3.7615413 2.199304E-4
3.7617879 2.198249E-4
3.7620344 2.200263E-4
3.7622810 2.209094E-4
3.7625276 2.218055E-4
3.7627742 2.218926E-4
3.7630208 2.206275E-4
3.7632674 2.191308E-4
3.7635140 2.185006E-4
3.7637606 2.191002E-4
3.7640072 2.203252E-4
3.7642538 2.216981E-4
3.7645004 2.229253E-4
3.7647470 2.237503E-4
3.7649936 2.239401E-4
3.7652401 2.238705E-4
3.7654867 2.239596E-4
3.7657333 2.244249E-4
3.7659799 2.250340E-4
3.7662265 2.255898E-4
3.7664731 2.260954E-4
3.7667197 2.266339E-4
3.7669663 2.272680E-4
3.7672129 2.279334E-4
3.7674595 2.285407E-4
3.7677061 2.290508E-4
3.7679527 2.296334E-4
3.7681993 2.305110E-4
3.7684459 2.313843E-4
3.7686924 2.316327E-4
3.7689390 2.306670E-4
3.7691856 2.288006E-4
3.7694322 2.264863E-4
3.7696788 2.241606E-4
3.7699254 2.221045E-4
3.7701720 2.206597E-4
3.7704186 2.198861E-4
3.7706652 2.195432E-4
3.7709118 2.193755E-4
3.7711584 2.193560E-4
3.7714050 2.194825E-4
3.7716516 2.197276E-4
3.7718982 2.202269E-4
3.7721447 2.211933E-4
3.7723913 2.224574E-4
3.7726379 2.231970E-4
3.7728845 2.225570E-4
3.7731311 2.210726E-4
3.7733777 2.197843E-4
3.7736243 2.196367E-4
3.7738709 2.206109E-4
3.7741175 2.226344E-4
3.7743641 2.255078E-4
3.7746107 2.288515E-4
3.7748573 2.323775E-4
3.7751039 2.352572E-4
3.7753504 2.364439E-4
3.7755970 2.348685E-4
3.7758436 2.320662E-4
3.7760902 2.298956E-4
3.7763368 2.297167E-4
3.7765834 2.307095E-4
3.7768300 2.322139E-4
3.7770766 2.337433E-4
3.7773232 2.350203E-4
3.7775698 2.355987E-4
3.7778164 2.357197E-4
3.7780630 2.357987E-4
3.7783096 2.361684E-4
3.7785562 2.361244E-4
3.7788027 2.349698E-4
3.7790493 2.326943E-4
3.7792959 2.302875E-4
3.7795425 2.286833E-4
3.7797891 2.279391E-4
3.7800357 2.278128E-4
3.7802823 2.280647E-4
3.7805289 2.286200E-4
3.7807755 2.293846E-4
3.7810221 2.301760E-4
3.7812687 2.306286E-4
3.7815153 2.303413E-4
3.7817619 2.296013E-4
3.7820084 2.290138E-4
3.7822550 2.291140E-4
3.7825016 2.299309E-4
3.7827482 2.314886E-4
3.7829948 2.335623E-4
3.7832414 2.350198E-4
3.7834880 2.346473E-4
3.7837346 2.326090E-4
3.7839812 2.301171E-4
3.7842278 2.283075E-4
3.7844744 2.273665E-4
3.7847210 2.273445E-4
3.7849676 2.281836E-4
3.7852142 2.292306E-4
3.7854607 2.297688E-4
3.7857073 2.295121E-4
3.7859539 2.287529E-4
3.7862005 2.277273E-4
3.7864471 2.266541E-4
3.7866937 2.257691E-4
3.7869403 2.253024E-4
3.7871869 2.250463E-4
3.7874335 2.247614E-4
3.7876801 2.243954E-4
3.7879267 2.242828E-4
3.7881733 2.247119E-4
3.7884199 2.256367E-4
3.7886665 2.268610E-4
3.7889130 2.281935E-4
3.7891596 2.294072E-4
3.7894062 2.302936E-4
3.7896528 2.306770E-4
3.7898994 2.304111E-4
3.7901460 2.292548E-4
3.7903926 2.277149E-4
3.7906392 2.267378E-4
3.7908858 2.272998E-4
3.7911324 2.286319E-4
3.7913790 2.297282E-4
3.7916256 2.298213E-4
3.7918722 2.293634E-4
3.7921187 2.287133E-4
3.7923653 2.280721E-4
3.7926119 2.274477E-4
3.7928585 2.269073E-4
3.7931051 2.264699E-4
3.7933517 2.261503E-4
3.7935983 2.259607E-4
3.7938449 2.256575E-4
3.7940915 2.248846E-4
3.7943381 2.238442E-4
3.7945847 2.236595E-4
3.7948313 2.255938E-4
3.7950779 2.285807E-4
3.7953245 2.307742E-4
3.7955710 2.304981E-4
3.7958176 2.288801E-4
3.7960642 2.271227E-4
3.7963108 2.261140E-4
3.7965574 2.258251E-4
3.7968040 2.264791E-4
3.7970506 2.276815E-4
3.7972972 2.286906E-4
3.7975438 2.286172E-4
3.7977904 2.283483E-4
3.7980370 2.290292E-4
3.7982836 2.311509E-4
3.7985302 2.322153E-4
3.7987767 2.296027E-4
3.7990233 2.238937E-4
3.7992699 2.184967E-4
3.7995165 2.167361E-4
3.7997631 2.176262E-4
3.8000097 2.194040E-4
3.8002563 2.205826E-4
3.8005029 2.218653E-4
3.8007495 2.237916E-4
3.8009961 2.262568E-4
3.8012427 2.282573E-4
3.8014893 2.289153E-4
3.8017359 2.283800E-4
3.8019825 2.271298E-4
3.8022290 2.256301E-4
3.8024756 2.242785E-4
3.8027222 2.235206E-4
3.8029688 2.235592E-4
3.8032154 2.240940E-4
3.8034620 2.248141E-4
3.8037086 2.255623E-4
3.8039552 2.262613E-4
3.8042018 2.268424E-4
3.8044484 2.271116E-4
3.8046950 2.268460E-4
3.8049416 2.260472E-4
3.8051882 2.255065E-4
3.8054348 2.261203E-4
3.8056813 2.275445E-4
3.8059279 2.285191E-4
3.8061745 2.278076E-4
3.8064211 2.259946E-4
3.8066677 2.239404E-4
3.8069143 2.223489E-4
3.8071609 2.208795E-4
3.8074075 2.192846E-4
3.8076541 2.176317E-4
3.8079007 2.163620E-4
3.8081473 2.157702E-4
3.8083939 2.161991E-4
3.8086405 2.179546E-4
3.8088870 2.212089E-4
3.8091336 2.250546E-4
3.8093802 2.285613E-4
3.8096268 2.310263E-4
3.8098734 2.322203E-4
3.8101200 2.318433E-4
3.8103666 2.302516E-4
3.8106132 2.280991E-4
3.8108598 2.260678E-4
3.8111064 2.243407E-4
3.8113530 2.230905E-4
3.8115996 2.224371E-4
3.8118462 2.224091E-4
3.8120928 2.229590E-4
3.8123393 2.241063E-4
3.8125859 2.258866E-4
3.8128325 2.282799E-4
3.8130791 2.309979E-4
3.8133257 2.337311E-4
3.8135723 2.361374E-4
3.8138189 2.376242E-4
3.8140655 2.375917E-4
3.8143121 2.361229E-4
3.8145587 2.339940E-4
3.8148053 2.319393E-4
3.8150519 2.303835E-4
3.8152985 2.296758E-4
3.8155450 2.300720E-4
3.8157916 2.310233E-4
3.8160382 2.319036E-4
3.8162848 2.324093E-4
3.8165314 2.327965E-4
3.8167780 2.332702E-4
3.8170246 2.337304E-4
3.8172712 2.340008E-4
3.8175178 2.339679E-4
3.8177644 2.335467E-4
3.8180110 2.326139E-4
3.8182576 2.313098E-4
3.8185042 2.304167E-4
3.8187508 2.307894E-4
3.8189973 2.320830E-4
3.8192439 2.333002E-4
3.8194905 2.335054E-4
3.8197371 2.328969E-4
3.8199837 2.317639E-4
3.8202303 2.304139E-4
3.8204769 2.291408E-4
3.8207235 2.282663E-4
3.8209701 2.279724E-4
3.8212167 2.282881E-4
3.8214633 2.292667E-4
3.8217099 2.303647E-4
3.8219565 2.309541E-4
3.8222031 2.305358E-4
3.8224496 2.292624E-4
3.8226962 2.272011E-4
3.8229428 2.248811E-4
3.8231894 2.233680E-4
3.8234360 2.237964E-4
3.8236826 2.255822E-4
3.8239292 2.276359E-4
3.8241758 2.289569E-4
3.8244224 2.292576E-4
3.8246690 2.282040E-4
3.8249156 2.259276E-4
3.8251622 2.234288E-4
3.8254088 2.217180E-4
3.8256553 2.210730E-4
3.8259019 2.213851E-4
3.8261485 2.225670E-4
3.8263951 2.239829E-4
3.8266417 2.249109E-4
3.8268883 2.249007E-4
3.8271349 2.244275E-4
3.8273815 2.238989E-4
3.8276281 2.236107E-4
3.8278747 2.237417E-4
3.8281213 2.244895E-4
3.8283679 2.256331E-4
3.8286145 2.269148E-4
3.8288611 2.280524E-4
3.8291076 2.283867E-4
3.8293542 2.270763E-4
3.8296008 2.246219E-4
3.8298474 2.230168E-4
3.8300940 2.243641E-4
3.8303406 2.274016E-4
3.8305872 2.300668E-4
3.8308338 2.305739E-4
3.8310804 2.300327E-4
3.8313270 2.295206E-4
3.8315736 2.295721E-4
3.8318202 2.296613E-4
3.8320668 2.293725E-4
3.8323133 2.289664E-4
3.8325599 2.289346E-4
3.8328065 2.296860E-4
3.8330531 2.307332E-4
3.8332997 2.315758E-4
3.8335463 2.318202E-4
3.8337929 2.313481E-4
3.8340395 2.299025E-4
3.8342861 2.279653E-4
3.8345327 2.264522E-4
3.8347793 2.262837E-4
3.8350259 2.269102E-4
3.8352725 2.276306E-4
3.8355191 2.278845E-4
3.8357656 2.277759E-4
3.8360122 2.272516E-4
3.8362588 2.266413E-4
3.8365054 2.266014E-4
3.8367520 2.278792E-4
3.8369986 2.297899E-4
3.8372452 2.313673E-4
3.8374918 2.318119E-4
3.8377384 2.316987E-4
3.8379850 2.315345E-4
3.8382316 2.316638E-4
3.8384782 2.321366E-4
3.8387248 2.331497E-4
3.8389714 2.342296E-4
3.8392179 2.346889E-4
3.8394645 2.339209E-4
3.8397111 2.323151E-4
3.8399577 2.302777E-4
3.8402043 2.282224E-4
3.8404509 2.265155E-4
3.8406975 2.256653E-4
3.8409441 2.254423E-4
3.8411907 2.252320E-4
3.8414373 2.244104E-4
3.8416839 2.235898E-4
3.8419305 2.234584E-4
3.8421771 2.244806E-4
3.8424236 2.262893E-4
3.8426702 2.285782E-4
3.8429168 2.310617E-4
3.8431634 2.334871E-4
3.8434100 2.355268E-4
3.8436566 2.372246E-4
3.8439032 2.387262E-4
3.8441498 2.401181E-4
3.8443964 2.407142E-4
3.8446430 2.397987E-4
3.8448896 2.375377E-4
3.8451362 2.351911E-4
3.8453828 2.340278E-4
3.8456294 2.337798E-4
3.8458759 2.337365E-4
3.8461225 2.332676E-4
3.8463691 2.326008E-4
3.8466157 2.318993E-4
3.8468623 2.312860E-4
3.8471089 2.308008E-4
3.8473555 2.305862E-4
3.8476021 2.304067E-4
3.8478487 2.298703E-4
3.8480953 2.285905E-4
3.8483419 2.271772E-4
3.8485885 2.263191E-4
3.8488351 2.263986E-4
3.8490816 2.267458E-4
3.8493282 2.267359E-4
3.8495748 2.263562E-4
3.8498214 2.260125E-4
3.8500680 2.259679E-4
3.8503146 2.266013E-4
3.8505612 2.283228E-4
3.8508078 2.312550E-4
3.8510544 2.338957E-4
3.8513010 2.347253E-4
3.8515476 2.334436E-4
3.8517942 2.311019E-4
3.8520408 2.286294E-4
3.8522874 2.265167E-4
3.8525339 2.251738E-4
3.8527805 2.249501E-4
3.8530271 2.253574E-4
3.8532737 2.258312E-4
3.8535203 2.261123E-4
3.8537669 2.265306E-4
3.8540135 2.273356E-4
3.8542601 2.284946E-4
3.8545067 2.298694E-4
3.8547533 2.313568E-4
3.8549999 2.326534E-4
3.8552465 2.334136E-4
3.8554931 2.335268E-4
3.8557397 2.335512E-4
3.8559862 2.341298E-4
3.8562328 2.350006E-4
3.8564794 2.353984E-4
3.8567260 2.345980E-4
3.8569726 2.332634E-4
3.8572192 2.321672E-4
3.8574658 2.319178E-4
3.8577124 2.324855E-4
3.8579590 2.339711E-4
3.8582056 2.359411E-4
3.8584522 2.375252E-4
3.8586988 2.378186E-4
3.8589454 2.371788E-4
3.8591919 2.362196E-4
3.8594385 2.355077E-4
3.8596851 2.354381E-4
3.8599317 2.365207E-4
3.8601783 2.385980E-4
3.8604249 2.405762E-4
3.8606715 2.412837E-4
3.8609181 2.410269E-4
3.8611647 2.405859E-4
3.8614113 2.406376E-4
3.8616579 2.407852E-4
3.8619045 2.407147E-4
3.8621511 2.400841E-4
3.8623977 2.384688E-4
3.8626442 2.352971E-4
3.8628908 2.312983E-4
3.8631374 2.278236E-4
3.8633840 2.261714E-4
3.8636306 2.259163E-4
3.8638772 2.264778E-4
3.8641238 2.273508E-4
3.8643704 2.285114E-4
3.8646170 2.298458E-4
3.8648636 2.311302E-4
3.8651102 2.320821E-4
3.8653568 2.324371E-4
3.8656034 2.323986E-4
3.8658499 2.322519E-4
3.8660965 2.322471E-4
3.8663431 2.324617E-4
3.8665897 2.330571E-4
3.8668363 2.338165E-4
3.8670829 2.340849E-4
3.8673295 2.331599E-4
3.8675761 2.315022E-4
3.8678227 2.298982E-4
3.8680693 2.290471E-4
3.8683159 2.288562E-4
3.8685625 2.292408E-4
3.8688091 2.300714E-4
3.8690557 2.311838E-4
3.8693022 2.323766E-4
3.8695488 2.334049E-4
3.8697954 2.340332E-4
3.8700420 2.340801E-4
3.8702886 2.334929E-4
3.8705352 2.322214E-4
3.8707818 2.304392E-4
3.8710284 2.289837E-4
3.8712750 2.287367E-4
3.8715216 2.295731E-4
3.8717682 2.307013E-4
3.8720148 2.314094E-4
3.8722614 2.314452E-4
3.8725080 2.305991E-4
3.8727545 2.288527E-4
3.8730011 2.271270E-4
3.8732477 2.264102E-4
3.8734943 2.269257E-4
3.8737409 2.280625E-4
3.8739875 2.292046E-4
3.8742341 2.304949E-4
3.8744807 2.322109E-4
3.8747273 2.345164E-4
3.8749739 2.367007E-4
3.8752205 2.380683E-4
3.8754671 2.383578E-4
3.8757137 2.380556E-4
3.8759602 2.375827E-4
3.8762068 2.371119E-4
3.8764534 2.367345E-4
3.8767000 2.365825E-4
3.8769466 2.361605E-4
3.8771932 2.349121E-4
3.8774398 2.326975E-4
3.8776864 2.304863E-4
3.8779330 2.292015E-4
3.8781796 2.289848E-4
3.8784262 2.295110E-4
3.8786728 2.304961E-4
3.8789194 2.316307E-4
3.8791660 2.325633E-4
3.8794125 2.330246E-4
3.8796591 2.331470E-4
3.8799057 2.330909E-4
3.8801523 2.329081E-4
3.8803989 2.325463E-4
3.8806455 2.319426E-4
3.8808921 2.314474E-4
3.8811387 2.314627E-4
3.8813853 2.322646E-4
3.8816319 2.334866E-4
3.8818785 2.348322E-4
3.8821251 2.358947E-4
3.8823717 2.361554E-4
3.8826182 2.349665E-4
3.8828648 2.330975E-4
3.8831114 2.317431E-4
3.8833580 2.319710E-4
3.8836046 2.330850E-4
3.8838512 2.343638E-4
3.8840978 2.352988E-4
3.8843444 2.359614E-4
3.8845910 2.362768E-4
3.8848376 2.363194E-4
3.8850842 2.362347E-4
3.8853308 2.361937E-4
3.8855774 2.358286E-4
3.8858240 2.347936E-4
3.8860705 2.328449E-4
3.8863171 2.299170E-4
3.8865637 2.258134E-4
3.8868103 2.213384E-4
3.8870569 2.179806E-4
3.8873035 2.172091E-4
3.8875501 2.185544E-4
3.8877967 2.211767E-4
3.8880433 2.242490E-4
3.8882899 2.273998E-4
3.8885365 2.301506E-4
3.8887831 2.321862E-4
3.8890297 2.334114E-4
3.8892763 2.337451E-4
3.8895228 2.333738E-4
3.8897694 2.326004E-4
3.8900160 2.317419E-4
3.8902626 2.305089E-4
3.8905092 2.285628E-4
3.8907558 2.260175E-4
3.8910024 2.238602E-4
3.8912490 2.231520E-4
3.8914956 2.234390E-4
3.8917422 2.236673E-4
3.8919888 2.228494E-4
3.8922354 2.219365E-4
3.8924820 2.219117E-4
3.8927285 2.234225E-4
3.8929751 2.262058E-4
3.8932217 2.302256E-4
3.8934683 2.346409E-4
3.8937149 2.381543E-4
3.8939615 2.393847E-4
3.8942081 2.392823E-4
3.8944547 2.391427E-4
3.8947013 2.399225E-4
3.8949479 2.406686E-4
3.8951945 2.405241E-4
3.8954411 2.394347E-4
3.8956877 2.381970E-4
3.8959343 2.375233E-4
3.8961808 2.373007E-4
3.8964274 2.372399E-4
3.8966740 2.370931E-4
3.8969206 2.370205E-4
3.8971672 2.371569E-4
3.8974138 2.374482E-4
3.8976604 2.375443E-4
3.8979070 2.371719E-4
3.8981536 2.362683E-4
3.8984002 2.348629E-4
3.8986468 2.329875E-4
3.8988934 2.314984E-4
3.8991400 2.312809E-4
3.8993865 2.327172E-4
3.8996331 2.350007E-4
3.8998797 2.374532E-4
3.9001263 2.394050E-4
3.9003729 2.402496E-4
3.9006195 2.393496E-4
3.9008661 2.374638E-4
3.9011127 2.355437E-4
3.9013593 2.343440E-4
3.9016059 2.337117E-4
3.9018525 2.336129E-4
3.9020991 2.338604E-4
3.9023457 2.341460E-4
3.9025923 2.340458E-4
3.9028388 2.338978E-4
3.9030854 2.341896E-4
3.9033320 2.352567E-4
3.9035786 2.361150E-4
3.9038252 2.357310E-4
3.9040718 2.340748E-4
3.9043184 2.325142E-4
3.9045650 2.323790E-4
3.9048116 2.332679E-4
3.9050582 2.343027E-4
3.9053048 2.347429E-4
3.9055514 2.343491E-4
3.9057980 2.327263E-4
3.9060446 2.301918E-4
3.9062911 2.285534E-4
3.9065377 2.298626E-4
3.9067843 2.330665E-4
3.9070309 2.357102E-4
3.9072775 2.354600E-4
3.9075241 2.336618E-4
3.9077707 2.318765E-4
3.9080173 2.312551E-4
3.9082639 2.315005E-4
3.9085105 2.325736E-4
3.9087571 2.340796E-4
3.9090037 2.353791E-4
3.9092503 2.357992E-4
3.9094968 2.354169E-4
3.9097434 2.344305E-4
3.9099900 2.330870E-4
3.9102366 2.318221E-4
3.9104832 2.311464E-4
3.9107298 2.311440E-4
3.9109764 2.313838E-4
3.9112230 2.314380E-4
3.9114696 2.313836E-4
3.9117162 2.313949E-4
3.9119628 2.315968E-4
3.9122094 2.321199E-4
3.9124560 2.331337E-4
3.9127026 2.344798E-4
3.9129491 2.354202E-4
3.9131957 2.353082E-4
3.9134423 2.340053E-4
3.9136889 2.316185E-4
3.9139355 2.282516E-4
3.9141821 2.251261E-4
3.9144287 2.235690E-4
3.9146753 2.242890E-4
3.9149219 2.262899E-4
3.9151685 2.286138E-4
3.9154151 2.309198E-4
3.9156617 2.332579E-4
3.9159083 2.355403E-4
3.9161548 2.377350E-4
3.9164014 2.399032E-4
3.9166480 2.419478E-4
3.9168946 2.426550E-4
3.9171412 2.407104E-4
3.9173878 2.365539E-4
3.9176344 2.323439E-4
3.9178810 2.301670E-4
3.9181276 2.296850E-4
3.9183742 2.300862E-4
3.9186208 2.306238E-4
3.9188674 2.304439E-4
3.9191140 2.284612E-4
3.9193606 2.248895E-4
3.9196071 2.219006E-4
3.9198537 2.216986E-4
3.9201003 2.238336E-4
3.9203469 2.269400E-4
3.9205935 2.297425E-4
3.9208401 2.322869E-4
3.9210867 2.345672E-4
3.9213333 2.365167E-4
3.9215799 2.379013E-4
3.9218265 2.385519E-4
3.9220731 2.385395E-4
3.9223197 2.380788E-4
3.9225663 2.374208E-4
3.9228129 2.365001E-4
3.9230594 2.352390E-4
3.9233060 2.336690E-4
3.9235526 2.322131E-4
3.9237992 2.312393E-4
3.9240458 2.309560E-4
3.9242924 2.313970E-4
3.9245390 2.325442E-4
3.9247856 2.341393E-4
3.9250322 2.359100E-4
3.9252788 2.375276E-4
3.9255254 2.377812E-4
3.9257720 2.353428E-4
3.9260186 2.306128E-4
3.9262651 2.261788E-4
3.9265117 2.246354E-4
3.9267583 2.256124E-4
3.9270049 2.278634E-4
3.9272515 2.302242E-4
3.9274981 2.328906E-4
3.9277447 2.359283E-4
3.9279913 2.391862E-4
3.9282379 2.421145E-4
3.9284845 2.442895E-4
3.9287311 2.453643E-4
3.9289777 2.450812E-4
3.9292243 2.432378E-4
3.9294709 2.404072E-4
3.9297174 2.372880E-4
3.9299640 2.344469E-4
3.9302106 2.318897E-4
3.9304572 2.296057E-4
3.9307038 2.278895E-4
3.9309504 2.272100E-4
3.9311970 2.279542E-4
3.9314436 2.296607E-4
3.9316902 2.317446E-4
3.9319368 2.336403E-4
3.9321834 2.348884E-4
3.9324300 2.349935E-4
3.9326766 2.340024E-4
3.9329231 2.325432E-4
3.9331697 2.311912E-4
3.9334163 2.303886E-4
3.9336629 2.305352E-4
3.9339095 2.319312E-4
3.9341561 2.336657E-4
3.9344027 2.347589E-4
3.9346493 2.348108E-4
3.9348959 2.344746E-4
3.9351425 2.342879E-4
3.9353891 2.344713E-4
3.9356357 2.351092E-4
3.9358823 2.362907E-4
3.9361289 2.376540E-4
3.9363754 2.388012E-4
3.9366220 2.394069E-4
3.9368686 2.393678E-4
3.9371152 2.385335E-4
3.9373618 2.370987E-4
3.9376084 2.354772E-4
3.9378550 2.341016E-4
3.9381016 2.329929E-4
3.9383482 2.321082E-4
3.9385948 2.314299E-4
3.9388414 2.311897E-4
3.9390880 2.316422E-4
3.9393346 2.325337E-4
3.9395812 2.331651E-4
3.9398277 2.328448E-4
3.9400743 2.318964E-4
3.9403209 2.308513E-4
3.9405675 2.301998E-4
3.9408141 2.300947E-4
3.9410607 2.307011E-4
3.9413073 2.320487E-4
3.9415539 2.339910E-4
3.9418005 2.363981E-4
3.9420471 2.388115E-4
3.9422937 2.406823E-4
3.9425403 2.415371E-4
3.9427869 2.414927E-4
3.9430334 2.407005E-4
3.9432800 2.394512E-4
3.9435266 2.382638E-4
3.9437732 2.376541E-4
3.9440198 2.377836E-4
3.9442664 2.385894E-4
3.9445130 2.400382E-4
3.9447596 2.413076E-4
3.9450062 2.414785E-4
3.9452528 2.400227E-4
3.9454994 2.379267E-4
3.9457460 2.361833E-4
3.9459926 2.350181E-4
3.9462392 2.340271E-4
3.9464857 2.329048E-4
3.9467323 2.317565E-4
3.9469789 2.306958E-4
3.9472255 2.298381E-4
3.9474721 2.297349E-4
3.9477187 2.310353E-4
3.9479653 2.334711E-4
3.9482119 2.356550E-4
3.9484585 2.361161E-4
3.9487051 2.355164E-4
3.9489517 2.351029E-4
3.9491983 2.359541E-4
3.9494449 2.372634E-4
3.9496914 2.382656E-4
3.9499380 2.384660E-4
3.9501846 2.379472E-4
3.9504312 2.366768E-4
3.9506778 2.348673E-4
3.9509244 2.328603E-4
3.9511710 2.310116E-4
3.9514176 2.294119E-4
3.9516642 2.281495E-4
3.9519108 2.272689E-4
3.9521574 2.266793E-4
3.9524040 2.261827E-4
3.9526506 2.259939E-4
3.9528972 2.265772E-4
3.9531437 2.284097E-4
3.9533903 2.307224E-4
3.9536369 2.326110E-4
3.9538835 2.333944E-4
3.9541301 2.334266E-4
3.9543767 2.329002E-4
3.9546233 2.323902E-4
3.9548699 2.328011E-4
3.9551165 2.352080E-4
3.9553631 2.384553E-4
3.9556097 2.408717E-4
3.9558563 2.410588E-4
3.9561029 2.396857E-4
3.9563495 2.373463E-4
3.9565960 2.347675E-4
3.9568426 2.327652E-4
3.9570892 2.322656E-4
3.9573358 2.331490E-4
3.9575824 2.348482E-4
3.9578290 2.368113E-4
3.9580756 2.383101E-4
3.9583222 2.385750E-4
3.9585688 2.373166E-4
3.9588154 2.354851E-4
3.9590620 2.339158E-4
3.9593086 2.332823E-4
3.9595552 2.340867E-4
3.9598017 2.368680E-4
3.9600483 2.404681E-4
3.9602949 2.435148E-4
3.9605415 2.449242E-4
3.9607881 2.449966E-4
3.9610347 2.439556E-4
3.9612813 2.421205E-4
3.9615279 2.398540E-4
3.9617745 2.375667E-4
3.9620211 2.355445E-4
3.9622677 2.340317E-4
3.9625143 2.331675E-4
3.9627609 2.324017E-4
3.9630075 2.311733E-4
3.9632540 2.292856E-4
3.9635006 2.270898E-4
3.9637472 2.248546E-4
3.9639938 2.230318E-4
3.9642404 2.221013E-4
3.9644870 2.224454E-4
3.9647336 2.241079E-4
3.9649802 2.271383E-4
3.9652268 2.311092E-4
3.9654734 2.346078E-4
3.9657200 2.361908E-4
3.9659666 2.358764E-4
3.9662132 2.344452E-4
3.9664597 2.326199E-4
3.9667063 2.310082E-4
3.9669529 2.302789E-4
3.9671995 2.307700E-4
3.9674461 2.315900E-4
3.9676927 2.318452E-4
3.9679393 2.312966E-4
3.9681859 2.302418E-4
3.9684325 2.288721E-4
3.9686791 2.276262E-4
3.9689257 2.269990E-4
3.9691723 2.273420E-4
3.9694189 2.281644E-4
3.9696655 2.290137E-4
3.9699120 2.295454E-4
3.9701586 2.295949E-4
3.9704052 2.289005E-4
3.9706518 2.279235E-4
3.9708984 2.273202E-4
3.9711450 2.276575E-4
3.9713916 2.287307E-4
3.9716382 2.303422E-4
3.9718848 2.321750E-4
3.9721314 2.337572E-4
3.9723780 2.346210E-4
3.9726246 2.345909E-4
3.9728712 2.336606E-4
3.9731178 2.318531E-4
3.9733643 2.298640E-4
3.9736109 2.284493E-4
3.9738575 2.281284E-4
3.9741041 2.286676E-4
3.9743507 2.298320E-4
3.9745973 2.314205E-4
3.9748439 2.332578E-4
3.9750905 2.351919E-4
3.9753371 2.366316E-4
3.9755837 2.369235E-4
3.9758303 2.357150E-4
3.9760769 2.342095E-4
3.9763235 2.337286E-4
3.9765700 2.342506E-4
3.9768166 2.343687E-4
3.9770632 2.327087E-4
3.9773098 2.299824E-4
3.9775564 2.273561E-4
3.9778030 2.258140E-4
3.9780496 2.250922E-4
3.9782962 2.249956E-4
3.9785428 2.253287E-4
3.9787894 2.259409E-4
3.9790360 2.265551E-4
3.9792826 2.272333E-4
3.9795292 2.281601E-4
3.9797758 2.295178E-4
3.9800223 2.306463E-4
3.9802689 2.308561E-4
3.9805155 2.298937E-4
3.9807621 2.286265E-4
3.9810087 2.278685E-4
3.9812553 2.277971E-4
3.9815019 2.282152E-4
3.9817485 2.289950E-4
3.9819951 2.297253E-4
3.9822417 2.299437E-4
3.9824883 2.293787E-4
3.9827349 2.285091E-4
3.9829815 2.277241E-4
3.9832280 2.274208E-4
3.9834746 2.279542E-4
3.9837212 2.298073E-4
3.9839678 2.320862E-4
3.9842144 2.336206E-4
3.9844610 2.335047E-4
3.9847076 2.327767E-4
3.9849542 2.324347E-4
3.9852008 2.328820E-4
3.9854474 2.336152E-4
3.9856940 2.342832E-4
3.9859406 2.346021E-4
3.9861872 2.343154E-4
3.9864338 2.332054E-4
3.9866803 2.315419E-4
3.9869269 2.296279E-4
3.9871735 2.277925E-4
3.9874201 2.263440E-4
3.9876667 2.255472E-4
3.9879133 2.256153E-4
3.9881599 2.266891E-4
3.9884065 2.288921E-4
3.9886531 2.313286E-4
3.9888997 2.330094E-4
3.9891463 2.332674E-4
3.9893929 2.325516E-4
3.9896395 2.312461E-4
3.9898861 2.297179E-4
3.9901326 2.282948E-4
3.9903792 2.274026E-4
3.9906258 2.268398E-4
3.9908724 2.262859E-4
3.9911190 2.255239E-4
3.9913656 2.250992E-4
3.9916122 2.254922E-4
3.9918588 2.268234E-4
3.9921054 2.287654E-4
3.9923520 2.311033E-4
3.9925986 2.332407E-4
3.9928452 2.345058E-4
3.9930918 2.343575E-4
3.9933383 2.336251E-4
3.9935849 2.331416E-4
3.9938315 2.334365E-4
3.9940781 2.343989E-4
3.9943247 2.360739E-4
3.9945713 2.378733E-4
3.9948179 2.389773E-4
3.9950645 2.386198E-4
3.9953111 2.371046E-4
3.9955577 2.348029E-4
3.9958043 2.321962E-4
3.9960509 2.299694E-4
3.9962975 2.288770E-4
3.9965441 2.289212E-4
3.9967906 2.296027E-4
3.9970372 2.304457E-4
3.9972838 2.310292E-4
3.9975304 2.309252E-4
3.9977770 2.298597E-4
3.9980236 2.281956E-4
3.9982702 2.262902E-4
3.9985168 2.244814E-4
3.9987634 2.230459E-4
3.9990100 2.223168E-4
3.9992566 2.221350E-4
3.9995032 2.222010E-4
3.9997498 2.222351E-4
3.9999963 2.224614E-4
4.0002429 2.231105E-4
4.0004895 2.241141E-4
4.0007361 2.249232E-4
4.0009827 2.250189E-4
4.0012293 2.245628E-4
4.0014759 2.239441E-4
4.0017225 2.234955E-4
4.0019691 2.235749E-4
4.0022157 2.245887E-4
4.0024623 2.264979E-4
4.0027089 2.282073E-4
4.0029555 2.285780E-4
4.0032021 2.276532E-4
4.0034486 2.261327E-4
4.0036952 2.247179E-4
4.0039418 2.231543E-4
4.0041884 2.211471E-4
4.0044350 2.186260E-4
4.0046816 2.163424E-4
4.0049282 2.149286E-4
4.0051748 2.146642E-4
4.0054214 2.154774E-4
4.0056680 2.174138E-4
4.0059146 2.194159E-4
4.0061612 2.202490E-4
4.0064078 2.190048E-4
4.0066544 2.167824E-4
4.0069009 2.146070E-4
4.0071475 2.132686E-4
4.0073941 2.131175E-4
4.0076407 2.146789E-4
4.0078873 2.172611E-4
4.0081339 2.198034E-4
4.0083805 2.213151E-4
4.0086271 2.220694E-4
4.0088737 2.223329E-4
4.0091203 2.224018E-4
4.0093669 2.225512E-4
4.0096135 2.231697E-4
4.0098601 2.241305E-4
4.0101066 2.250660E-4
4.0103532 2.256114E-4
4.0105998 2.259278E-4
4.0108464 2.261927E-4
4.0110930 2.265156E-4
4.0113396 2.267928E-4
4.0115862 2.270097E-4
4.0118328 2.269812E-4
4.0120794 2.264191E-4
4.0123260 2.249663E-4
4.0125726 2.233334E-4
4.0128192 2.223914E-4
4.0130658 2.227242E-4
4.0133124 2.232659E-4
4.0135589 2.229705E-4
4.0138055 2.216079E-4
4.0140521 2.199356E-4
4.0142987 2.185742E-4
4.0145453 2.177266E-4
4.0147919 2.175096E-4
4.0150385 2.180184E-4
4.0152851 2.185502E-4
4.0155317 2.183377E-4
4.0157783 2.172099E-4
4.0160249 2.160665E-4
4.0162715 2.157040E-4
4.0165181 2.163294E-4
4.0167646 2.178947E-4
4.0170112 2.203716E-4
4.0172578 2.230464E-4
4.0175044 2.251070E-4
4.0177510 2.260926E-4
4.0179976 2.265571E-4
4.0182442 2.270202E-4
4.0184908 2.275351E-4
4.0187374 2.278648E-4
4.0189840 2.278560E-4
4.0192306 2.273999E-4
4.0194772 2.263920E-4
4.0197238 2.248284E-4
4.0199704 2.231108E-4
4.0202169 2.216255E-4
4.0204635 2.206315E-4
4.0207101 2.202271E-4
4.0209567 2.204761E-4
4.0212033 2.213070E-4
4.0214499 2.226108E-4
4.0216965 2.242233E-4
4.0219431 2.253082E-4
4.0221897 2.249323E-4
4.0224363 2.231070E-4
4.0226829 2.212508E-4
4.0229295 2.208820E-4
4.0231761 2.213925E-4
4.0234227 2.214986E-4
4.0236692 2.200629E-4
4.0239158 2.181888E-4
4.0241624 2.169843E-4
4.0244090 2.170893E-4
4.0246556 2.180303E-4
4.0249022 2.195209E-4
4.0251488 2.210475E-4
4.0253954 2.219993E-4
4.0256420 2.217554E-4
4.0258886 2.206983E-4
4.0261352 2.193245E-4
4.0263818 2.180655E-4
4.0266284 2.169970E-4
4.0268749 2.163094E-4
4.0271215 2.159286E-4
4.0273681 2.155644E-4
4.0276147 2.148220E-4
4.0278613 2.142825E-4
4.0281079 2.146680E-4
4.0283545 2.164564E-4
4.0286011 2.185259E-4
4.0288477 2.197828E-4
4.0290943 2.198005E-4
4.0293409 2.190586E-4
4.0295875 2.179161E-4
4.0298341 2.167595E-4
4.0300807 2.159980E-4
4.0303272 2.160204E-4
4.0305738 2.165004E-4
4.0308204 2.170256E-4
4.0310670 2.174122E-4
4.0313136 2.180172E-4
4.0315602 2.192711E-4
4.0318068 2.205771E-4
4.0320534 2.209235E-4
4.0323000 2.193898E-4
4.0325466 2.169945E-4
4.0327932 2.148759E-4
4.0330398 2.138611E-4
4.0332864 2.137290E-4
4.0335329 2.144209E-4
4.0337795 2.156035E-4
4.0340261 2.167609E-4
4.0342727 2.172718E-4
4.0345193 2.175734E-4
4.0347659 2.182562E-4
4.0350125 2.197017E-4
4.0352591 2.210267E-4
4.0355057 2.213923E-4
4.0357523 2.206485E-4
4.0359989 2.194404E-4
4.0362455 2.183805E-4
4.0364921 2.175856E-4
4.0367387 2.170422E-4
4.0369852 2.167436E-4
4.0372318 2.173257E-4
4.0374784 2.194707E-4
4.0377250 2.229284E-4
4.0379716 2.259113E-4
4.0382182 2.265742E-4
4.0384648 2.253286E-4
4.0387114 2.234788E-4
4.0389580 2.222529E-4
4.0392046 2.212466E-4
4.0394512 2.200578E-4
4.0396978 2.184919E-4
4.0399444 2.169206E-4
4.0401910 2.156271E-4
4.0404375 2.146856E-4
4.0406841 2.140425E-4
4.0409307 2.136717E-4
4.0411773 2.135177E-4
4.0414239 2.134479E-4
4.0416705 2.134171E-4
4.0419171 2.140880E-4
4.0421637 2.162998E-4
4.0424103 2.192799E-4
4.0426569 2.208511E-4
4.0429035 2.188750E-4
4.0431501 2.144461E-4
4.0433967 2.092991E-4
4.0436432 2.050199E-4
4.0438898 2.020808E-4
4.0441364 2.010924E-4
4.0443830 2.020055E-4
4.0446296 2.038879E-4
4.0448762 2.057694E-4
4.0451228 2.072329E-4
4.0453694 2.080530E-4
4.0456160 2.080091E-4
4.0458626 2.075552E-4
4.0461092 2.072641E-4
4.0463558 2.073776E-4
4.0466024 2.072920E-4
4.0468490 2.064391E-4
4.0470955 2.050260E-4
4.0473421 2.036520E-4
4.0475887 2.028317E-4
4.0478353 2.027358E-4
4.0480819 2.035155E-4
4.0483285 2.051389E-4
4.0485751 2.069557E-4
4.0488217 2.082791E-4
4.0490683 2.089123E-4
4.0493149 2.090720E-4
4.0495615 2.089848E-4
4.0498081 2.086500E-4
4.0500547 2.080591E-4
4.0503012 2.072879E-4
4.0505478 2.068913E-4
4.0507944 2.074223E-4
4.0510410 2.089760E-4
4.0512876 2.110815E-4
4.0515342 2.132457E-4
4.0517808 2.153980E-4
4.0520274 2.175695E-4
4.0522740 2.197547E-4
4.0525206 2.213683E-4
4.0527672 2.218273E-4
4.0530138 2.209900E-4
4.0532604 2.195425E-4
4.0535070 2.181902E-4
4.0537535 2.169733E-4
4.0540001 2.156534E-4
4.0542467 2.140415E-4
4.0544933 2.124745E-4
4.0547399 2.112610E-4
4.0549865 2.106580E-4
4.0552331 2.108307E-4
4.0554797 2.119867E-4
4.0557263 2.137835E-4
4.0559729 2.155279E-4
4.0562195 2.165455E-4
4.0564661 2.167737E-4
4.0567127 2.162573E-4
4.0569593 2.151050E-4
4.0572058 2.135414E-4
4.0574524 2.118107E-4
4.0576990 2.102591E-4
4.0579456 2.092982E-4
4.0581922 2.093435E-4
4.0584388 2.101631E-4
4.0586854 2.113459E-4
4.0589320 2.124848E-4
4.0591786 2.132773E-4
4.0594252 2.134086E-4
4.0596718 2.128038E-4
4.0599184 2.117601E-4
4.0601650 2.105113E-4
4.0604115 2.095025E-4
4.0606581 2.092291E-4
4.0609047 2.101330E-4
4.0611513 2.115265E-4
4.0613979 2.126553E-4
4.0616445 2.130084E-4
4.0618911 2.127952E-4
4.0621377 2.121478E-4
4.0623843 2.112209E-4
4.0626309 2.101880E-4
4.0628775 2.092858E-4
4.0631241 2.084094E-4
4.0633707        nan
4.0636173        nan
4.0638638        nan
4.0641104        nan
4.0643570        nan
4.0646036        nan
4.0648502        nan
4.0650968        nan
4.0653434        nan
4.0655900        nan
4.0658366        nan
4.0660832        nan
4.0663298        nan
4.0665764        nan
4.0668230        nan
4.0670695        nan
4.0673161        nan
4.0675627        nan
4.0678093        nan
4.0680559        nan
4.0683025        nan
4.0685491        nan
4.0687957        nan
4.0690423        nan
4.0692889        nan
4.0695355        nan
4.0697821        nan
4.0700287        nan
4.0702753        nan
4.0705218        nan
4.0707684        nan
4.0710150        nan
4.0712616        nan
4.0715082        nan
4.0717548        nan
4.0720014        nan
4.0722480        nan
4.0724946        nan
4.0727412        nan
4.0729878        nan
4.0732344        nan
4.0734810        nan
4.0737276        nan
4.0739741        nan
4.0742207        nan
4.0744673        nan
4.0747139        nan
4.0749605        nan
4.0752071        nan
4.0754537        nan
4.0757003        nan
4.0759469        nan
4.0761935        nan
4.0764401        nan
4.0766867        nan
4.0769333        nan
4.0771798        nan
4.0774264        nan
4.0776730        nan
4.0779196        nan
4.0781662        nan
4.0784128        nan
4.0786594        nan
4.0789060        nan
4.0791526        nan
4.0793992        nan
4.0796458        nan
4.0798924        nan
4.0801390        nan
4.0803856        nan
4.0806321        nan
4.0808787        nan
4.0811253        nan
4.0813719        nan
4.0816185        nan
4.0818651        nan
4.0821117        nan
4.0823583        nan
4.0826049        nan
4.0828515        nan
4.0830981        nan
4.0833447        nan
4.0835913        nan
4.0838378        nan
4.0840844        nan
4.0843310        nan
4.0845776        nan
4.0848242        nan
4.0850708        nan
4.0853174        nan
4.0855640        nan
4.0858106        nan
4.0860572        nan
4.0863038        nan
4.0865504        nan
4.0867970        nan
4.0870436        nan
4.0872901        nan
4.0875367        nan
4.0877833        nan
4.0880299        nan
4.0882765        nan
4.0885231        nan
4.0887697        nan
4.0890163        nan
4.0892629        nan
4.0895095        nan
4.0897561        nan
4.0900027        nan
4.0902493        nan
4.0904959        nan
4.0907424        nan
4.0909890        nan
4.0912356        nan
4.0914822        nan
4.0917288        nan
4.0919754        nan
4.0922220        nan
4.0924686        nan
4.0927152        nan
4.0929618        nan
4.0932084        nan
4.0934550        nan
4.0937016        nan
4.0939481        nan
4.0941947        nan
4.0944413        nan
4.0946879        nan
4.0949345        nan
4.0951811        nan
4.0954277        nan
4.0956743        nan
4.0959209        nan
4.0961675        nan
4.0964141        nan
4.0966607        nan
4.0969073        nan
4.0971539        nan
4.0974004        nan
4.0976470        nan
4.0978936        nan
4.0981402        nan
4.0983868        nan
4.0986334        nan
4.0988800        nan
4.0991266        nan
4.0993732        nan
4.0996198        nan
4.0998664        nan
4.1001130        nan
4.1003596        nan
4.1006061        nan
4.1008527        nan
4.1010993        nan
4.1013459        nan
4.1015925        nan
4.1018391        nan
4.1020857        nan
4.1023323        nan
4.1025789        nan
4.1028255        nan
4.1030721        nan
4.1033187        nan
4.1035653        nan
4.1038119        nan
4.1040584        nan
4.1043050        nan
4.1045516        nan
4.1047982        nan
4.1050448        nan
4.1052914        nan
4.1055380        nan
4.1057846        nan
4.1060312        nan
4.1062778        nan
4.1065244        nan
4.1067710        nan
4.1070176        nan
4.1072642        nan
4.1075107        nan
4.1077573        nan
4.1080039        nan
4.1082505        nan
4.1084971        nan
4.1087437        nan
4.1089903        nan
4.1092369        nan
4.1094835        nan
4.1097301        nan
4.1099767        nan
4.1102233        nan
4.1104699        nan
4.1107164        nan
4.1109630        nan
4.1112096        nan
4.1114562        nan
4.1117028        nan
4.1119494        nan
4.1121960        nan
4.1124426        nan
4.1126892        nan
4.1129358        nan
4.1131824        nan
4.1134290        nan
4.1136756        nan
4.1139222        nan
4.1141687        nan
4.1144153        nan
4.1146619        nan
4.1149085        nan
4.1151551        nan
4.1154017        nan
4.1156483        nan
4.1158949        nan
4.1161415        nan
4.1163881        nan
4.1166347        nan
4.1168813        nan
4.1171279        nan
4.1173744        nan
4.1176210        nan
4.1178676        nan
4.1181142        nan
4.1183608        nan
4.1186074        nan
4.1188540        nan
4.1191006        nan
4.1193472        nan
4.1195938        nan
4.1198404        nan
4.1200870        nan
4.1203336        nan
4.1205802        nan
4.1208267        nan
4.1210733        nan
4.1213199        nan
4.1215665        nan
4.1218131        nan
4.1220597        nan
4.1223063        nan
4.1225529        nan
4.1227995        nan
4.1230461        nan
4.1232927        nan
4.1235393        nan
4.1237859        nan
4.1240325        nan
4.1242790        nan
4.1245256        nan
4.1247722        nan
4.1250188        nan
4.1252654        nan
4.1255120        nan
4.1257586        nan
4.1260052        nan
4.1262518        nan
4.1264984        nan
4.1267450        nan
4.1269916        nan
4.1272382        nan
4.1274847        nan
4.1277313        nan
4.1279779        nan
4.1282245        nan
4.1284711        nan
4.1287177        nan
4.1289643        nan
4.1292109        nan
4.1294575        nan
4.1297041        nan
4.1299507        nan
4.1301973        nan
4.1304439        nan
4.1306905        nan
4.1309370        nan
4.1311836        nan
4.1314302        nan
4.1316768        nan
4.1319234        nan
4.1321700        nan
4.1324166        nan
4.1326632        nan
4.1329098        nan
4.1331564        nan
4.1334030        nan
4.1336496        nan
4.1338962        nan
4.1341427        nan
4.1343893        nan
4.1346359        nan
4.1348825        nan
4.1351291        nan
4.1353757        nan
4.1356223        nan
4.1358689        nan
4.1361155        nan
4.1363621        nan
4.1366087        nan
4.1368553        nan
4.1371019        nan
4.1373485        nan
4.1375950        nan
4.1378416        nan
4.1380882        nan
4.1383348        nan
4.1385814        nan
4.1388280        nan
4.1390746        nan
4.1393212        nan
4.1395678        nan
4.1398144        nan
4.1400610        nan
4.1403076        nan
4.1405542        nan
4.1408008        nan
4.1410473        nan
4.1412939        nan
4.1415405        nan
4.1417871        nan
4.1420337        nan
4.1422803        nan
4.1425269        nan
4.1427735        nan
4.1430201        nan
4.1432667        nan
4.1435133        nan
4.1437599        nan
4.1440065        nan
4.1442530        nan
4.1444996        nan
4.1447462        nan
4.1449928        nan
4.1452394        nan
4.1454860        nan
4.1457326        nan
4.1459792        nan
4.1462258        nan
4.1464724        nan
4.1467190        nan
4.1469656        nan
4.1472122        nan
4.1474588        nan
4.1477053        nan
4.1479519        nan
4.1481985        nan
4.1484451        nan
4.1486917        nan
4.1489383        nan
4.1491849        nan
4.1494315        nan
4.1496781        nan
4.1499247        nan
4.1501713        nan
4.1504179        nan
4.1506645        nan
4.1509110        nan
4.1511576        nan
4.1514042        nan
4.1516508        nan
4.1518974        nan
4.1521440        nan
4.1523906        nan
4.1526372        nan
4.1528838        nan
4.1531304        nan
4.1533770        nan
4.1536236        nan
4.1538702        nan
4.1541168        nan
4.1543633        nan
4.1546099        nan
4.1548565        nan
4.1551031        nan
4.1553497        nan
4.1555963        nan
4.1558429        nan
4.1560895        nan
4.1563361        nan
4.1565827        nan
4.1568293        nan
4.1570759        nan
4.1573225        nan
4.1575691        nan
4.1578156        nan
4.1580622        nan
4.1583088        nan
4.1585554        nan
4.1588020        nan
4.1590486        nan
4.1592952        nan
4.1595418        nan
4.1597884        nan
4.1600350        nan
4.1602816        nan
4.1605282        nan
4.1607748        nan
4.1610213        nan
4.1612679        nan
4.1615145        nan
4.1617611        nan
4.1620077        nan
4.1622543        nan
4.1625009        nan
4.1627475        nan
4.1629941        nan
4.1632407        nan
4.1634873        nan
4.1637339        nan
4.1639805        nan
4.1642271        nan
4.1644736        nan
4.1647202        nan
4.1649668        nan
4.1652134        nan
4.1654600        nan
4.1657066        nan
4.1659532        nan
4.1661998        nan
4.1664464        nan
4.1666930        nan
4.1669396        nan
4.1671862        nan
4.1674328        nan
4.1676793        nan
4.1679259        nan
4.1681725        nan
4.1684191        nan
4.1686657        nan
4.1689123        nan
4.1691589        nan
4.1694055        nan
4.1696521        nan
4.1698987        nan
4.1701453        nan
4.1703919        nan
4.1706385        nan
4.1708851        nan
4.1711316        nan
4.1713782        nan
4.1716248        nan
4.1718714        nan
4.1721180        nan
4.1723646        nan
4.1726112        nan
4.1728578        nan
4.1731044        nan
4.1733510        nan
4.1735976        nan
4.1738442        nan
4.1740908        nan
4.1743374        nan
4.1745839        nan
4.1748305        nan
4.1750771 2.053568E-4
4.1753237 2.059537E-4
4.1755703 2.073005E-4
4.1758169 2.092172E-4
4.1760635 2.112287E-4
4.1763101 2.125555E-4
4.1765567 2.124703E-4
4.1768033 2.109855E-4
4.1770499 2.083608E-4
4.1772965 2.049369E-4
4.1775431 2.021413E-4
4.1777896 2.014840E-4
4.1780362 2.034597E-4
4.1782828 2.066389E-4
4.1785294 2.096311E-4
4.1787760 2.120804E-4
4.1790226 2.140651E-4
4.1792692 2.156132E-4
4.1795158 2.166093E-4
4.1797624 2.170055E-4
4.1800090 2.168470E-4
4.1802556 2.163412E-4
4.1805022 2.156995E-4
4.1807488 2.150771E-4
4.1809954 2.145787E-4
4.1812419 2.143233E-4
4.1814885 2.141617E-4
4.1817351 2.138932E-4
4.1819817 2.133776E-4
4.1822283 2.128304E-4
4.1824749 2.124593E-4
4.1827215 2.122718E-4
4.1829681 2.120702E-4
4.1832147 2.116543E-4
4.1834613 2.110786E-4
4.1837079 2.104688E-4
4.1839545 2.099287E-4
4.1842011 2.090478E-4
4.1844476 2.073603E-4
4.1846942 2.050066E-4
4.1849408 2.030901E-4
4.1851874 2.027371E-4
4.1854340 2.035254E-4
4.1856806 2.045036E-4
4.1859272 2.048222E-4
4.1861738 2.045945E-4
4.1864204 2.038904E-4
4.1866670 2.029522E-4
4.1869136 2.024241E-4
4.1871602 2.030395E-4
4.1874068 2.045708E-4
4.1876534 2.062723E-4
4.1878999 2.074468E-4
4.1881465 2.079882E-4
4.1883931 2.078206E-4
4.1886397 2.069978E-4
4.1888863 2.060575E-4
4.1891329 2.056521E-4
4.1893795 2.057529E-4
4.1896261 2.057582E-4
4.1898727 2.050282E-4
4.1901193 2.042059E-4
4.1903659 2.041335E-4
4.1906125 2.054287E-4
4.1908591 2.074149E-4
4.1911057 2.094431E-4
4.1913522 2.111341E-4
4.1915988 2.125359E-4
4.1918454 2.136199E-4
4.1920920 2.142934E-4
4.1923386 2.144916E-4
4.1925852 2.142218E-4
4.1928318 2.131459E-4
4.1930784 2.108929E-4
4.1933250 2.076606E-4
4.1935716 2.048187E-4
4.1938182 2.037092E-4
4.1940648 2.043448E-4
4.1943114 2.060863E-4
4.1945579 2.083312E-4
4.1948045 2.105716E-4
4.1950511 2.122226E-4
4.1952977 2.129188E-4
4.1955443 2.131108E-4
4.1957909 2.133616E-4
4.1960375 2.135033E-4
4.1962841 2.128670E-4
4.1965307 2.107927E-4
4.1967773 2.081886E-4
4.1970239 2.061833E-4
4.1972705 2.056292E-4
4.1975171 2.059890E-4
4.1977637 2.067935E-4
4.1980102 2.077047E-4
4.1982568 2.085897E-4
4.1985034 2.092441E-4
4.1987500 2.096717E-4
4.1989966 2.099384E-4
4.1992432 2.101212E-4
4.1994898 2.105184E-4
4.1997364 2.114877E-4
4.1999830 2.129981E-4
4.2002296 2.143085E-4
4.2004762 2.146696E-4
4.2007228 2.143036E-4
4.2009694 2.138102E-4
4.2012159 2.137257E-4
4.2014625 2.141576E-4
4.2017091 2.152205E-4
4.2019557 2.168461E-4
4.2022023 2.185005E-4
4.2024489 2.195958E-4
4.2026955 2.200559E-4
4.2029421 2.201337E-4
4.2031887 2.201039E-4
4.2034353 2.197077E-4
4.2036819 2.186557E-4
4.2039285 2.168430E-4
4.2041751 2.149239E-4
4.2044217 2.135512E-4
4.2046682 2.128960E-4
4.2049148 2.126290E-4
4.2051614 2.124204E-4
4.2054080 2.123949E-4
4.2056546 2.127489E-4
4.2059012 2.136073E-4
4.2061478 2.145699E-4
4.2063944 2.152081E-4
4.2066410 2.154607E-4
4.2068876 2.158459E-4
4.2071342 2.168629E-4
4.2073808 2.182369E-4
4.2076274 2.194627E-4
4.2078740 2.201287E-4
4.2081205 2.198207E-4
4.2083671 2.180563E-4
4.2086137 2.149985E-4
4.2088603 2.122955E-4
4.2091069 2.116687E-4
4.2093535 2.128453E-4
4.2096001 2.145024E-4
4.2098467 2.154158E-4
4.2100933 2.155356E-4
4.2103399 2.148363E-4
4.2105865 2.134528E-4
4.2108331 2.121848E-4
4.2110797 2.119901E-4
4.2113262 2.126691E-4
4.2115728 2.130651E-4
4.2118194 2.120873E-4
4.2120660 2.100914E-4
4.2123126 2.076634E-4
4.2125592 2.053632E-4
4.2128058 2.037025E-4
4.2130524 2.032704E-4
4.2132990 2.041290E-4
4.2135456 2.056373E-4
4.2137922 2.071345E-4
4.2140388 2.084309E-4
4.2142854 2.094730E-4
4.2145320 2.102034E-4
4.2147785 2.103905E-4
4.2150251 2.098459E-4
4.2152717 2.086239E-4
4.2155183 2.072032E-4
4.2157649 2.060163E-4
4.2160115 2.053674E-4
4.2162581 2.054695E-4
4.2165047 2.065249E-4
4.2167513 2.079974E-4
4.2169979 2.092729E-4
4.2172445 2.099123E-4
4.2174911 2.100653E-4
4.2177377 2.097979E-4
4.2179842 2.093450E-4
4.2182308 2.090450E-4
4.2184774 2.092772E-4
4.2187240 2.097593E-4
4.2189706 2.101097E-4
4.2192172 2.100274E-4
4.2194638 2.096955E-4
4.2197104 2.092874E-4
4.2199570 2.088250E-4
4.2202036 2.081560E-4
4.2204502 2.071301E-4
4.2206968 2.060270E-4
4.2209434 2.052203E-4
4.2211900 2.050274E-4
4.2214365 2.052141E-4
4.2216831 2.055270E-4
4.2219297 2.058630E-4
4.2221763 2.064075E-4
4.2224229 2.073213E-4
4.2226695 2.084853E-4
4.2229161 2.096861E-4
4.2231627 2.107442E-4
4.2234093 2.116639E-4
4.2236559 2.124134E-4
4.2239025 2.130817E-4
4.2241491 2.141127E-4
4.2243957 2.160747E-4
4.2246423 2.184631E-4
4.2248888 2.201517E-4
4.2251354 2.200122E-4
4.2253820 2.188657E-4
4.2256286 2.177588E-4
4.2258752 2.174098E-4
4.2261218 2.169445E-4
4.2263684 2.155884E-4
4.2266150 2.132883E-4
4.2268616 2.107003E-4
4.2271082 2.083589E-4
4.2273548 2.065804E-4
4.2276014 2.056356E-4
4.2278480 2.057065E-4
4.2280945 2.062515E-4
4.2283411 2.066827E-4
4.2285877 2.067211E-4
4.2288343 2.065988E-4
4.2290809 2.065351E-4
4.2293275 2.064840E-4
4.2295741 2.063307E-4
4.2298207 2.059873E-4
4.2300673 2.059695E-4
4.2303139 2.067986E-4
4.2305605 2.086243E-4
4.2308071 2.107876E-4
4.2310537 2.127107E-4
4.2313003 2.140139E-4
4.2315468 2.144564E-4
4.2317934 2.137902E-4
4.2320400 2.125205E-4
4.2322866 2.112725E-4
4.2325332 2.105028E-4
4.2327798 2.099089E-4
4.2330264 2.091667E-4
4.2332730 2.084588E-4
4.2335196 2.083561E-4
4.2337662 2.094210E-4
4.2340128 2.110258E-4
4.2342594 2.123473E-4
4.2345060 2.127393E-4
4.2347525 2.128229E-4
4.2349991 2.131963E-4
4.2352457 2.139626E-4
4.2354923 2.145843E-4
4.2357389 2.146570E-4
4.2359855 2.140530E-4
4.2362321 2.127200E-4
4.2364787 2.106299E-4
4.2367253 2.086875E-4
4.2369719 2.079054E-4
4.2372185 2.085261E-4
4.2374651 2.092763E-4
4.2377117 2.088127E-4
4.2379583 2.075597E-4
4.2382048 2.066998E-4
4.2384514 2.073268E-4
4.2386980 2.084533E-4
4.2389446 2.089961E-4
4.2391912 2.083466E-4
4.2394378 2.073864E-4
4.2396844 2.068844E-4
4.2399310 2.069922E-4
4.2401776 2.074169E-4
4.2404242 2.079388E-4
4.2406708 2.083735E-4
4.2409174 2.085133E-4
4.2411640 2.082036E-4
4.2414106 2.076503E-4
4.2416571 2.071037E-4
4.2419037 2.065590E-4
4.2421503 2.057351E-4
4.2423969 2.043752E-4
4.2426435 2.028013E-4
4.2428901 2.014426E-4
4.2431367 2.006700E-4
4.2433833 2.007693E-4
4.2436299 2.020931E-4
4.2438765 2.044206E-4
4.2441231 2.066259E-4
4.2443697 2.074480E-4
4.2446163 2.073900E-4
4.2448628 2.076080E-4
4.2451094 2.091769E-4
4.2453560 2.110382E-4
4.2456026 2.120627E-4
4.2458492 2.116817E-4
4.2460958 2.108200E-4
4.2463424 2.103163E-4
4.2465890 2.102086E-4
4.2468356 2.100697E-4
4.2470822 2.095537E-4
4.2473288 2.087798E-4
4.2475754 2.078859E-4
4.2478220 2.070257E-4
4.2480686 2.064510E-4
4.2483151 2.063851E-4
4.2485617 2.069142E-4
4.2488083 2.079844E-4
4.2490549 2.096126E-4
4.2493015 2.110777E-4
4.2495481 2.115445E-4
4.2497947 2.103828E-4
4.2500413 2.083224E-4
4.2502879 2.060820E-4
4.2505345 2.042346E-4
4.2507811 2.030640E-4
4.2510277 2.029178E-4
4.2512743 2.036341E-4
4.2515208 2.048552E-4
4.2517674 2.062188E-4
4.2520140 2.070600E-4
4.2522606 2.066459E-4
4.2525072 2.048410E-4
4.2527538 2.028086E-4
4.2530004 2.017853E-4
4.2532470 2.016382E-4
4.2534936 2.015592E-4
4.2537402 2.008134E-4
4.2539868 1.999545E-4
4.2542334 1.995586E-4
4.2544800 2.000606E-4
4.2547266 2.014888E-4
4.2549731 2.039973E-4
4.2552197 2.071004E-4
4.2554663 2.098586E-4
4.2557129 2.112730E-4
4.2559595 2.117986E-4
4.2562061 2.121338E-4
4.2564527 2.128172E-4
4.2566993 2.131724E-4
4.2569459 2.126012E-4
4.2571925 2.110415E-4
4.2574391 2.090804E-4
4.2576857 2.072078E-4
4.2579323 2.057205E-4
4.2581789 2.048535E-4
4.2584254 2.047867E-4
4.2586720 2.051094E-4
4.2589186 2.053825E-4
4.2591652 2.053319E-4
4.2594118 2.050330E-4
4.2596584 2.044523E-4
4.2599050 2.038946E-4
4.2601516 2.038053E-4
4.2603982 2.046483E-4
4.2606448 2.056937E-4
4.2608914 2.060986E-4
4.2611380 2.054998E-4
4.2613846 2.050954E-4
4.2616311 2.060650E-4
4.2618777 2.081824E-4
4.2621243 2.103202E-4
4.2623709 2.115012E-4
4.2626175 2.114949E-4
4.2628641 2.101350E-4
4.2631107 2.074927E-4
4.2633573 2.048527E-4
4.2636039 2.036086E-4
4.2638505 2.039562E-4
4.2640971 2.048481E-4
4.2643437 2.052842E-4
4.2645903 2.052989E-4
4.2648369 2.051292E-4
4.2650834 2.049560E-4
4.2653300 2.046529E-4
4.2655766 2.041607E-4
4.2658232 2.034879E-4
4.2660698 2.027274E-4
4.2663164 2.018665E-4
4.2665630 2.012962E-4
4.2668096 2.015270E-4
4.2670562 2.030239E-4
4.2673028 2.046209E-4
4.2675494 2.050675E-4
4.2677960 2.037965E-4
4.2680426 2.020435E-4
4.2682891 2.009191E-4
4.2685357 2.007412E-4
4.2687823 2.013584E-4
4.2690289 2.027195E-4
4.2692755 2.041659E-4
4.2695221 2.049366E-4
4.2697687 2.045485E-4
4.2700153 2.037483E-4
4.2702619 2.032336E-4
4.2705085 2.032847E-4
4.2707551 2.037846E-4
4.2710017 2.047191E-4
4.2712483 2.056845E-4
4.2714949 2.062025E-4
4.2717414 2.059084E-4
4.2719880 2.051206E-4
4.2722346 2.040843E-4
4.2724812 2.032133E-4
4.2727278 2.031001E-4
4.2729744 2.044445E-4
4.2732210 2.065700E-4
4.2734676 2.083694E-4
4.2737142 2.088469E-4
4.2739608 2.082390E-4
4.2742074 2.067986E-4
4.2744540 2.048150E-4
4.2747006 2.025486E-4
4.2749472 2.003162E-4
4.2751937 1.984345E-4
4.2754403 1.971923E-4
4.2756869 1.968478E-4
4.2759335 1.972007E-4
4.2761801 1.979735E-4
4.2764267 1.989463E-4
4.2766733 2.002219E-4
4.2769199 2.018713E-4
4.2771665 2.037255E-4
4.2774131 2.054494E-4
4.2776597 2.067408E-4
4.2779063 2.074897E-4
4.2781529 2.076446E-4
4.2783994 2.072070E-4
4.2786460 2.062783E-4
4.2788926 2.049753E-4
4.2791392 2.035643E-4
4.2793858 2.024526E-4
4.2796324 2.020283E-4
4.2798790 2.023555E-4
4.2801256 2.033700E-4
4.2803722 2.049457E-4
4.2806188 2.067476E-4
4.2808654 2.084588E-4
4.2811120 2.097199E-4
4.2813586 2.101161E-4
4.2816052 2.090993E-4
4.2818517 2.073438E-4
4.2820983 2.060040E-4
4.2823449 2.062173E-4
4.2825915 2.067933E-4
4.2828381 2.064205E-4
4.2830847 2.044719E-4
4.2833313 2.023988E-4
4.2835779 2.014512E-4
4.2838245 2.020176E-4
4.2840711 2.038961E-4
4.2843177 2.069996E-4
4.2845643 2.103298E-4
4.2848109 2.127258E-4
4.2850574 2.133488E-4
4.2853040 2.128839E-4
4.2855506 2.119931E-4
4.2857972 2.110158E-4
4.2860438 2.099261E-4
4.2862904 2.087899E-4
4.2865370 2.077026E-4
4.2867836 2.067307E-4
4.2870302 2.059012E-4
4.2872768 2.053069E-4
4.2875234 2.050755E-4
4.2877700 2.050483E-4
4.2880166 2.046292E-4
4.2882632 2.031860E-4
4.2885097 2.011195E-4
4.2887563 1.991826E-4
4.2890029 1.980684E-4
4.2892495 1.976792E-4
4.2894961 1.979042E-4
4.2897427 1.986220E-4
4.2899893 1.997473E-4
4.2902359 2.011313E-4
4.2904825 2.026423E-4
4.2907291 2.041626E-4
4.2909757 2.055719E-4
4.2912223 2.067566E-4
4.2914689 2.076272E-4
4.2917155 2.081102E-4
4.2919620 2.080972E-4
4.2922086 2.074846E-4
4.2924552 2.064095E-4
4.2927018 2.052019E-4
4.2929484 2.041957E-4
4.2931950 2.034700E-4
4.2934416 2.030439E-4
4.2936882 2.029221E-4
4.2939348 2.031987E-4
4.2941814 2.039571E-4
4.2944280 2.050734E-4
4.2946746 2.061621E-4
4.2949212 2.068405E-4
4.2951677 2.070945E-4
4.2954143 2.070271E-4
4.2956609 2.067442E-4
4.2959075 2.063326E-4
4.2961541 2.059171E-4
4.2964007 2.055575E-4
4.2966473 2.051528E-4
4.2968939 2.045696E-4
4.2971405 2.039906E-4
4.2973871 2.037265E-4
4.2976337 2.040689E-4
4.2978803 2.047419E-4
4.2981269 2.054080E-4
4.2983735 2.058423E-4
4.2986200 2.062496E-4
4.2988666 2.068705E-4
4.2991132 2.075073E-4
4.2993598 2.076740E-4
4.2996064 2.068467E-4
4.2998530 2.057315E-4
4.3000996 2.052132E-4
4.3003462 2.058995E-4
4.3005928 2.068995E-4
4.3008394 2.073724E-4
4.3010860 2.070255E-4
4.3013326 2.062380E-4
4.3015792 2.052398E-4
4.3018257 2.043234E-4
4.3020723 2.038294E-4
4.3023189 2.040487E-4
4.3025655 2.038501E-4
4.3028121 2.020056E-4
4.3030587 1.984241E-4
4.3033053 1.950769E-4
4.3035519 1.938423E-4
4.3037985 1.946136E-4
4.3040451 1.964987E-4
4.3042917 1.987071E-4
4.3045383 2.005433E-4
4.3047849 2.011881E-4
4.3050315 2.003604E-4
4.3052780 1.992904E-4
4.3055246 1.993481E-4
4.3057712 2.002900E-4
4.3060178 2.009162E-4
4.3062644 2.000315E-4
4.3065110 1.987672E-4
4.3067576 1.984921E-4
4.3070042 2.000719E-4
4.3072508 2.021562E-4
4.3074974 2.034715E-4
4.3077440 2.037151E-4
4.3079906 2.035748E-4
4.3082372 2.036334E-4
4.3084838 2.038235E-4
4.3087303 2.039927E-4
4.3089769 2.040375E-4
4.3092235 2.038324E-4
4.3094701 2.031751E-4
4.3097167 2.022091E-4
4.3099633 2.016020E-4
4.3102099 2.020592E-4
4.3104565 2.031664E-4
4.3107031 2.041573E-4
4.3109497 2.043513E-4
4.3111963 2.038820E-4
4.3114429 2.028633E-4
4.3116895 2.015764E-4
4.3119360 2.006437E-4
4.3121826 2.007697E-4
4.3124292 2.017906E-4
4.3126758 2.030837E-4
4.3129224 2.040311E-4
4.3131690 2.047006E-4
4.3134156 2.051940E-4
4.3136622 2.055569E-4
4.3139088 2.056158E-4
4.3141554 2.053073E-4
4.3144020 2.045028E-4
4.3146486 2.030460E-4
4.3148952 2.007187E-4
4.3151418 1.983793E-4
4.3153883 1.970389E-4
4.3156349 1.974496E-4
4.3158815 1.989309E-4
4.3161281 2.008730E-4
4.3163747 2.027055E-4
4.3166213 2.039874E-4
4.3168679 2.040923E-4
4.3171145 2.036027E-4
4.3173611 2.034566E-4
4.3176077 2.045122E-4
4.3178543 2.056169E-4
4.3181009 2.055410E-4
4.3183475 2.039615E-4
4.3185940 2.024114E-4
4.3188406 2.024072E-4
4.3190872 2.035706E-4
4.3193338 2.047028E-4
4.3195804 2.046727E-4
4.3198270 2.042320E-4
4.3200736 2.042431E-4
4.3203202 2.051401E-4
4.3205668 2.059401E-4
4.3208134 2.056564E-4
4.3210600 2.045358E-4
4.3213066 2.036748E-4
4.3215532 2.041598E-4
4.3217998 2.051667E-4
4.3220463 2.056328E-4
4.3222929 2.048102E-4
4.3225395 2.036145E-4
4.3227861 2.029067E-4
4.3230327 2.028771E-4
4.3232793 2.029413E-4
4.3235259 2.025923E-4
4.3237725 2.019789E-4
4.3240191 2.013822E-4
4.3242657 2.010342E-4
4.3245123 2.009348E-4
4.3247589 2.011221E-4
4.3250055 2.015507E-4
4.3252521 2.020323E-4
4.3254986 2.023044E-4
4.3257452 2.026078E-4
4.3259918 2.033521E-4
4.3262384 2.049035E-4
4.3264850 2.066893E-4
4.3267316 2.080756E-4
4.3269782 2.086693E-4
4.3272248 2.087573E-4
4.3274714 2.087056E-4
4.3277180 2.082763E-4
4.3279646 2.069081E-4
4.3282112 2.039559E-4
4.3284578 2.010755E-4
4.3287043 2.001813E-4
4.3289509 2.023593E-4
4.3291975 2.051561E-4
4.3294441 2.061920E-4
4.3296907 2.049380E-4
4.3299373 2.026916E-4
4.3301839 2.005639E-4
4.3304305 1.989259E-4
4.3306771 1.980331E-4
4.3309237 1.981112E-4
4.3311703 1.992103E-4
4.3314169 2.013921E-4
4.3316635 2.041602E-4
4.3319101 2.062932E-4
4.3321566 2.064827E-4
4.3324032 2.052256E-4
4.3326498 2.036251E-4
4.3328964 2.027449E-4
4.3331430 2.021237E-4
4.3333896 2.012477E-4
4.3336362 2.000996E-4
4.3338828 1.998450E-4
4.3341294 2.016241E-4
4.3343760 2.048861E-4
4.3346226 2.082112E-4
4.3348692 2.102794E-4
4.3351158 2.109777E-4
4.3353623 2.102934E-4
4.3356089 2.083681E-4
4.3358555 2.056849E-4
4.3361021 2.028185E-4
4.3363487 2.002225E-4
4.3365953 1.982060E-4
4.3368419 1.969537E-4
4.3370885 1.969592E-4
4.3373351 1.987221E-4
4.3375817 2.023863E-4
4.3378283 2.058878E-4
4.3380749 2.070823E-4
4.3383215 2.055412E-4
4.3385681 2.029870E-4
4.3388146 2.010552E-4
4.3390612 1.999011E-4
4.3393078 1.992972E-4
4.3395544 1.990609E-4
4.3398010 1.996702E-4
4.3400476 2.015495E-4
4.3402942 2.045000E-4
4.3405408 2.072227E-4
4.3407874 2.084790E-4
4.3410340 2.080628E-4
4.3412806 2.062875E-4
4.3415272 2.034877E-4
4.3417738 2.003743E-4
4.3420204 1.977108E-4
4.3422669 1.961221E-4
4.3425135 1.958321E-4
4.3427601 1.971822E-4
4.3430067 1.995726E-4
4.3432533 2.017915E-4
4.3434999 2.025837E-4
4.3437465 2.024646E-4
4.3439931 2.021817E-4
4.3442397 2.023266E-4
4.3444863 2.025400E-4
4.3447329 2.025691E-4
4.3449795 2.023382E-4
4.3452261 2.019654E-4
4.3454726 2.015214E-4
4.3457192 2.011080E-4
4.3459658 2.008225E-4
4.3462124 2.007384E-4
4.3464590 2.009409E-4
4.3467056 2.015544E-4
4.3469522 2.023934E-4
4.3471988 2.027899E-4
4.3474454 2.020577E-4
4.3476920 2.005093E-4
4.3479386 1.988262E-4
4.3481852 1.976046E-4
4.3484318 1.972320E-4
4.3486784 1.981623E-4
4.3489249 2.003114E-4
4.3491715 2.022515E-4
4.3494181 2.024298E-4
4.3496647 2.011321E-4
4.3499113 1.997146E-4
4.3501579 1.994682E-4
4.3504045 1.998986E-4
4.3506511 2.003896E-4
4.3508977 2.004775E-4
4.3511443 2.003248E-4
4.3513909 1.999202E-4
4.3516375 1.994797E-4
4.3518841 1.993952E-4
4.3521306 2.002027E-4
4.3523772 2.009280E-4
4.3526238 2.003593E-4
4.3528704 1.976148E-4
4.3531170 1.940060E-4
4.3533636 1.907845E-4
4.3536102 1.888152E-4
4.3538568 1.883233E-4
4.3541034 1.896860E-4
4.3543500 1.923938E-4
4.3545966 1.955879E-4
4.3548432 1.983938E-4
4.3550898 2.008540E-4
4.3553364 2.030847E-4
4.3555829 2.049163E-4
4.3558295 2.054670E-4
4.3560761 2.037809E-4
4.3563227 2.006914E-4
4.3565693 1.979021E-4
4.3568159 1.970839E-4
4.3570625 1.973082E-4
4.3573091 1.974139E-4
4.3575557 1.967120E-4
4.3578023 1.964571E-4
4.3580489 1.978794E-4
4.3582955 2.005400E-4
4.3585421 2.027904E-4
4.3587887 2.030329E-4
4.3590352 2.020738E-4
4.3592818 2.010538E-4
4.3595284 2.008977E-4
4.3597750 2.012875E-4
4.3600216 2.020718E-4
4.3602682 2.029231E-4
4.3605148 2.033473E-4
4.3607614 2.027179E-4
4.3610080 2.015772E-4
4.3612546 2.007690E-4
4.3615012 2.010070E-4
4.3617478 2.018267E-4
4.3619944 2.027814E-4
4.3622409 2.034769E-4
4.3624875 2.036814E-4
4.3627341 2.031633E-4
4.3629807 2.018238E-4
4.3632273 1.996698E-4
4.3634739 1.967241E-4
4.3637205 1.940292E-4
4.3639671 1.926966E-4
4.3642137 1.933229E-4
4.3644603 1.949875E-4
4.3647069 1.968188E-4
4.3649535 1.983886E-4
4.3652001 1.995818E-4
4.3654467 2.002038E-4
4.3656932 2.003792E-4
4.3659398 2.003308E-4
4.3661864 2.002313E-4
4.3664330 1.997530E-4
4.3666796 1.985626E-4
4.3669262 1.968440E-4
4.3671728 1.952821E-4
4.3674194 1.945511E-4
4.3676660 1.944840E-4
4.3679126 1.947368E-4
4.3681592 1.950142E-4
4.3684058 1.952045E-4
4.3686524 1.950356E-4
4.3688989 1.947467E-4
4.3691455 1.953856E-4
4.3693921 1.982472E-4
4.3696387 2.019559E-4
4.3698853 2.042327E-4
4.3701319 2.030322E-4
4.3703785 2.003403E-4
4.3706251 1.982747E-4
4.3708717 1.980962E-4
4.3711183 1.987082E-4
4.3713649 1.993125E-4
4.3716115 1.995742E-4
4.3718581 1.994173E-4
4.3721047 1.985545E-4
4.3723512 1.980026E-4
4.3725978 1.989705E-4
4.3728444 2.019793E-4
4.3730910 2.045348E-4
4.3733376 2.041330E-4
4.3735842 2.007678E-4
4.3738308 1.965723E-4
4.3740774 1.934836E-4
4.3743240 1.919004E-4
4.3745706 1.919645E-4
4.3748172 1.936959E-4
4.3750638 1.961995E-4
4.3753104 1.984338E-4
4.3755570 1.999112E-4
4.3758035 2.009669E-4
4.3760501 2.018837E-4
4.3762967 2.025326E-4
4.3765433 2.027011E-4
4.3767899 2.022520E-4
4.3770365 2.013459E-4
4.3772831 2.001841E-4
4.3775297 1.988880E-4
4.3777763 1.973635E-4
4.3780229 1.954536E-4
4.3782695 1.936586E-4
4.3785161 1.927415E-4
4.3787627 1.933850E-4
4.3790092 1.950867E-4
4.3792558 1.972368E-4
4.3795024 1.992740E-4
4.3797490 2.009480E-4
4.3799956 2.019910E-4
4.3802422 2.021948E-4
4.3804888 2.014255E-4
4.3807354 1.995237E-4
4.3809820 1.972125E-4
4.3812286 1.953840E-4
4.3814752 1.946901E-4
4.3817218 1.942887E-4
4.3819684 1.933436E-4
4.3822150 1.917814E-4
4.3824615 1.904251E-4
4.3827081 1.899385E-4
4.3829547 1.905371E-4
4.3832013 1.922933E-4
4.3834479 1.951946E-4
4.3836945 1.983227E-4
4.3839411 2.007090E-4
4.3841877 2.018374E-4
4.3844343 2.020789E-4
4.3846809 2.017718E-4
4.3849275 2.010775E-4
4.3851741 2.001147E-4
4.3854207 1.990549E-4
4.3856672 1.980786E-4
4.3859138 1.973389E-4
4.3861604 1.969859E-4
4.3864070 1.972089E-4
4.3866536 1.981606E-4
4.3869002 1.997095E-4
4.3871468 2.015485E-4
4.3873934 2.034243E-4
4.3876400 2.047696E-4
4.3878866 2.049938E-4
4.3881332 2.038059E-4
4.3883798 2.021604E-4
4.3886264 2.009651E-4
4.3888730 2.006607E-4
4.3891195 2.011814E-4
4.3893661 2.026396E-4
4.3896127 2.041666E-4
4.3898593 2.046707E-4
4.3901059 2.033047E-4
4.3903525 2.013630E-4
4.3905991 2.001344E-4
4.3908457 2.001944E-4
4.3910923 2.009139E-4
4.3913389 2.018248E-4
4.3915855 2.025985E-4
4.3918321 2.029408E-4
4.3920787 2.025425E-4
4.3923253 2.017732E-4
4.3925718 2.010814E-4
4.3928184 2.006606E-4
4.3930650 2.000029E-4
4.3933116 1.986674E-4
4.3935582 1.968438E-4
4.3938048 1.950417E-4
4.3940514 1.936364E-4
4.3942980 1.934086E-4
4.3945446 1.951733E-4
4.3947912 1.991551E-4
4.3950378 2.034556E-4
4.3952844 2.061933E-4
4.3955310 2.068351E-4
4.3957775 2.060207E-4
4.3960241 2.042243E-4
4.3962707 2.021771E-4
4.3965173 2.007383E-4
4.3967639 2.005635E-4
4.3970105 2.005385E-4
4.3972571 1.994857E-4
4.3975037 1.972434E-4
4.3977503 1.950539E-4
4.3979969 1.940725E-4
4.3982435 1.940902E-4
4.3984901 1.945270E-4
4.3987367 1.948893E-4
4.3989833 1.952631E-4
4.3992298 1.956380E-4
4.3994764 1.961442E-4
4.3997230 1.972189E-4
4.3999696 1.993891E-4
4.4002162 2.020974E-4
4.4004628 2.043292E-4
4.4007094 2.051562E-4
4.4009560 2.047137E-4
4.4012026 2.032179E-4
4.4014492 2.010407E-4
4.4016958 1.989073E-4
4.4019424 1.975805E-4
4.4021890 1.973097E-4
4.4024355 1.979417E-4
4.4026821 1.993702E-4
4.4029287 2.009426E-4
4.4031753 2.019027E-4
4.4034219 2.017005E-4
4.4036685 2.008517E-4
4.4039151 1.998193E-4
4.4041617 1.989781E-4
4.4044083 1.985455E-4
4.4046549 1.988312E-4
4.4049015 1.994728E-4
4.4051481 1.999473E-4
4.4053947 1.998043E-4
4.4056413 1.991258E-4
4.4058878 1.979436E-4
4.4061344 1.965342E-4
4.4063810 1.955605E-4
4.4066276 1.957711E-4
4.4068742 1.968940E-4
4.4071208 1.982554E-4
4.4073674 1.991821E-4
4.4076140 2.001766E-4
4.4078606 2.018076E-4
4.4081072 2.042194E-4
4.4083538 2.063229E-4
4.4086004 2.069889E-4
4.4088470 2.065262E-4
4.4090936 2.060743E-4
4.4093401 2.067348E-4
4.4095867 2.077925E-4
4.4098333 2.083842E-4
4.4100799 2.078617E-4
4.4103265 2.063666E-4
4.4105731 2.038917E-4
4.4108197 2.009294E-4
4.4110663 1.984148E-4
4.4113129 1.973181E-4
4.4115595 1.974347E-4
4.4118061 1.982929E-4
4.4120527 1.994424E-4
4.4122993 2.009079E-4
4.4125458 2.026279E-4
4.4127924 2.044767E-4
4.4130390 2.062481E-4
4.4132856 2.078133E-4
4.4135322 2.088088E-4
4.4137788 2.088380E-4
4.4140254 2.075857E-4
4.4142720 2.054302E-4
4.4145186 2.028170E-4
4.4147652 2.001701E-4
4.4150118 1.977754E-4
4.4152584 1.959622E-4
4.4155050 1.949315E-4
4.4157516 1.947782E-4
4.4159981 1.954922E-4
4.4162447 1.972888E-4
4.4164913 2.003671E-4
4.4167379 2.045630E-4
4.4169845 2.084731E-4
4.4172311 2.107096E-4
4.4174777 2.110051E-4
4.4177243 2.100519E-4
4.4179709 2.084291E-4
4.4182175 2.068963E-4
4.4184641 2.062808E-4
4.4187107 2.071576E-4
4.4189573 2.083761E-4
4.4192038 2.087340E-4
4.4194504 2.078411E-4
4.4196970 2.064310E-4
4.4199436 2.052005E-4
4.4201902 2.039476E-4
4.4204368 2.022739E-4
4.4206834 1.999036E-4
4.4209300 1.975507E-4
4.4211766 1.958739E-4
4.4214232 1.953150E-4
4.4216698 1.958831E-4
4.4219164 1.977311E-4
4.4221630 2.000713E-4
4.4224096 2.017518E-4
4.4226561 2.016866E-4
4.4229027 2.004234E-4
4.4231493 1.986122E-4
4.4233959 1.969237E-4
4.4236425 1.959835E-4
4.4238891 1.965495E-4
4.4241357 1.983873E-4
4.4243823 2.005745E-4
4.4246289 2.022679E-4
4.4248755 2.029635E-4
4.4251221 2.022081E-4
4.4253687 1.998609E-4
4.4256153 1.972411E-4
4.4258619 1.956796E-4
4.4261084 1.957261E-4
4.4263550 1.969940E-4
4.4266016 1.991827E-4
4.4268482 2.017084E-4
4.4270948 2.038946E-4
4.4273414 2.051051E-4
4.4275880 2.052426E-4
4.4278346 2.042179E-4
4.4280812 2.022096E-4
4.4283278 1.997654E-4
4.4285744 1.975749E-4
4.4288210 1.955562E-4
4.4290676 1.933453E-4
4.4293141 1.905927E-4
4.4295607 1.884163E-4
4.4298073 1.879692E-4
4.4300539 1.897142E-4
4.4303005 1.923917E-4
4.4305471 1.948634E-4
4.4307937 1.966542E-4
4.4310403 1.977198E-4
4.4312869 1.978796E-4
4.4315335 1.979890E-4
4.4317801 1.990891E-4
4.4320267 2.017455E-4
4.4322733 2.042976E-4
4.4325199 2.050395E-4
4.4327664 2.039368E-4
4.4330130 2.025225E-4
4.4332596 2.022509E-4
4.4335062 2.026054E-4
4.4337528 2.027549E-4
4.4339994 2.020241E-4
4.4342460 2.004785E-4
4.4344926 1.981177E-4
4.4347392 1.952363E-4
4.4349858 1.925016E-4
4.4352324 1.904923E-4
4.4354790 1.897571E-4
4.4357256 1.907758E-4
4.4359721 1.939245E-4
4.4362187 1.977182E-4
4.4364653 2.005454E-4
4.4367119 2.015792E-4
4.4369585 2.018010E-4
4.4372051 2.019794E-4
4.4374517 2.025684E-4
4.4376983 2.038282E-4
4.4379449 2.061048E-4
4.4381915 2.082555E-4
4.4384381 2.090115E-4
4.4386847 2.075602E-4
4.4389313 2.046641E-4
4.4391779 2.009977E-4
4.4394244 1.971669E-4
4.4396710 1.936878E-4
4.4399176 1.910961E-4
4.4401642 1.896920E-4
4.4404108 1.896621E-4
4.4406574 1.910383E-4
4.4409040 1.933590E-4
4.4411506 1.961621E-4
4.4413972 1.988830E-4
4.4416438 2.008989E-4
4.4418904 2.015138E-4
4.4421370 2.012379E-4
4.4423836 2.009075E-4
4.4426302 2.012740E-4
4.4428767 2.022472E-4
4.4431233 2.037681E-4
4.4433699 2.055226E-4
4.4436165 2.067894E-4
4.4438631 2.068854E-4
4.4441097 2.055558E-4
4.4443563 2.027981E-4
4.4446029 1.986420E-4
4.4448495 1.942898E-4
4.4450961 1.910473E-4
4.4453427 1.897819E-4
4.4455893 1.900794E-4
4.4458359 1.915902E-4
4.4460824 1.938971E-4
4.4463290 1.965362E-4
4.4465756 1.989592E-4
4.4468222 2.010096E-4
4.4470688 2.026279E-4
4.4473154 2.037483E-4
4.4475620 2.039733E-4
4.4478086 2.028790E-4
4.4480552 2.008109E-4
4.4483018 1.988588E-4
4.4485484 1.981146E-4
4.4487950 1.981826E-4
4.4490416 1.983758E-4
4.4492882 1.981078E-4
4.4495347 1.968827E-4
4.4497813 1.940200E-4
4.4500279 1.900335E-4
4.4502745 1.872999E-4
4.4505211 1.882475E-4
4.4507677 1.922104E-4
4.4510143 1.973303E-4
4.4512609 2.018593E-4
4.4515075 2.053757E-4
4.4517541 2.074227E-4
4.4520007 2.078161E-4
4.4522473 2.069533E-4
4.4524939 2.052641E-4
4.4527404 2.032848E-4
4.4529870 2.015821E-4
4.4532336 2.007535E-4
4.4534802 2.003929E-4
4.4537268 1.999647E-4
4.4539734 1.990587E-4
4.4542200 1.979186E-4
4.4544666 1.967477E-4
4.4547132 1.956125E-4
4.4549598 1.944656E-4
4.4552064 1.932994E-4
4.4554530 1.923426E-4
4.4556996 1.918162E-4
4.4559462 1.919023E-4
4.4561927 1.931394E-4
4.4564393 1.961969E-4
4.4566859 2.005226E-4
4.4569325 2.039587E-4
4.4571791 2.042069E-4
4.4574257 2.023112E-4
4.4576723 2.003579E-4
4.4579189 2.002212E-4
4.4581655 2.009754E-4
4.4584121 2.017039E-4
4.4586587 2.018690E-4
4.4589053 2.018642E-4
4.4591519 2.019999E-4
4.4593985 2.019660E-4
4.4596450 2.011959E-4
4.4598916 1.991954E-4
4.4601382 1.966550E-4
4.4603848 1.943680E-4
4.4606314 1.929251E-4
4.4608780 1.921001E-4
4.4611246 1.916301E-4
4.4613712 1.916817E-4
4.4616178 1.927097E-4
4.4618644 1.952017E-4
4.4621110 1.980648E-4
4.4623576 1.999823E-4
4.4626042 2.000061E-4
4.4628507 1.993746E-4
4.4630973 1.992761E-4
4.4633439 2.001797E-4
4.4635905 2.016458E-4
4.4638371 2.033931E-4
4.4640837 2.050480E-4
4.4643303 2.061843E-4
4.4645769 2.064047E-4
4.4648235 2.060227E-4
4.4650701 2.054388E-4
4.4653167 2.047394E-4
4.4655633 2.033739E-4
4.4658099 2.007336E-4
4.4660565 1.975180E-4
4.4663030 1.949412E-4
4.4665496 1.941186E-4
4.4667962 1.943006E-4
4.4670428 1.946584E-4
4.4672894 1.946246E-4
4.4675360 1.944806E-4
4.4677826 1.942866E-4
4.4680292 1.944415E-4
4.4682758 1.955122E-4
4.4685224 1.981085E-4
4.4687690 2.012633E-4
4.4690156 2.038341E-4
4.4692622 2.049306E-4
4.4695087 2.048561E-4
4.4697553 2.037837E-4
4.4700019 2.021567E-4
4.4702485 2.006226E-4
4.4704951 1.999886E-4
4.4707417 1.995906E-4
4.4709883 1.984675E-4
4.4712349 1.958721E-4
4.4714815 1.924977E-4
4.4717281 1.889300E-4
4.4719747 1.858684E-4
4.4722213 1.841089E-4
4.4724679 1.846199E-4
4.4727145 1.867174E-4
4.4729610 1.891034E-4
4.4732076 1.905403E-4
4.4734542 1.916318E-4
4.4737008 1.930036E-4
4.4739474 1.949664E-4
4.4741940 1.969855E-4
4.4744406 1.986945E-4
4.4746872 1.998431E-4
4.4749338 2.002658E-4
4.4751804 1.997404E-4
4.4754270 1.989506E-4
4.4756736 1.986927E-4
4.4759202 1.994146E-4
4.4761668 2.000807E-4
4.4764133 1.997481E-4
4.4766599 1.982169E-4
4.4769065 1.959418E-4
4.4771531 1.931771E-4
4.4773997 1.910082E-4
4.4776463 1.906672E-4
4.4778929 1.930017E-4
4.4781395 1.963611E-4
4.4783861 1.990504E-4
4.4786327 2.003571E-4
4.4788793 2.009800E-4
4.4791259 2.015323E-4
4.4793725 2.018267E-4
4.4796190 2.015084E-4
4.4798656 2.003611E-4
4.4801122 1.990094E-4
4.4803588 1.980025E-4
4.4806054 1.977884E-4
4.4808520 1.986276E-4
4.4810986 2.010053E-4
4.4813452 2.037812E-4
4.4815918 2.051229E-4
4.4818384 2.033389E-4
4.4820850 1.995491E-4
4.4823316 1.950642E-4
4.4825782 1.911062E-4
4.4828248 1.883606E-4
4.4830713 1.876637E-4
4.4833179 1.889738E-4
4.4835645 1.916001E-4
4.4838111 1.948588E-4
4.4840577 1.979999E-4
4.4843043 2.002403E-4
4.4845509 2.010429E-4
4.4847975 2.011266E-4
4.4850441 2.012340E-4
4.4852907 2.017649E-4
4.4855373 2.026650E-4
4.4857839 2.039156E-4
4.4860305 2.055333E-4
4.4862770 2.074951E-4
4.4865236 2.097000E-4
4.4867702 2.114691E-4
4.4870168 2.121244E-4
4.4872634 2.113247E-4
4.4875100 2.093497E-4
4.4877566 2.064596E-4
4.4880032 2.030024E-4
4.4882498 1.993843E-4
4.4884964 1.960481E-4
4.4887430 1.930657E-4
4.4889896 1.904504E-4
4.4892362 1.883253E-4
4.4894828 1.871981E-4
4.4897293 1.875419E-4
4.4899759 1.891666E-4
4.4902225 1.914735E-4
4.4904691 1.938476E-4
4.4907157 1.961668E-4
4.4909623 1.983679E-4
4.4912089 2.003401E-4
4.4914555 2.016066E-4
4.4917021 2.017006E-4
4.4919487 2.007778E-4
4.4921953 1.995662E-4
4.4924419 1.987748E-4
4.4926885 1.984401E-4
4.4929351 1.984417E-4
4.4931816 1.986287E-4
4.4934282 1.987695E-4
4.4936748 1.986761E-4
4.4939214 1.980462E-4
4.4941680 1.964220E-4
4.4944146 1.932311E-4
4.4946612 1.895262E-4
4.4949078 1.868760E-4
4.4951544 1.866594E-4
4.4954010 1.884845E-4
4.4956476 1.919190E-4
4.4958942 1.962939E-4
4.4961408 2.005506E-4
4.4963873 2.035043E-4
4.4966339 2.049718E-4
4.4968805 2.053362E-4
4.4971271 2.050003E-4
4.4973737 2.041344E-4
4.4976203 2.029424E-4
4.4978669 2.016574E-4
4.4981135 2.005739E-4
4.4983601 2.000297E-4
4.4986067 1.998373E-4
4.4988533 1.994027E-4
4.4990999 1.981203E-4
4.4993465 1.962524E-4
4.4995931 1.942085E-4
4.4998396 1.923462E-4
4.5000862 1.907525E-4
4.5003328 1.896231E-4
4.5005794 1.888631E-4
4.5008260 1.880059E-4
4.5010726 1.864736E-4
4.5013192 1.850215E-4
4.5015658 1.847333E-4
4.5018124 1.865122E-4
4.5020590 1.896875E-4
4.5023056 1.935855E-4
4.5025522 1.975746E-4
4.5027988 2.012238E-4
4.5030453 2.039396E-4
4.5032919 2.058150E-4
4.5035385 2.072661E-4
4.5037851 2.087726E-4
4.5040317 2.095038E-4
4.5042783 2.085634E-4
4.5045249 2.056229E-4
4.5047715 2.020795E-4
4.5050181 1.993205E-4
4.5052647 1.975365E-4
4.5055113 1.960769E-4
4.5057579 1.943745E-4
4.5060045 1.925970E-4
4.5062511 1.909694E-4
4.5064976 1.897018E-4
4.5067442 1.890685E-4
4.5069908 1.892789E-4
4.5072374 1.905149E-4
4.5074840 1.928956E-4
4.5077306 1.966749E-4
4.5079772 2.005712E-4
4.5082238 2.029797E-4
4.5084704 2.026020E-4
4.5087170 2.007390E-4
4.5089636 1.986816E-4
4.5092102 1.973140E-4
4.5094568 1.966625E-4
4.5097034 1.970306E-4
4.5099499 1.978363E-4
4.5101965 1.981632E-4
4.5104431 1.970983E-4
4.5106897 1.956930E-4
4.5109363 1.950743E-4
4.5111829 1.958478E-4
4.5114295 1.972065E-4
4.5116761 1.985391E-4
4.5119227 1.993085E-4
4.5121693 1.990685E-4
4.5124159 1.973061E-4
4.5126625 1.948083E-4
4.5129091 1.925829E-4
4.5131556 1.913773E-4
4.5134022 1.905735E-4
4.5136488 1.895043E-4
4.5138954 1.884335E-4
4.5141420 1.884749E-4
4.5143886 1.907161E-4
4.5146352 1.941365E-4
4.5148818 1.973014E-4
4.5151284 1.990029E-4
4.5153750 1.998645E-4
4.5156216 2.005223E-4
4.5158682 2.011056E-4
4.5161148 2.009315E-4
4.5163614 1.993440E-4
4.5166079 1.971466E-4
4.5168545 1.955623E-4
4.5171011 1.956632E-4
4.5173477 1.969012E-4
4.5175943 1.986666E-4
4.5178409 2.003943E-4
4.5180875 2.017641E-4
4.5183341 2.024645E-4
4.5185807 2.021236E-4
4.5188273 2.004086E-4
4.5190739 1.970055E-4
4.5193205 1.932485E-4
4.5195671 1.906118E-4
4.5198136 1.900882E-4
4.5200602 1.910481E-4
4.5203068 1.930546E-4
4.5205534 1.952439E-4
4.5208000 1.965009E-4
4.5210466 1.956855E-4
4.5212932 1.933606E-4
4.5215398 1.903773E-4
4.5217864 1.876112E-4
4.5220330 1.861882E-4
4.5222796 1.874232E-4
4.5225262 1.911170E-4
4.5227728 1.951738E-4
4.5230194 1.974484E-4
4.5232659 1.982107E-4
4.5235125 1.983684E-4
4.5237591 1.987088E-4
4.5240057 1.989152E-4
4.5242523 1.988157E-4
4.5244989 1.982372E-4
4.5247455 1.969712E-4
4.5249921 1.946484E-4
4.5252387 1.919628E-4
4.5254853 1.900223E-4
4.5257319 1.898913E-4
4.5259785 1.906081E-4
4.5262251 1.910849E-4
4.5264717 1.906271E-4
4.5267182 1.897960E-4
4.5269648 1.889596E-4
4.5272114 1.885709E-4
4.5274580 1.890991E-4
4.5277046 1.910644E-4
4.5279512 1.939018E-4
4.5281978 1.968365E-4
4.5284444 1.992351E-4
4.5286910 2.015255E-4
4.5289376 2.042303E-4
4.5291842 2.068688E-4
4.5294308 2.079182E-4
4.5296774 2.058098E-4
4.5299239 2.019002E-4
4.5301705 1.981941E-4
4.5304171 1.964041E-4
4.5306637 1.953640E-4
4.5309103 1.939797E-4
4.5311569 1.917011E-4
4.5314035 1.890004E-4
4.5316501 1.861953E-4
4.5318967 1.836155E-4
4.5321433 1.815809E-4
4.5323899 1.803530E-4
4.5326365 1.807397E-4
4.5328831 1.835588E-4
4.5331297 1.887540E-4
4.5333762 1.941677E-4
4.5336228 1.977032E-4
4.5338694 1.988968E-4
4.5341160 1.983210E-4
4.5343626 1.964598E-4
4.5346092 1.943852E-4
4.5348558 1.933099E-4
4.5351024 1.940605E-4
4.5353490 1.958071E-4
4.5355956 1.977827E-4
4.5358422 1.994549E-4
4.5360888 2.005634E-4
4.5363354 2.007155E-4
4.5365819 2.002862E-4
4.5368285 1.997975E-4
4.5370751 1.996660E-4
4.5373217 1.995519E-4
4.5375683 1.993355E-4
4.5378149 1.984800E-4
4.5380615 1.959014E-4
4.5383081 1.901876E-4
4.5385547 1.835915E-4
4.5388013 1.794116E-4
4.5390479 1.805788E-4
4.5392945 1.847832E-4
4.5395411 1.895228E-4
4.5397877 1.931525E-4
4.5400342 1.962287E-4
4.5402808 1.989889E-4
4.5405274 2.012367E-4
4.5407740 2.026320E-4
4.5410206 2.030438E-4
4.5412672 2.022958E-4
4.5415138 2.002091E-4
4.5417604 1.970246E-4
4.5420070 1.943986E-4
4.5422536 1.939972E-4
4.5425002 1.958871E-4
4.5427468 1.988505E-4
4.5429934 2.017963E-4
4.5432400 2.038890E-4
4.5434865 2.042970E-4
4.5437331 2.024666E-4
4.5439797 1.995935E-4
4.5442263 1.970209E-4
4.5444729 1.951697E-4
4.5447195 1.932865E-4
4.5449661 1.906670E-4
4.5452127 1.880046E-4
4.5454593 1.862931E-4
4.5457059 1.863501E-4
4.5459525 1.876913E-4
4.5461991 1.897786E-4
4.5464457 1.922099E-4
4.5466922 1.949511E-4
4.5469388 1.979487E-4
4.5471854 2.006689E-4
4.5474320 2.024337E-4
4.5476786 2.026949E-4
4.5479252 2.017272E-4
4.5481718 1.998407E-4
4.5484184 1.975585E-4
4.5486650 1.959557E-4
4.5489116 1.962325E-4
4.5491582 1.980869E-4
4.5494048 2.002130E-4
4.5496514 2.013397E-4
4.5498980 2.014279E-4
4.5501445 2.005776E-4
4.5503911 1.989242E-4
4.5506377 1.966282E-4
4.5508843 1.939459E-4
4.5511309 1.911938E-4
4.5513775 1.887154E-4
4.5516241 1.868058E-4
4.5518707 1.858061E-4
4.5521173 1.860197E-4
4.5523639 1.876201E-4
4.5526105 1.899440E-4
4.5528571 1.922615E-4
4.5531037 1.941542E-4
4.5533502 1.957636E-4
4.5535968 1.972227E-4
4.5538434 1.983164E-4
4.5540900 1.987425E-4
4.5543366 1.982672E-4
4.5545832 1.973825E-4
4.5548298 1.966371E-4
4.5550764 1.963167E-4
4.5553230 1.960042E-4
4.5555696 1.953039E-4
4.5558162 1.943249E-4
4.5560628 1.934579E-4
4.5563094 1.930531E-4
4.5565560 1.930489E-4
4.5568025 1.933154E-4
4.5570491 1.937671E-4
4.5572957 1.946584E-4
4.5575423 1.963192E-4
4.5577889 1.982652E-4
4.5580355 1.993725E-4
4.5582821 1.985795E-4
4.5585287 1.964367E-4
4.5587753 1.937766E-4
4.5590219 1.914200E-4
4.5592685 1.903557E-4
4.5595151 1.916682E-4
4.5597617 1.952683E-4
4.5600083 1.995378E-4
4.5602548 2.029532E-4
4.5605014 2.049620E-4
4.5607480 2.053352E-4
4.5609946 2.038916E-4
4.5612412 2.020623E-4
4.5614878 2.014843E-4
4.5617344 2.027165E-4
4.5619810 2.039351E-4
4.5622276 2.033699E-4
4.5624742 2.012711E-4
4.5627208 1.988591E-4
4.5629674 1.972063E-4
4.5632140 1.963845E-4
4.5634605 1.964708E-4
4.5637071 1.973956E-4
4.5639537 1.985617E-4
4.5642003 1.992492E-4
4.5644469 1.995680E-4
4.5646935 2.002025E-4
4.5649401 2.016458E-4
4.5651867 2.040064E-4
4.5654333 2.074274E-4
4.5656799 2.117000E-4
4.5659265 2.137988E-4
4.5661731 2.104733E-4
4.5664197 2.022085E-4
4.5666663 1.937190E-4
4.5669128 1.895322E-4
4.5671594 1.894647E-4
4.5674060 1.920715E-4
4.5676526 1.959418E-4
4.5678992 1.997371E-4
4.5681458 2.019898E-4
4.5683924 2.018658E-4
4.5686390 1.996741E-4
4.5688856 1.951631E-4
4.5691322 1.909924E-4
4.5693788 1.908645E-4
4.5696254 1.982658E-4
4.5698720 2.080262E-4
4.5701185 2.144601E-4
4.5703651 2.141561E-4
4.5706117 2.107370E-4
4.5708583 2.072717E-4
4.5711049 2.048453E-4
4.5713515 2.032411E-4
4.5715981 2.026632E-4
4.5718447 2.018564E-4
4.5720913 1.993331E-4
4.5723379 1.941401E-4
4.5725845 1.879455E-4
4.5728311 1.822393E-4
4.5730777 1.781659E-4
4.5733243 1.764164E-4
4.5735708 1.778783E-4
4.5738174 1.813779E-4
4.5740640 1.852218E-4
4.5743106 1.878826E-4
4.5745572 1.897407E-4
4.5748038 1.911180E-4
4.5750504 1.922150E-4
4.5752970 1.929636E-4
4.5755436 1.935186E-4
4.5757902 1.937227E-4
4.5760368 1.933177E-4
4.5762834 1.920504E-4
4.5765300 1.913108E-4
4.5767766 1.925579E-4
4.5770231 1.962340E-4
4.5772697 2.003146E-4
4.5775163 2.029462E-4
4.5777629 2.035706E-4
4.5780095 2.024003E-4
4.5782561 1.994859E-4
4.5785027 1.964107E-4
4.5787493 1.950282E-4
4.5789959 1.963904E-4
4.5792425 1.980768E-4
4.5794891 1.976213E-4
4.5797357 1.950488E-4
4.5799823 1.924497E-4
4.5802288 1.916779E-4
4.5804754 1.926189E-4
4.5807220 1.948559E-4
4.5809686 1.979187E-4
4.5812152 2.006337E-4
4.5814618 2.016773E-4
4.5817084 2.008470E-4
4.5819550 1.994097E-4
4.5822016 1.985741E-4
4.5824482 1.985046E-4
4.5826948 1.990501E-4
4.5829414 2.000614E-4
4.5831880 2.013802E-4
4.5834346 2.028624E-4
4.5836811 2.041746E-4
4.5839277 2.046012E-4
4.5841743 2.032475E-4
4.5844209 2.010733E-4
4.5846675 1.998194E-4
4.5849141 2.010967E-4
4.5851607 2.038448E-4
4.5854073 2.068372E-4
4.5856539 2.089918E-4
4.5859005 2.099052E-4
4.5861471 2.091223E-4
4.5863937 2.065289E-4
4.5866403 2.022942E-4
4.5868868 1.965317E-4
4.5871334 1.907882E-4
4.5873800 1.868293E-4
4.5876266 1.858845E-4
4.5878732 1.864358E-4
4.5881198 1.869860E-4
4.5883664 1.869011E-4
4.5886130 1.866071E-4
4.5888596 1.862935E-4
4.5891062 1.862694E-4
4.5893528 1.869113E-4
4.5895994 1.885393E-4
4.5898460 1.902304E-4
4.5900926 1.910161E-4
4.5903391 1.906437E-4
4.5905857 1.901661E-4
4.5908323 1.905388E-4
4.5910789 1.918251E-4
4.5913255 1.937225E-4
4.5915721 1.959793E-4
4.5918187 1.980038E-4
4.5920653 1.991134E-4
4.5923119 1.990041E-4
4.5925585 1.985005E-4
4.5928051 1.984556E-4
4.5930517 1.987024E-4
4.5932983 1.984790E-4
4.5935449 1.971562E-4
4.5937914 1.946273E-4
4.5940380 1.908738E-4
4.5942846 1.861080E-4
4.5945312 1.813415E-4
4.5947778 1.774910E-4
4.5950244 1.753629E-4
4.5952710 1.755727E-4
4.5955176 1.789075E-4
4.5957642 1.838018E-4
4.5960108 1.881302E-4
4.5962574 1.901298E-4
4.5965040 1.914560E-4
4.5967506 1.937990E-4
4.5969971 1.974993E-4
4.5972437 2.007420E-4
4.5974903 2.018299E-4
4.5977369 2.012670E-4
4.5979835 2.002893E-4
4.5982301 2.000584E-4
4.5984767 1.994497E-4
4.5987233 1.972134E-4
4.5989699 1.932591E-4
4.5992165 1.903266E-4
4.5994631 1.912328E-4
4.5997097 1.950078E-4
4.5999563 1.987727E-4
4.6002029 1.997246E-4
4.6004494 1.990544E-4
4.6006960 1.982792E-4
4.6009426 1.983208E-4
4.6011892 1.976620E-4
4.6014358 1.950491E-4
4.6016824 1.906035E-4
4.6019290 1.855532E-4
4.6021756 1.808854E-4
4.6024222 1.778326E-4
4.6026688 1.776241E-4
4.6029154 1.810010E-4
4.6031620 1.861542E-4
4.6034086 1.912798E-4
4.6036551 1.951929E-4
4.6039017 1.976817E-4
4.6041483 1.983329E-4
4.6043949 1.978231E-4
4.6046415 1.971893E-4
4.6048881 1.974221E-4
4.6051347 1.982093E-4
4.6053813 1.992323E-4
4.6056279 2.002665E-4
4.6058745 2.013617E-4
4.6061211 2.025009E-4
4.6063677 2.034636E-4
4.6066143 2.039638E-4
4.6068609 2.037597E-4
4.6071074 2.028972E-4
4.6073540 2.014410E-4
4.6076006 1.995691E-4
4.6078472 1.977803E-4
4.6080938 1.966422E-4
4.6083404 1.960315E-4
4.6085870 1.953689E-4
4.6088336 1.941473E-4
4.6090802 1.923921E-4
4.6093268 1.901703E-4
4.6095734 1.876924E-4
4.6098200 1.861119E-4
4.6100666 1.866802E-4
4.6103132 1.893034E-4
4.6105597 1.924014E-4
4.6108063 1.944314E-4
4.6110529 1.954607E-4
4.6112995 1.959320E-4
4.6115461 1.962494E-4
4.6117927 1.963946E-4
4.6120393 1.963840E-4
4.6122859 1.964136E-4
4.6125325 1.969653E-4
4.6127791 1.985788E-4
4.6130257 2.006871E-4
4.6132723 2.023366E-4
4.6135189 2.026588E-4
4.6137654 2.019852E-4
4.6140120 2.006671E-4
4.6142586 1.991230E-4
4.6145052 1.978909E-4
4.6147518 1.977133E-4
4.6149984 1.982203E-4
4.6152450 1.984107E-4
4.6154916 1.971600E-4
4.6157382 1.958258E-4
4.6159848 1.960431E-4
4.6162314 1.986660E-4
4.6164780 2.011421E-4
4.6167246 2.010385E-4
4.6169712 1.980303E-4
4.6172177 1.938347E-4
4.6174643 1.898729E-4
4.6177109 1.872640E-4
4.6179575 1.870652E-4
4.6182041 1.899935E-4
4.6184507 1.944199E-4
4.6186973 1.986856E-4
4.6189439 2.016603E-4
4.6191905 2.031558E-4
4.6194371 2.027636E-4
4.6196837 2.012072E-4
4.6199303 1.996135E-4
4.6201769 1.991007E-4
4.6204234 1.990372E-4
4.6206700 1.986754E-4
4.6209166 1.978087E-4
4.6211632 1.975680E-4
4.6214098 1.991433E-4
4.6216564 2.016673E-4
4.6219030 2.033170E-4
4.6221496 2.023775E-4
4.6223962 1.999744E-4
4.6226428 1.974331E-4
4.6228894 1.958146E-4
4.6231360 1.952254E-4
4.6233826 1.960511E-4
4.6236292 1.976987E-4
4.6238757 1.988445E-4
4.6241223 1.981064E-4
4.6243689 1.961114E-4
4.6246155 1.938439E-4
4.6248621 1.921509E-4
4.6251087 1.906801E-4
4.6253553 1.890598E-4
4.6256019 1.876515E-4
4.6258485 1.877091E-4
4.6260951 1.905145E-4
4.6263417 1.949118E-4
4.6265883 1.991075E-4
4.6268349 2.014959E-4
4.6270815 2.029164E-4
4.6273280 2.042104E-4
4.6275746 2.057968E-4
4.6278212 2.071768E-4
4.6280678 2.079410E-4
4.6283144 2.081767E-4
4.6285610 2.081791E-4
4.6288076 2.082945E-4
4.6290542 2.074531E-4
4.6293008 2.044925E-4
4.6295474 1.991472E-4
4.6297940 1.937717E-4
4.6300406 1.906909E-4
4.6302872 1.901990E-4
4.6305337 1.911580E-4
4.6307803 1.924777E-4
4.6310269 1.940766E-4
4.6312735 1.959012E-4
4.6315201 1.977809E-4
4.6317667 1.991521E-4
4.6320133 1.995863E-4
4.6322599 1.988412E-4
4.6325065 1.968987E-4
4.6327531 1.936474E-4
4.6329997 1.902875E-4
4.6332463 1.882762E-4
4.6334929 1.888146E-4
4.6337395 1.910439E-4
4.6339860 1.941111E-4
4.6342326 1.972163E-4
4.6344792 1.997870E-4
4.6347258 2.009968E-4
4.6349724 2.013118E-4
4.6352190 2.016721E-4
4.6354656 2.029932E-4
4.6357122 2.042022E-4
4.6359588 2.042025E-4
4.6362054 2.024587E-4
4.6364520 1.998280E-4
4.6366986 1.970278E-4
4.6369452 1.946429E-4
4.6371917 1.931348E-4
4.6374383 1.928904E-4
4.6376849 1.941179E-4
4.6379315 1.969822E-4
4.6381781 2.012254E-4
4.6384247 2.049567E-4
4.6386713 2.061372E-4
4.6389179 2.047686E-4
4.6391645 2.027073E-4
4.6394111 2.017715E-4
4.6396577 2.015332E-4
4.6399043 2.012411E-4
4.6401509 2.003008E-4
4.6403975 1.985876E-4
4.6406440 1.957697E-4
4.6408906 1.923411E-4
4.6411372 1.899180E-4
4.6413838 1.901611E-4
4.6416304 1.923783E-4
4.6418770 1.951526E-4
4.6421236 1.971699E-4
4.6423702 1.982384E-4
4.6426168 1.981360E-4
4.6428634 1.969065E-4
4.6431100 1.950620E-4
4.6433566 1.931233E-4
4.6436032 1.915733E-4
4.6438498 1.908368E-4
4.6440963 1.913354E-4
4.6443429 1.924773E-4
4.6445895 1.935498E-4
4.6448361 1.940615E-4
4.6450827 1.943876E-4
4.6453293 1.948255E-4
4.6455759 1.954739E-4
4.6458225 1.962692E-4
4.6460691 1.972188E-4
4.6463157 1.981018E-4
4.6465623 1.986399E-4
4.6468089 1.986399E-4
4.6470555 1.986247E-4
4.6473020 1.991915E-4
4.6475486 2.001830E-4
4.6477952 2.005688E-4
4.6480418 1.993584E-4
4.6482884 1.970215E-4
4.6485350 1.943944E-4
4.6487816 1.922390E-4
4.6490282 1.909435E-4
4.6492748 1.909587E-4
4.6495214 1.922646E-4
4.6497680 1.940377E-4
4.6500146 1.954274E-4
4.6502612 1.963597E-4
4.6505078 1.970797E-4
4.6507543 1.977426E-4
4.6510009 1.987882E-4
4.6512475 2.007600E-4
4.6514941 2.036620E-4
4.6517407 2.058764E-4
4.6519873 2.057860E-4
4.6522339 2.035601E-4
4.6524805 2.005592E-4
4.6527271 1.979592E-4
4.6529737 1.965653E-4
4.6532203 1.971801E-4
4.6534669 2.001404E-4
4.6537135 2.034820E-4
4.6539600 2.051584E-4
4.6542066 2.046929E-4
4.6544532 2.032389E-4
4.6546998 2.017779E-4
4.6549464 2.007132E-4
4.6551930 2.003419E-4
4.6554396 2.008887E-4
4.6556862 2.019011E-4
4.6559328 2.029676E-4
4.6561794 2.034882E-4
4.6564260 2.026352E-4
4.6566726 1.994143E-4
4.6569192 1.948736E-4
4.6571658 1.908032E-4
4.6574123 1.888641E-4
4.6576589 1.885329E-4
4.6579055 1.891729E-4
4.6581521 1.903482E-4
4.6583987 1.923349E-4
4.6586453 1.953879E-4
4.6588919 1.986980E-4
4.6591385 2.009319E-4
4.6593851 2.008588E-4
4.6596317 1.992121E-4
4.6598783 1.969417E-4
4.6601249 1.948931E-4
4.6603715 1.932752E-4
4.6606181 1.923699E-4
4.6608646 1.923175E-4
4.6611112 1.931184E-4
4.6613578 1.948144E-4
4.6616044 1.966194E-4
4.6618510 1.975827E-4
4.6620976 1.969929E-4
4.6623442 1.960398E-4
4.6625908 1.959642E-4
4.6628374 1.970156E-4
4.6630840 1.980816E-4
4.6633306 1.982226E-4
4.6635772 1.974443E-4
4.6638238 1.960252E-4
4.6640703 1.942047E-4
4.6643169 1.931454E-4
4.6645635 1.940980E-4
4.6648101 1.973246E-4
4.6650567 2.010751E-4
4.6653033 2.036824E-4
4.6655499 2.047311E-4
4.6657965 2.044519E-4
4.6660431 2.030493E-4
4.6662897 2.009675E-4
4.6665363 1.987654E-4
4.6667829 1.969208E-4
4.6670295 1.954537E-4
4.6672761 1.943191E-4
4.6675226 1.937532E-4
4.6677692 1.941546E-4
4.6680158 1.959282E-4
4.6682624 1.981085E-4
4.6685090 1.995548E-4
4.6687556 1.994024E-4
4.6690022 1.982151E-4
4.6692488 1.964411E-4
4.6694954 1.947034E-4
4.6697420 1.937335E-4
4.6699886 1.944126E-4
4.6702352 1.960319E-4
4.6704818 1.974715E-4
4.6707283 1.977518E-4
4.6709749 1.970894E-4
4.6712215 1.956395E-4
4.6714681 1.937988E-4
4.6717147 1.923043E-4
4.6719613 1.918573E-4
4.6722079 1.925882E-4
4.6724545 1.943548E-4
4.6727011 1.970783E-4
4.6729477 1.987626E-4
4.6731943 1.972725E-4
4.6734409 1.918328E-4
4.6736875 1.854777E-4
4.6739341 1.810648E-4
4.6741806 1.795900E-4
4.6744272 1.807588E-4
4.6746738 1.844547E-4
4.6749204 1.892143E-4
4.6751670 1.932791E-4
4.6754136 1.953487E-4
4.6756602 1.967033E-4
4.6759068 1.986256E-4
4.6761534 2.012349E-4
4.6764000 2.034970E-4
4.6766466 2.045024E-4
4.6768932 2.045724E-4
4.6771398 2.042798E-4
4.6773864 2.041031E-4
4.6776329 2.037211E-4
4.6778795 2.028266E-4
4.6781261 2.014573E-4
4.6783727 2.001767E-4
4.6786193 1.995824E-4
4.6788659 1.993597E-4
4.6791125 1.988822E-4
4.6793591 1.975692E-4
4.6796057 1.962699E-4
4.6798523 1.958962E-4
4.6800989 1.967484E-4
4.6803455 1.975969E-4
4.6805921 1.971987E-4
4.6808386 1.957814E-4
4.6810852 1.943357E-4
4.6813318 1.938384E-4
4.6815784 1.935373E-4
4.6818250 1.925421E-4
4.6820716 1.904090E-4
4.6823182 1.885040E-4
4.6825648 1.881715E-4
4.6828114 1.893652E-4
4.6830580 1.909116E-4
4.6833046 1.917197E-4
4.6835512 1.918840E-4
4.6837978 1.916835E-4
4.6840444 1.913775E-4
4.6842909 1.911374E-4
4.6845375 1.911994E-4
4.6847841 1.916704E-4
4.6850307 1.924733E-4
4.6852773 1.935084E-4
4.6855239 1.947726E-4
4.6857705 1.962734E-4
4.6860171 1.979945E-4
4.6862637 1.995566E-4
4.6865103 2.005677E-4
4.6867569 2.008912E-4
4.6870035 2.009206E-4
4.6872501 2.010515E-4
4.6874966 2.012990E-4
4.6877432 2.015132E-4
4.6879898 2.015748E-4
4.6882364 2.015687E-4
4.6884830 2.015413E-4
4.6887296 2.015635E-4
4.6889762 2.018786E-4
4.6892228 2.028202E-4
4.6894694 2.039273E-4
4.6897160 2.042347E-4
4.6899626 2.028280E-4
4.6902092 2.000981E-4
4.6904558 1.966586E-4
4.6907024 1.931423E-4
4.6909489 1.900580E-4
4.6911955 1.878639E-4
4.6914421 1.870252E-4
4.6916887 1.879883E-4
4.6919353 1.914095E-4
4.6921819 1.955678E-4
4.6924285 1.981652E-4
4.6926751 1.973142E-4
4.6929217 1.954109E-4
4.6931683 1.948890E-4
4.6934149 1.967625E-4
4.6936615 1.993820E-4
4.6939081 2.014633E-4
4.6941546 2.024814E-4
4.6944012 2.022055E-4
4.6946478 2.003358E-4
4.6948944 1.982635E-4
4.6951410 1.975842E-4
4.6953876 1.990317E-4
4.6956342 2.008002E-4
4.6958808 2.009594E-4
4.6961274 1.999664E-4
4.6963740 1.996383E-4
4.6966206 2.017839E-4
4.6968672 2.044123E-4
4.6971138 2.051486E-4
4.6973604 2.024885E-4
4.6976069 1.986336E-4
4.6978535 1.956381E-4
4.6981001 1.941019E-4
4.6983467 1.932056E-4
4.6985933 1.923462E-4
4.6988399 1.912932E-4
4.6990865 1.898787E-4
4.6993331 1.879906E-4
4.6995797 1.857930E-4
4.6998263 1.833729E-4
4.7000729 1.813616E-4
4.7003195 1.811190E-4
4.7005661 1.839502E-4
4.7008127 1.893033E-4
4.7010592 1.959801E-4
4.7013058 2.028209E-4
4.7015524 2.082123E-4
4.7017990 2.104468E-4
4.7020456 2.089673E-4
4.7022922 2.058356E-4
4.7025388 2.031481E-4
4.7027854 2.013977E-4
4.7030320 2.002397E-4
4.7032786 1.994400E-4
4.7035252 1.989697E-4
4.7037718 1.986837E-4
4.7040184 1.984687E-4
4.7042649 1.986039E-4
4.7045115 1.995085E-4
4.7047581 2.006831E-4
4.7050047 2.009595E-4
4.7052513 1.990335E-4
4.7054979 1.964595E-4
4.7057445 1.952351E-4
4.7059911 1.967834E-4
4.7062377 1.992559E-4
4.7064843 2.010334E-4
4.7067309 2.009991E-4
4.7069775 1.988262E-4
4.7072241 1.938871E-4
4.7074707 1.877290E-4
4.7077172 1.825115E-4
4.7079638 1.801899E-4
4.7082104 1.798044E-4
4.7084570 1.802823E-4
4.7087036 1.810506E-4
4.7089502 1.827456E-4
4.7091968 1.859405E-4
4.7094434 1.896168E-4
4.7096900 1.921680E-4
4.7099366 1.921837E-4
4.7101832 1.903488E-4
4.7104298 1.874524E-4
4.7106764 1.844581E-4
4.7109229 1.827580E-4
4.7111695 1.840382E-4
4.7114161 1.877175E-4
4.7116627 1.917214E-4
4.7119093 1.938843E-4
4.7121559 1.951886E-4
4.7124025 1.970056E-4
4.7126491 2.002473E-4
4.7128957 2.034066E-4
4.7131423 2.050996E-4
4.7133889 2.050793E-4
4.7136355 2.043663E-4
4.7138821 2.038779E-4
4.7141287 2.035510E-4
4.7143752 2.031470E-4
4.7146218 2.024901E-4
4.7148684 2.013172E-4
4.7151150 1.992505E-4
4.7153616 1.964746E-4
4.7156082 1.941270E-4
4.7158548 1.934173E-4
4.7161014 1.938106E-4
4.7163480 1.941424E-4
4.7165946 1.933369E-4
4.7168412 1.919351E-4
4.7170878 1.905370E-4
4.7173344 1.895157E-4
4.7175810 1.885627E-4
4.7178275 1.874222E-4
4.7180741 1.863663E-4
4.7183207 1.859430E-4
4.7185673 1.866525E-4
4.7188139 1.882783E-4
4.7190605 1.904847E-4
4.7193071 1.929625E-4
4.7195537 1.957020E-4
4.7198003 1.987093E-4
4.7200469 2.016013E-4
4.7202935 2.036780E-4
4.7205401 2.042770E-4
4.7207867 2.037756E-4
4.7210332 2.027623E-4
4.7212798 2.017926E-4
4.7215264 2.011972E-4
4.7217730 2.013887E-4
4.7220196 2.023240E-4
4.7222662 2.033227E-4
4.7225128 2.036669E-4
4.7227594 2.034670E-4
4.7230060 2.030903E-4
4.7232526 2.028653E-4
4.7234992 2.026955E-4
4.7237458 2.024667E-4
4.7239924 2.021609E-4
4.7242390 2.020107E-4
4.7244855 2.022921E-4
4.7247321 2.025175E-4
4.7249787 2.018725E-4
4.7252253 1.996589E-4
4.7254719 1.959655E-4
4.7257185 1.909869E-4
4.7259651 1.852085E-4
4.7262117 1.799143E-4
4.7264583 1.763603E-4
4.7267049 1.751555E-4
4.7269515 1.763047E-4
4.7271981 1.798419E-4
4.7274447 1.846566E-4
4.7276912 1.893653E-4
4.7279378 1.928042E-4
4.7281844 1.956435E-4
4.7284310 1.986079E-4
4.7286776 2.015015E-4
4.7289242 2.029908E-4
4.7291708 2.020168E-4
4.7294174 1.988496E-4
4.7296640 1.941204E-4
4.7299106 1.884988E-4
4.7301572 1.844102E-4
4.7304038 1.843960E-4
4.7306504 1.890308E-4
4.7308970 1.952993E-4
4.7311435 2.004315E-4
4.7313901 2.032737E-4
4.7316367 2.034507E-4
4.7318833 2.005338E-4
4.7321299 1.964934E-4
4.7323765 1.936012E-4
4.7326231 1.933583E-4
4.7328697 1.948147E-4
4.7331163 1.971669E-4
4.7333629 1.998342E-4
4.7336095 2.024003E-4
4.7338561 2.044528E-4
4.7341027 2.051710E-4
4.7343493 2.037576E-4
4.7345958 1.999254E-4
4.7348424 1.955058E-4
4.7350890 1.922992E-4
4.7353356 1.911482E-4
4.7355822 1.917769E-4
4.7358288 1.940792E-4
4.7360754 1.971436E-4
4.7363220 1.998234E-4
4.7365686 2.010950E-4
4.7368152 2.018179E-4
4.7370618 2.029487E-4
4.7373084 2.046772E-4
4.7375550 2.058799E-4
4.7378015 2.054211E-4
4.7380481 2.040899E-4
4.7382947 2.033180E-4
4.7385413 2.044156E-4
4.7387879 2.061369E-4
4.7390345 2.071157E-4
4.7392811 2.066776E-4
4.7395277 2.059834E-4
4.7397743 2.061077E-4
4.7400209 2.068794E-4
4.7402675 2.074373E-4
4.7405141 2.069988E-4
4.7407607 2.059378E-4
4.7410073 2.047280E-4
4.7412538 2.037101E-4
4.7415004 2.026568E-4
4.7417470 2.014420E-4
4.7419936 2.000435E-4
4.7422402 1.985377E-4
4.7424868 1.968243E-4
4.7427334 1.957261E-4
4.7429800 1.962072E-4
4.7432266 1.988782E-4
4.7434732 2.017221E-4
4.7437198 2.027039E-4
4.7439664 2.011418E-4
4.7442130 1.982760E-4
4.7444595 1.952338E-4
4.7447061 1.923950E-4
4.7449527 1.899318E-4
4.7451993 1.880339E-4
4.7454459 1.874046E-4
4.7456925 1.887561E-4
4.7459391 1.919755E-4
4.7461857 1.953059E-4
4.7464323 1.969053E-4
4.7466789 1.969952E-4
4.7469255 1.968055E-4
4.7471721 1.974878E-4
4.7474187 1.986556E-4
4.7476653 1.998442E-4
4.7479118 2.007435E-4
4.7481584 2.016605E-4
4.7484050 2.029872E-4
4.7486516 2.041668E-4
4.7488982 2.040022E-4
4.7491448 2.012859E-4
4.7493914 1.974627E-4
4.7496380 1.943193E-4
4.7498846 1.932760E-4
4.7501312 1.938830E-4
4.7503778 1.959676E-4
4.7506244 1.985575E-4
4.7508710 1.998926E-4
4.7511176 1.979196E-4
4.7513641 1.943388E-4
4.7516107 1.917553E-4
4.7518573 1.924057E-4
4.7521039 1.950858E-4
4.7523505 1.986596E-4
4.7525971 2.019643E-4
4.7528437 2.039878E-4
4.7530903 2.036051E-4
4.7533369 2.007472E-4
4.7535835 1.959050E-4
4.7538301 1.896613E-4
4.7540767 1.835501E-4
4.7543233 1.792008E-4
4.7545698 1.777212E-4
4.7548164 1.787665E-4
4.7550630 1.819625E-4
4.7553096 1.867613E-4
4.7555562 1.924905E-4
4.7558028 1.985581E-4
4.7560494 2.033048E-4
4.7562960 2.049551E-4
4.7565426 2.025812E-4
4.7567892 1.993179E-4
4.7570358 1.985033E-4
4.7572824 2.004567E-4
4.7575290 2.024830E-4
4.7577756 2.020955E-4
4.7580221 2.000282E-4
4.7582687 1.975978E-4
4.7585153 1.959283E-4
4.7587619 1.954301E-4
4.7590085 1.966638E-4
4.7592551 1.994648E-4
4.7595017 2.026103E-4
4.7597483 2.047920E-4
4.7599949 2.059657E-4
4.7602415 2.065542E-4
4.7604881 2.069788E-4
4.7607347 2.066260E-4
4.7609813 2.048674E-4
4.7612278 2.017117E-4
4.7614744 1.986530E-4
4.7617210 1.972270E-4
4.7619676 1.971812E-4
4.7622142 1.972854E-4
4.7624608 1.964099E-4
4.7627074 1.947699E-4
4.7629540 1.926467E-4
4.7632006 1.903742E-4
4.7634472 1.884814E-4
4.7636938 1.875780E-4
4.7639404 1.877429E-4
4.7641870 1.885958E-4
4.7644336 1.897622E-4
4.7646801 1.911114E-4
4.7649267 1.925291E-4
4.7651733 1.939002E-4
4.7654199 1.952553E-4
4.7656665 1.966212E-4
4.7659131 1.979584E-4
4.7661597 1.991375E-4
4.7664063 2.001455E-4
4.7666529 2.005198E-4
4.7668995 1.997196E-4
4.7671461 1.973513E-4
4.7673927 1.943976E-4
4.7676393 1.918604E-4
4.7678859 1.904901E-4
4.7681324 1.904552E-4
4.7683790 1.919942E-4
4.7686256 1.947826E-4
4.7688722 1.981901E-4
4.7691188 2.015686E-4
4.7693654 2.043534E-4
4.7696120 2.060133E-4
4.7698586 2.062409E-4
4.7701052 2.053291E-4
4.7703518 2.035185E-4
4.7705984 2.014511E-4
4.7708450 1.999828E-4
4.7710916 1.999673E-4
4.7713381 2.008780E-4
4.7715847 2.020006E-4
4.7718313 2.026294E-4
4.7720779 2.019826E-4
4.7723245 1.991806E-4
4.7725711 1.945679E-4
4.7728177 1.898015E-4
4.7730643 1.864090E-4
4.7733109 1.850457E-4
4.7735575 1.860961E-4
4.7738041 1.897583E-4
4.7740507 1.941914E-4
4.7742973 1.973468E-4
4.7745439 1.983922E-4
4.7747904 1.987269E-4
4.7750370 1.996516E-4
4.7752836 2.009655E-4
4.7755302 2.019332E-4
4.7757768 2.020379E-4
4.7760234 2.009841E-4
4.7762700 1.983492E-4
4.7765166 1.944153E-4
4.7767632 1.914990E-4
4.7770098 1.921374E-4
4.7772564 1.955393E-4
4.7775030 1.989291E-4
4.7777496 1.995638E-4
4.7779961 1.986033E-4
4.7782427 1.976382E-4
4.7784893 1.977621E-4
4.7787359 1.974016E-4
4.7789825 1.950291E-4
4.7792291 1.911599E-4
4.7794757 1.881809E-4
4.7797223 1.883995E-4
4.7799689 1.909206E-4
4.7802155 1.941674E-4
4.7804621 1.967365E-4
4.7807087 1.986230E-4
4.7809553 1.996803E-4
4.7812019 1.998908E-4
4.7814484 1.993976E-4
4.7816950 1.984412E-4
4.7819416 1.970741E-4
4.7821882 1.953216E-4
4.7824348 1.932685E-4
4.7826814 1.909691E-4
4.7829280 1.884100E-4
4.7831746 1.858637E-4
4.7834212 1.843068E-4
4.7836678 1.847985E-4
4.7839144 1.868027E-4
4.7841610 1.889663E-4
4.7844076 1.899500E-4
4.7846542 1.902891E-4
4.7849007 1.907082E-4
4.7851473 1.916388E-4
4.7853939 1.921263E-4
4.7856405 1.910904E-4
4.7858871 1.892563E-4
4.7861337 1.887153E-4
4.7863803 1.916852E-4
4.7866269 1.960593E-4
4.7868735 1.990224E-4
4.7871201 1.984583E-4
4.7873667 1.964076E-4
4.7876133 1.946809E-4
4.7878599 1.944174E-4
4.7881064 1.957424E-4
4.7883530 1.990109E-4
4.7885996 2.034842E-4
4.7888462 2.080588E-4
4.7890928 2.116799E-4
4.7893394 2.135049E-4
4.7895860 2.126352E-4
4.7898326 2.091099E-4
4.7900792 2.047780E-4
4.7903258 2.015346E-4
4.7905724 1.996423E-4
4.7908190 1.986045E-4
4.7910656 1.979596E-4
4.7913122 1.975073E-4
4.7915587 1.970102E-4
4.7918053 1.961861E-4
4.7920519 1.946256E-4
4.7922985 1.918859E-4
4.7925451 1.884434E-4
4.7927917 1.853616E-4
4.7930383 1.835881E-4
4.7932849 1.835441E-4
4.7935315 1.855546E-4
4.7937781 1.895613E-4
4.7940247 1.936492E-4
4.7942713 1.958058E-4
4.7945179 1.955709E-4
4.7947644 1.942144E-4
4.7950110 1.928856E-4
4.7952576 1.918694E-4
4.7955042 1.913218E-4
4.7957508 1.914239E-4
4.7959974 1.915632E-4
4.7962440 1.909237E-4
4.7964906 1.896612E-4
4.7967372 1.896601E-4
4.7969838 1.929271E-4
4.7972304 1.981523E-4
4.7974770 2.028311E-4
4.7977236 2.046769E-4
4.7979702 2.048457E-4
4.7982167 2.045458E-4
4.7984633 2.047243E-4
4.7987099 2.054940E-4
4.7989565 2.073308E-4
4.7992031 2.095536E-4
4.7994497 2.108507E-4
4.7996963 2.098391E-4
4.7999429 2.077651E-4
4.8001895 2.061607E-4
4.8004361 2.060911E-4
4.8006827 2.065829E-4
4.8009293 2.068358E-4
4.8011759 2.064084E-4
4.8014225 2.052376E-4
4.8016690 2.031200E-4
4.8019156 2.005130E-4
4.8021622 1.980603E-4
4.8024088 1.963149E-4
4.8026554 1.946923E-4
4.8029020 1.925092E-4
4.8031486 1.899118E-4
4.8033952 1.882905E-4
4.8036418 1.891520E-4
4.8038884 1.913102E-4
4.8041350 1.927726E-4
4.8043816 1.917914E-4
4.8046282 1.900099E-4
4.8048747 1.891001E-4
4.8051213 1.900960E-4
4.8053679 1.924273E-4
4.8056145 1.957006E-4
4.8058611 1.994900E-4
4.8061077 2.033385E-4
4.8063543 2.067353E-4
4.8066009 2.092462E-4
4.8068475 2.105336E-4
4.8070941 2.103904E-4
4.8073407 2.087407E-4
4.8075873 2.053687E-4
4.8078339 2.013440E-4
4.8080805 1.986232E-4
4.8083270 1.992304E-4
4.8085736 2.019099E-4
4.8088202 2.048061E-4
4.8090668 2.063621E-4
4.8093134 2.072010E-4
4.8095600 2.078484E-4
4.8098066 2.083165E-4
4.8100532 2.079467E-4
4.8102998 2.061781E-4
4.8105464 2.036119E-4
4.8107930 2.011389E-4
4.8110396 1.995111E-4
4.8112862 1.990134E-4
4.8115327 2.000260E-4
4.8117793 2.021566E-4
4.8120259 2.035763E-4
4.8122725 2.023394E-4
4.8125191 1.989245E-4
4.8127657 1.948677E-4
4.8130123 1.916994E-4
4.8132589 1.889821E-4
4.8135055 1.861872E-4
4.8137521 1.832849E-4
4.8139987 1.818454E-4
4.8142453 1.833057E-4
4.8144919 1.874463E-4
4.8147385 1.929329E-4
4.8149850 1.985646E-4
4.8152316 2.032479E-4
4.8154782 2.059032E-4
4.8157248 2.058990E-4
4.8159714 2.044966E-4
4.8162180 2.029160E-4
4.8164646 2.020392E-4
4.8167112 2.022692E-4
4.8169578 2.042777E-4
4.8172044 2.068307E-4
4.8174510 2.082361E-4
4.8176976 2.070916E-4
4.8179442 2.051353E-4
4.8181908 2.041301E-4
4.8184373 2.047528E-4
4.8186839 2.057385E-4
4.8189305 2.059930E-4
4.8191771 2.056323E-4
4.8194237 2.051664E-4
4.8196703 2.049670E-4
4.8199169 2.053072E-4
4.8201635 2.065624E-4
4.8204101 2.085796E-4
4.8206567 2.098208E-4
4.8209033 2.085663E-4
4.8211499 2.054463E-4
4.8213965 2.023814E-4
4.8216430 2.012939E-4
4.8218896 2.008631E-4
4.8221362 1.995022E-4
4.8223828 1.961963E-4
4.8226294 1.921855E-4
4.8228760 1.884859E-4
4.8231226 1.858178E-4
4.8233692 1.845536E-4
4.8236158 1.851644E-4
4.8238624 1.872207E-4
4.8241090 1.900355E-4
4.8243556 1.929542E-4
4.8246022 1.960705E-4
4.8248488 1.994987E-4
4.8250953 2.029780E-4
4.8253419 2.057124E-4
4.8255885 2.068434E-4
4.8258351 2.070573E-4
4.8260817 2.075084E-4
4.8263283 2.092486E-4
4.8265749 2.110205E-4
4.8268215 2.114962E-4
4.8270681 2.101673E-4
4.8273147 2.083570E-4
4.8275613 2.073332E-4
4.8278079 2.070037E-4
4.8280545 2.066333E-4
4.8283010 2.055336E-4
4.8285476 2.044031E-4
4.8287942 2.040142E-4
4.8290408 2.047642E-4
4.8292874 2.057984E-4
4.8295340 2.062474E-4
4.8297806 2.060649E-4
4.8300272 2.058406E-4
4.8302738 2.062116E-4
4.8305204 2.063184E-4
4.8307670 2.051204E-4
4.8310136 2.019625E-4
4.8312602 1.982953E-4
4.8315068 1.954811E-4
4.8317533 1.940754E-4
4.8319999 1.935902E-4
4.8322465 1.938624E-4
4.8324931 1.938001E-4
4.8327397 1.920926E-4
4.8329863 1.876819E-4
4.8332329 1.832269E-4
4.8334795 1.814441E-4
4.8337261 1.835415E-4
4.8339727 1.878615E-4
4.8342193 1.930967E-4
4.8344659 1.979945E-4
4.8347125 2.013693E-4
4.8349591 2.020211E-4
4.8352056 2.009768E-4
4.8354522 1.994967E-4
4.8356988 1.985343E-4
4.8359454 1.978979E-4
4.8361920 1.976076E-4
4.8364386 1.974988E-4
4.8366852 1.972914E-4
4.8369318 1.966187E-4
4.8371784 1.959228E-4
4.8374250 1.957322E-4
4.8376716 1.963929E-4
4.8379182 1.974121E-4
4.8381648 1.983486E-4
4.8384113 1.989757E-4
4.8386579 1.993076E-4
4.8389045 1.992010E-4
4.8391511 1.990960E-4
4.8393977 1.995875E-4
4.8396443 2.011151E-4
4.8398909 2.018403E-4
4.8401375 1.998421E-4
4.8403841 1.949659E-4
4.8406307 1.898243E-4
4.8408773 1.868415E-4
4.8411239 1.862570E-4
4.8413705 1.875040E-4
4.8416171 1.900580E-4
4.8418636 1.927280E-4
4.8421102 1.941813E-4
4.8423568 1.936740E-4
4.8426034 1.919320E-4
4.8428500 1.896137E-4
4.8430966 1.873000E-4
4.8433432 1.855069E-4
4.8435898 1.847377E-4
4.8438364 1.852839E-4
4.8440830 1.873908E-4
4.8443296 1.909701E-4
4.8445762 1.947355E-4
4.8448228 1.971960E-4
4.8450693 1.984394E-4
4.8453159 1.999259E-4
4.8455625 2.032216E-4
4.8458091 2.067878E-4
4.8460557 2.086093E-4
4.8463023 2.071901E-4
4.8465489 2.045125E-4
4.8467955 2.025198E-4
4.8470421 2.020223E-4
4.8472887 2.021908E-4
4.8475353 2.023197E-4
4.8477819 2.025443E-4
4.8480285 2.031922E-4
4.8482751 2.044837E-4
4.8485216 2.054976E-4
4.8487682 2.053097E-4
4.8490148 2.036012E-4
4.8492614 2.012815E-4
4.8495080 1.991676E-4
4.8497546 1.977282E-4
4.8500012 1.972305E-4
4.8502478 1.979295E-4
4.8504944 1.996115E-4
4.8507410 2.019656E-4
4.8509876 2.046330E-4
4.8512342 2.072521E-4
4.8514808 2.093525E-4
4.8517274 2.108372E-4
4.8519739 2.118980E-4
4.8522205 2.128985E-4
4.8524671 2.127872E-4
4.8527137 2.103621E-4
4.8529603 2.049577E-4
4.8532069 1.988249E-4
4.8534535 1.942386E-4
4.8537001 1.919703E-4
4.8539467 1.909871E-4
4.8541933 1.903571E-4
4.8544399 1.901495E-4
4.8546865 1.906048E-4
4.8549331 1.918389E-4
4.8551796 1.933147E-4
4.8554262 1.945347E-4
4.8556728 1.952545E-4
4.8559194 1.956586E-4
4.8561660 1.957895E-4
4.8564126 1.961721E-4
4.8566592 1.974874E-4
4.8569058 2.003716E-4
4.8571524 2.037072E-4
4.8573990 2.062697E-4
4.8576456 2.072528E-4
4.8578922 2.070666E-4
4.8581388 2.060498E-4
4.8583854 2.044642E-4
4.8586319 2.025276E-4
4.8588785 2.004192E-4
4.8591251 1.989259E-4
4.8593717 1.989374E-4
4.8596183 2.008739E-4
4.8598649 2.027536E-4
4.8601115 2.023299E-4
4.8603581 1.999923E-4
4.8606047 1.987112E-4
4.8608513 2.013875E-4
4.8610979 2.062379E-4
4.8613445 2.106289E-4
4.8615911 2.123221E-4
4.8618376 2.110061E-4
4.8620842 2.060391E-4
4.8623308 1.985074E-4
4.8625774 1.919425E-4
4.8628240 1.902279E-4
4.8630706 1.920177E-4
4.8633172 1.941317E-4
4.8635638 1.936465E-4
4.8638104 1.919369E-4
4.8640570 1.903939E-4
4.8643036 1.897876E-4
4.8645502 1.892647E-4
4.8647968 1.881230E-4
4.8650434 1.867600E-4
4.8652899 1.861198E-4
4.8655365 1.870347E-4
4.8657831 1.889477E-4
4.8660297 1.911770E-4
4.8662763 1.931165E-4
4.8665229 1.945773E-4
4.8667695 1.953896E-4
4.8670161 1.953261E-4
4.8672627 1.941521E-4
4.8675093 1.915753E-4
4.8677559 1.888071E-4
4.8680025 1.873012E-4
4.8682491 1.881674E-4
4.8684957 1.902233E-4
4.8687422 1.923342E-4
4.8689888 1.938693E-4
4.8692354 1.949467E-4
4.8694820 1.954114E-4
4.8697286 1.959459E-4
4.8699752 1.974614E-4
4.8702218 2.007244E-4
4.8704684 2.044664E-4
4.8707150 2.074250E-4
4.8709616 2.087725E-4
4.8712082 2.086138E-4
4.8714548 2.068289E-4
4.8717014 2.042199E-4
4.8719479 2.019993E-4
4.8721945 2.013293E-4
4.8724411 2.017247E-4
4.8726877 2.025950E-4
4.8729343 2.033351E-4
4.8731809 2.034357E-4
4.8734275 2.022885E-4
4.8736741 1.999550E-4
4.8739207 1.969817E-4
4.8741673 1.938643E-4
4.8744139 1.911915E-4
4.8746605 1.895964E-4
4.8749071 1.894682E-4
4.8751537 1.897193E-4
4.8754002 1.891805E-4
4.8756468 1.877694E-4
4.8758934 1.866157E-4
4.8761400 1.867252E-4
4.8763866 1.880389E-4
4.8766332 1.902450E-4
4.8768798 1.930343E-4
4.8771264 1.956221E-4
4.8773730 1.971101E-4
4.8776196 1.973388E-4
4.8778662 1.974297E-4
4.8781128 1.984870E-4
4.8783594 2.003285E-4
4.8786059 2.022798E-4
4.8788525 2.037901E-4
4.8790991 2.043750E-4
4.8793457 2.034792E-4
4.8795923 2.011007E-4
4.8798389 1.987539E-4
4.8800855 1.980035E-4
4.8803321 1.988768E-4
4.8805787 2.004531E-4
4.8808253 2.018439E-4
4.8810719 2.030769E-4
4.8813185 2.042455E-4
4.8815651 2.053322E-4
4.8818117 2.057733E-4
4.8820582 2.049788E-4
4.8823048 2.032224E-4
4.8825514 2.015464E-4
4.8827980 2.010437E-4
4.8830446 2.011848E-4
4.8832912 2.011143E-4
4.8835378 2.001468E-4
4.8837844 1.989330E-4
4.8840310 1.980450E-4
4.8842776 1.977330E-4
4.8845242 1.977492E-4
4.8847708 1.980002E-4
4.8850174 1.980556E-4
4.8852640 1.973942E-4
4.8855105 1.955651E-4
4.8857571 1.934057E-4
4.8860037 1.917874E-4
4.8862503 1.912542E-4
4.8864969 1.915228E-4
4.8867435 1.924482E-4
4.8869901 1.936235E-4
4.8872367 1.945289E-4
4.8874833 1.946152E-4
4.8877299 1.944356E-4
4.8879765 1.946331E-4
4.8882231 1.956630E-4
4.8884697 1.972532E-4
4.8887162 1.992214E-4
4.8889628 2.012364E-4
4.8892094 2.028806E-4
4.8894560 2.037138E-4
4.8897026 2.038391E-4
4.8899492 2.034817E-4
4.8901958 2.028851E-4
4.8904424 2.022203E-4
4.8906890 2.016668E-4
4.8909356 2.013990E-4
4.8911822 2.015706E-4
4.8914288 2.023578E-4
4.8916754 2.034392E-4
4.8919220 2.043660E-4
4.8921685 2.047634E-4
4.8924151 2.046049E-4
4.8926617 2.037434E-4
4.8929083 2.025111E-4
4.8931549 2.021977E-4
4.8934015 2.043319E-4
4.8936481 2.076128E-4
4.8938947 2.095840E-4
4.8941413 2.079914E-4
4.8943879 2.040730E-4
4.8946345 1.992635E-4
4.8948811 1.948272E-4
4.8951277 1.911975E-4
4.8953742 1.888721E-4
4.8956208 1.882255E-4
4.8958674 1.894649E-4
4.8961140 1.928221E-4
4.8963606 1.964460E-4
4.8966072 1.982348E-4
4.8968538 1.966459E-4
4.8971004 1.925111E-4
4.8973470 1.865013E-4
4.8975936 1.799900E-4
4.8978402 1.749222E-4
4.8980868 1.733031E-4
4.8983334 1.749434E-4
4.8985800 1.790400E-4
4.8988265 1.846819E-4
4.8990731 1.899364E-4
4.8993197 1.926093E-4
4.8995663 1.922607E-4
4.8998129 1.914693E-4
4.9000595 1.927814E-4
4.9003061 1.959371E-4
4.9005527 1.996590E-4
4.9007993 2.028685E-4
4.9010459 2.048751E-4
4.9012925 2.048667E-4
4.9015391 2.027354E-4
4.9017857 2.002487E-4
4.9020323 1.992180E-4
4.9022788 1.998064E-4
4.9025254 2.011927E-4
4.9027720 2.026329E-4
4.9030186 2.038526E-4
4.9032652 2.045594E-4
4.9035118 2.045220E-4
4.9037584 2.038037E-4
4.9040050 2.025128E-4
4.9042516 2.007795E-4
4.9044982 1.987470E-4
4.9047448 1.966240E-4
4.9049914 1.945767E-4
4.9052380 1.927262E-4
4.9054845 1.912055E-4
4.9057311 1.908717E-4
4.9059777 1.926236E-4
4.9062243 1.962056E-4
4.9064709 1.997415E-4
4.9067175 2.014677E-4
4.9069641 2.011609E-4
4.9072107 1.991305E-4
4.9074573 1.956786E-4
4.9077039 1.924112E-4
4.9079505 1.911995E-4
4.9081971 1.925748E-4
4.9084437 1.938945E-4
4.9086903 1.923796E-4
4.9089368 1.889442E-4
4.9091834 1.862482E-4
4.9094300 1.867422E-4
4.9096766 1.892888E-4
4.9099232 1.925157E-4
4.9101698 1.953019E-4
4.9104164 1.976137E-4
4.9106630 1.992675E-4
4.9109096 2.001087E-4
4.9111562 2.000364E-4
4.9114028 1.989554E-4
4.9116494 1.975508E-4
4.9118960 1.966478E-4
4.9121425 1.968610E-4
4.9123891 1.975699E-4
4.9126357 1.982105E-4
4.9128823 1.984621E-4
4.9131289 1.983551E-4
4.9133755 1.977264E-4
4.9136221 1.972124E-4
4.9138687 1.976349E-4
4.9141153 1.996532E-4
4.9143619 2.020097E-4
4.9146085 2.034543E-4
4.9148551 2.032497E-4
4.9151017 2.017280E-4
4.9153483 1.990586E-4
4.9155948 1.958850E-4
4.9158414 1.930455E-4
4.9160880 1.914000E-4
4.9163346 1.905896E-4
4.9165812 1.901267E-4
4.9168278 1.897234E-4
4.9170744 1.898788E-4
4.9173210 1.910764E-4
4.9175676 1.929557E-4
4.9178142 1.946420E-4
4.9180608 1.952797E-4
4.9183074 1.953521E-4
4.9185540 1.954736E-4
4.9188006 1.961256E-4
4.9190471 1.973378E-4
4.9192937 1.993751E-4
4.9195403 2.015488E-4
4.9197869 2.022432E-4
4.9200335 1.997816E-4
4.9202801 1.954062E-4
4.9205267 1.910227E-4
4.9207733 1.883194E-4
4.9210199 1.871273E-4
4.9212665 1.873296E-4
4.9215131 1.887688E-4
4.9217597 1.913085E-4
4.9220063 1.947247E-4
4.9222528 1.984036E-4
4.9224994 2.016260E-4
4.9227460 2.037300E-4
4.9229926 2.048687E-4
4.9232392 2.052453E-4
4.9234858 2.051296E-4
4.9237324 2.048578E-4
4.9239790 2.048553E-4
4.9242256 2.049671E-4
4.9244722 2.047290E-4
4.9247188 2.037756E-4
4.9249654 2.018090E-4
4.9252120 1.985182E-4
4.9254586 1.939832E-4
4.9257051 1.898933E-4
4.9259517 1.880385E-4
4.9261983 1.884727E-4
4.9264449 1.896832E-4
4.9266915 1.902022E-4
4.9269381 1.902788E-4
4.9271847 1.904028E-4
4.9274313 1.909515E-4
4.9276779 1.919808E-4
4.9279245 1.937408E-4
4.9281711 1.958797E-4
4.9284177 1.972185E-4
4.9286643 1.964484E-4
4.9289108 1.946227E-4
4.9291574 1.934625E-4
4.9294040 1.944694E-4
4.9296506 1.968818E-4
4.9298972 1.999683E-4
4.9301438 2.028974E-4
4.9303904 2.047539E-4
4.9306370 2.044361E-4
4.9308836 2.023787E-4
4.9311302 1.997601E-4
4.9313768 1.977188E-4
4.9316234 1.964364E-4
4.9318700 1.960611E-4
4.9321166 1.965354E-4
4.9323631 1.972032E-4
4.9326097 1.973653E-4
4.9328563 1.968033E-4
4.9331029 1.956935E-4
4.9333495 1.940976E-4
4.9335961 1.926182E-4
4.9338427 1.919777E-4
4.9340893 1.926183E-4
4.9343359 1.931137E-4
4.9345825 1.920054E-4
4.9348291 1.891469E-4
4.9350757 1.859981E-4
4.9353223 1.839249E-4
4.9355689 1.830083E-4
4.9358154 1.829900E-4
4.9360620 1.836191E-4
4.9363086 1.852010E-4
4.9365552 1.880217E-4
4.9368018 1.917189E-4
4.9370484 1.948256E-4
4.9372950 1.958793E-4
4.9375416 1.950698E-4
4.9377882 1.932994E-4
4.9380348 1.914592E-4
4.9382814 1.897651E-4
4.9385280 1.884559E-4
4.9387746 1.877808E-4
4.9390211 1.880344E-4
4.9392677 1.893993E-4
4.9395143 1.918445E-4
4.9397609 1.951738E-4
4.9400075 1.992631E-4
4.9402541 2.029072E-4
4.9405007 2.047492E-4
4.9407473 2.039679E-4
4.9409939 2.022282E-4
4.9412405 2.012909E-4
4.9414871 2.013477E-4
4.9417337 2.009579E-4
4.9419803 1.987090E-4
4.9422269 1.955924E-4
4.9424734 1.930777E-4
4.9427200 1.923609E-4
4.9429666 1.919141E-4
4.9432132 1.901417E-4
4.9434598 1.869515E-4
4.9437064 1.846213E-4
4.9439530 1.852892E-4
4.9441996 1.884473E-4
4.9444462 1.926739E-4
4.9446928 1.966661E-4
4.9449394 1.999494E-4
4.9451860 2.019513E-4
4.9454326 2.025077E-4
4.9456791 2.024103E-4
4.9459257 2.026522E-4
4.9461723 2.029096E-4
4.9464189 2.021731E-4
4.9466655 1.994658E-4
4.9469121 1.961629E-4
4.9471587 1.938395E-4
4.9474053 1.934908E-4
4.9476519 1.938549E-4
4.9478985 1.938021E-4
4.9481451 1.929908E-4
4.9483917 1.918078E-4
4.9486383 1.904634E-4
4.9488849 1.895202E-4
4.9491314 1.896044E-4
4.9493780 1.911696E-4
4.9496246 1.935206E-4
4.9498712 1.960059E-4
4.9501178 1.980553E-4
4.9503644 1.992771E-4
4.9506110 1.991223E-4
4.9508576 1.982664E-4
4.9511042 1.977459E-4
4.9513508 1.985066E-4
4.9515974 1.997992E-4
4.9518440 2.008303E-4
4.9520906 2.011854E-4
4.9523372 2.013070E-4
4.9525837 2.015148E-4
4.9528303 2.017557E-4
4.9530769 2.018184E-4
4.9533235 2.015962E-4
4.9535701 2.005353E-4
4.9538167 1.980729E-4
4.9540633 1.941133E-4
4.9543099 1.899512E-4
4.9545565 1.867249E-4
4.9548031 1.852280E-4
4.9550497 1.858930E-4
4.9552963 1.892413E-4
4.9555429 1.936829E-4
4.9557894 1.972937E-4
4.9560360 1.985538E-4
4.9562826 1.983313E-4
4.9565292 1.973938E-4
4.9567758 1.963398E-4
4.9570224 1.954768E-4
4.9572690 1.952956E-4
4.9575156 1.955695E-4
4.9577622 1.958707E-4
4.9580088 1.958020E-4
4.9582554 1.957097E-4
4.9585020 1.959481E-4
4.9587486 1.965856E-4
4.9589952 1.971717E-4
4.9592417 1.972463E-4
4.9594883 1.971081E-4
4.9597349 1.973359E-4
4.9599815 1.984249E-4
4.9602281 2.001729E-4
4.9604747 2.023460E-4
4.9607213 2.046277E-4
4.9609679 2.065550E-4
4.9612145 2.076874E-4
4.9614611 2.077656E-4
4.9617077 2.066961E-4
4.9619543 2.043892E-4
4.9622009 2.016429E-4
4.9624474 1.993905E-4
4.9626940 1.983447E-4
4.9629406 1.980557E-4
4.9631872 1.979953E-4
4.9634338 1.982294E-4
4.9636804 1.993849E-4
4.9639270 2.021149E-4
4.9641736 2.052639E-4
4.9644202 2.073369E-4
4.9646668 2.071227E-4
4.9649134 2.057310E-4
4.9651600 2.042894E-4
4.9654066 2.032739E-4
4.9656532 2.020916E-4
4.9658997 2.003380E-4
4.9661463 1.979948E-4
4.9663929 1.951757E-4
4.9666395 1.919755E-4
4.9668861 1.890023E-4
4.9671327 1.869230E-4
4.9673793 1.860505E-4
4.9676259 1.858455E-4
4.9678725 1.856488E-4
4.9681191 1.857535E-4
4.9683657 1.869059E-4
4.9686123 1.898233E-4
4.9688589 1.929994E-4
4.9691055 1.947905E-4
4.9693520 1.941303E-4
4.9695986 1.920622E-4
4.9698452 1.894422E-4
4.9700918 1.871565E-4
4.9703384 1.860238E-4
4.9705850 1.870143E-4
4.9708316 1.892396E-4
4.9710782 1.914506E-4
4.9713248 1.925991E-4
4.9715714 1.933370E-4
4.9718180 1.943063E-4
4.9720646 1.956112E-4
4.9723112 1.966301E-4
4.9725577 1.966543E-4
4.9728043 1.965942E-4
4.9730509 1.977806E-4
4.9732975 2.013089E-4
4.9735441 2.051281E-4
4.9737907 2.071149E-4
4.9740373 2.063728E-4
4.9742839 2.045333E-4
4.9745305 2.030781E-4
4.9747771 2.022645E-4
4.9750237 2.017960E-4
4.9752703 2.014302E-4
4.9755169 2.015771E-4
4.9757635 2.026356E-4
4.9760100 2.046583E-4
4.9762566 2.066678E-4
4.9765032 2.075821E-4
4.9767498 2.074373E-4
4.9769964 2.070594E-4
4.9772430 2.073762E-4
4.9774896 2.071047E-4
4.9777362 2.047507E-4
4.9779828 1.994175E-4
4.9782294 1.931000E-4
4.9784760 1.876563E-4
4.9787226 1.841952E-4
4.9789692 1.828861E-4
4.9792157 1.840763E-4
4.9794623 1.868742E-4
4.9797089 1.900303E-4
4.9799555 1.923913E-4
4.9802021 1.936149E-4
4.9804487 1.932261E-4
4.9806953 1.916203E-4
4.9809419 1.905777E-4
4.9811885 1.920449E-4
4.9814351 1.953006E-4
4.9816817 1.985768E-4
4.9819283 2.002353E-4
4.9821749 2.005570E-4
4.9824215 1.999328E-4
4.9826680 1.985944E-4
4.9829146 1.961078E-4
4.9831612 1.918908E-4
4.9834078 1.873964E-4
4.9836544 1.851297E-4
4.9839010 1.875030E-4
4.9841476 1.926078E-4
4.9843942 1.980491E-4
4.9846408 2.018324E-4
4.9848874 2.040260E-4
4.9851340 2.045476E-4
4.9853806 2.035605E-4
4.9856272 2.014289E-4
4.9858738 1.984326E-4
4.9861203 1.960968E-4
4.9863669 1.961509E-4
4.9866135 1.997983E-4
4.9868601 2.045034E-4
4.9871067 2.076761E-4
4.9873533 2.081640E-4
4.9875999 2.070507E-4
4.9878465 2.052090E-4
4.9880931 2.029302E-4
4.9883397 2.003681E-4
4.9885863 1.977279E-4
4.9888329 1.955083E-4
4.9890795 1.942405E-4
4.9893260 1.938980E-4
4.9895726 1.931991E-4
4.9898192 1.908552E-4
4.9900658 1.871264E-4
4.9903124 1.831000E-4
4.9905590 1.797493E-4
4.9908056 1.777972E-4
4.9910522 1.779453E-4
4.9912988 1.805256E-4
4.9915454 1.847124E-4
4.9917920 1.897164E-4
4.9920386 1.946126E-4
4.9922852 1.984574E-4
4.9925318 2.001744E-4
4.9927783 2.005200E-4
4.9930249 2.006188E-4
4.9932715 2.013647E-4
4.9935181 2.018360E-4
4.9937647 2.012553E-4
4.9940113 1.993723E-4
4.9942579 1.966160E-4
4.9945045 1.931892E-4
4.9947511 1.899875E-4
4.9949977 1.880869E-4
4.9952443 1.883949E-4
4.9954909 1.894684E-4
4.9957375 1.897130E-4
4.9959840 1.885442E-4
4.9962306 1.875169E-4
4.9964772 1.882451E-4
4.9967238 1.899190E-4
4.9969704 1.907525E-4
4.9972170 1.890739E-4
4.9974636 1.868447E-4
4.9977102 1.862211E-4
4.9979568 1.883591E-4
4.9982034 1.912070E-4
4.9984500 1.929707E-4
4.9986966 1.931668E-4
4.9989432 1.922322E-4
4.9991898 1.902963E-4
4.9994363 1.888540E-4
4.9996829 1.896402E-4
4.9999295 1.936809E-4
5.0001761 1.981928E-4
5.0004227 2.004116E-4
5.0006693 1.996127E-4
5.0009159 1.972943E-4
5.0011625 1.946552E-4
5.0014091 1.924427E-4
5.0016557 1.913633E-4
5.0019023 1.920009E-4
5.0021489 1.930784E-4
5.0023955 1.932348E-4
5.0026421 1.920349E-4
5.0028886 1.906829E-4
5.0031352 1.901853E-4
5.0033818 1.909560E-4
5.0036284 1.931439E-4
5.0038750 1.968534E-4
5.0041216 2.014165E-4
5.0043682 2.060669E-4
5.0046148 2.101109E-4
5.0048614 2.131904E-4
5.0051080 2.150245E-4
5.0053546 2.152607E-4
5.0056012 2.135804E-4
5.0058478 2.097069E-4
5.0060943 2.049524E-4
5.0063409 2.007828E-4
5.0065875 1.983281E-4
5.0068341 1.974461E-4
5.0070807 1.982830E-4
5.0073273 1.998577E-4
5.0075739 2.003099E-4
5.0078205 1.974465E-4
5.0080671 1.934971E-4
5.0083137 1.915228E-4
5.0085603 1.938657E-4
5.0088069 1.977882E-4
5.0090535 2.007374E-4
5.0093001 2.014173E-4
5.0095466 2.005150E-4
5.0097932 1.982991E-4
5.0100398 1.957363E-4
5.0102864 1.940435E-4
5.0105330 1.943542E-4
5.0107796 1.954054E-4
5.0110262 1.958669E-4
5.0112728 1.949938E-4
5.0115194 1.934726E-4
5.0117660 1.917531E-4
5.0120126 1.903246E-4
5.0122592 1.896725E-4
5.0125058 1.903562E-4
5.0127523 1.914448E-4
5.0129989 1.918382E-4
5.0132455 1.908916E-4
5.0134921 1.897008E-4
5.0137387 1.893240E-4
5.0139853 1.897954E-4
5.0142319 1.903734E-4
5.0144785 1.903957E-4
5.0147251 1.899924E-4
5.0149717 1.894184E-4
5.0152183 1.888898E-4
5.0154649 1.882629E-4
5.0157115 1.873530E-4
5.0159581 1.864720E-4
5.0162046 1.865029E-4
5.0164512 1.883328E-4
5.0166978 1.913306E-4
5.0169444 1.944374E-4
5.0171910 1.966618E-4
5.0174376 1.981484E-4
5.0176842 1.991264E-4
5.0179308 1.994130E-4
5.0181774 1.979692E-4
5.0184240 1.937274E-4
5.0186706 1.879296E-4
5.0189172 1.827217E-4
5.0191638 1.801059E-4
5.0194104 1.798564E-4
5.0196569 1.815945E-4
5.0199035 1.847641E-4
5.0201501 1.885989E-4
5.0203967 1.921995E-4
5.0206433 1.950612E-4
5.0208899 1.969863E-4
5.0211365 1.977512E-4
5.0213831 1.977832E-4
5.0216297 1.976721E-4
5.0218763 1.978629E-4
5.0221229 1.978178E-4
5.0223695 1.969900E-4
5.0226161 1.954902E-4
5.0228626 1.941063E-4
5.0231092 1.936098E-4
5.0233558 1.936491E-4
5.0236024 1.936398E-4
5.0238490 1.931091E-4
5.0240956 1.923303E-4
5.0243422 1.914661E-4
5.0245888 1.908251E-4
5.0248354 1.909277E-4
5.0250820 1.924956E-4
5.0253286 1.946238E-4
5.0255752 1.958643E-4
5.0258218 1.948489E-4
5.0260684 1.932637E-4
5.0263149 1.929494E-4
5.0265615 1.947069E-4
5.0268081 1.965921E-4
5.0270547 1.968575E-4
5.0273013 1.953603E-4
5.0275479 1.928689E-4
5.0277945 1.900451E-4
5.0280411 1.875307E-4
5.0282877 1.859541E-4
5.0285343 1.857962E-4
5.0287809 1.872357E-4
5.0290275 1.907459E-4
5.0292741 1.950512E-4
5.0295206 1.974898E-4
5.0297672 1.951797E-4
5.0300138 1.907163E-4
5.0302604 1.876857E-4
5.0305070 1.889311E-4
5.0307536 1.926163E-4
5.0310002 1.971949E-4
5.0312468 2.012823E-4
5.0314934 2.039315E-4
5.0317400 2.039620E-4
5.0319866 2.018776E-4
5.0322332 1.987204E-4
5.0324798 1.954829E-4
5.0327264 1.933870E-4
5.0329729 1.938731E-4
5.0332195 1.969256E-4
5.0334661 1.995101E-4
5.0337127 1.983695E-4
5.0339593 1.944489E-4
5.0342059 1.906251E-4
5.0344525 1.896191E-4
5.0346991 1.901190E-4
5.0349457 1.906045E-4
5.0351923 1.900738E-4
5.0354389 1.893313E-4
5.0356855 1.889442E-4
5.0359321 1.891323E-4
5.0361787 1.898304E-4
5.0364252 1.909939E-4
5.0366718 1.926157E-4
5.0369184 1.946578E-4
5.0371650 1.969680E-4
5.0374116 1.988749E-4
5.0376582 1.998039E-4
5.0379048 1.993825E-4
5.0381514 1.975169E-4
5.0383980 1.939082E-4
5.0386446 1.900503E-4
5.0388912 1.878609E-4
5.0391378 1.889493E-4
5.0393844 1.911953E-4
5.0396309 1.924019E-4
5.0398775 1.915761E-4
5.0401241 1.900947E-4
5.0403707 1.889771E-4
5.0406173 1.887701E-4
5.0408639 1.898082E-4
5.0411105 1.924862E-4
5.0413571 1.952925E-4
5.0416037 1.965974E-4
5.0418503 1.954815E-4
5.0420969 1.929705E-4
5.0423435 1.897763E-4
5.0425901 1.870825E-4
5.0428367 1.862601E-4
5.0430832 1.887749E-4
5.0433298 1.929336E-4
5.0435764 1.966063E-4
5.0438230 1.981357E-4
5.0440696 1.981256E-4
5.0443162 1.969931E-4
5.0445628 1.952779E-4
5.0448094 1.935744E-4
5.0450560 1.924761E-4
5.0453026 1.924076E-4
5.0455492 1.937202E-4
5.0457958 1.965429E-4
5.0460424 1.989650E-4
5.0462889 1.990076E-4
5.0465355 1.961067E-4
5.0467821 1.919681E-4
5.0470287 1.881588E-4
5.0472753 1.853534E-4
5.0475219 1.838972E-4
5.0477685 1.841013E-4
5.0480151 1.860419E-4
5.0482617 1.896570E-4
5.0485083 1.944668E-4
5.0487549 1.992308E-4
5.0490015 2.028403E-4
5.0492481 2.044452E-4
5.0494947 2.034660E-4
5.0497412 1.993472E-4
5.0499878 1.940463E-4
5.0502344 1.898391E-4
5.0504810 1.883994E-4
5.0507276 1.890019E-4
5.0509742 1.910065E-4
5.0512208 1.939480E-4
5.0514674 1.975277E-4
5.0517140 2.013500E-4
5.0519606 2.045285E-4
5.0522072 2.061709E-4
5.0524538 2.056241E-4
5.0527004 2.032252E-4
5.0529470 1.992967E-4
5.0531935 1.945907E-4
5.0534401 1.903220E-4
5.0536867 1.878552E-4
5.0539333 1.868583E-4
5.0541799 1.864758E-4
5.0544265 1.858994E-4
5.0546731 1.859872E-4
5.0549197 1.875438E-4
5.0551663 1.907348E-4
5.0554129 1.944764E-4
5.0556595 1.978720E-4
5.0559061 2.003447E-4
5.0561527 2.015147E-4
5.0563992 2.009540E-4
5.0566458 1.999294E-4
5.0568924 1.998995E-4
5.0571390 2.016281E-4
5.0573856 2.035677E-4
5.0576322 2.043027E-4
5.0578788 2.034458E-4
5.0581254 2.014180E-4
5.0583720 1.985649E-4
5.0586186 1.953835E-4
5.0588652 1.924161E-4
5.0591118 1.901840E-4
5.0593584 1.891427E-4
5.0596050 1.897997E-4
5.0598515 1.918391E-4
5.0600981 1.940532E-4
5.0603447 1.951717E-4
5.0605913 1.953955E-4
5.0608379 1.953057E-4
5.0610845 1.954340E-4
5.0613311 1.951848E-4
5.0615777 1.939434E-4
5.0618243 1.918799E-4
5.0620709 1.905031E-4
5.0623175 1.913699E-4
5.0625641 1.938616E-4
5.0628107 1.964929E-4
5.0630572 1.978493E-4
5.0633038 1.985799E-4
5.0635504 1.994340E-4
5.0637970 2.007179E-4
5.0640436 2.014077E-4
5.0642902 2.004894E-4
5.0645368 1.984574E-4
5.0647834 1.967077E-4
5.0650300 1.965727E-4
5.0652766 1.974219E-4
5.0655232 1.984148E-4
5.0657698 1.988891E-4
5.0660164 1.991384E-4
5.0662630 1.993980E-4
5.0665095 1.995709E-4
5.0667561 1.992565E-4
5.0670027 1.980886E-4
5.0672493 1.965095E-4
5.0674959 1.951164E-4
5.0677425 1.944307E-4
5.0679891 1.943999E-4
5.0682357 1.949684E-4
5.0684823 1.960475E-4
5.0687289 1.975364E-4
5.0689755 1.992740E-4
5.0692221 2.010483E-4
5.0694687 2.026523E-4
5.0697153 2.039440E-4
5.0699618 2.042528E-4
5.0702084 2.028361E-4
5.0704550 1.997827E-4
5.0707016 1.970649E-4
5.0709482 1.967964E-4
5.0711948 1.985033E-4
5.0714414 2.003528E-4
5.0716880 2.005586E-4
5.0719346 2.002012E-4
5.0721812 2.005504E-4
5.0724278 2.023403E-4
5.0726744 2.042032E-4
5.0729210 2.048337E-4
5.0731675 2.042225E-4
5.0734141 2.034189E-4
5.0736607 2.034080E-4
5.0739073 2.036435E-4
5.0741539 2.034030E-4
5.0744005 2.021255E-4
5.0746471 1.998155E-4
5.0748937 1.963900E-4
5.0751403 1.923892E-4
5.0753869 1.890650E-4
5.0756335 1.875161E-4
5.0758801 1.881364E-4
5.0761267 1.910533E-4
5.0763733 1.962488E-4
5.0766198 2.009509E-4
5.0768664 2.021386E-4
5.0771130 1.988663E-4
5.0773596 1.943034E-4
5.0776062 1.916226E-4
5.0778528 1.905604E-4
5.0780994 1.893653E-4
5.0783460 1.865347E-4
5.0785926 1.830152E-4
5.0788392 1.797838E-4
5.0790858 1.776142E-4
5.0793324 1.766546E-4
5.0795790 1.771008E-4
5.0798255 1.789607E-4
5.0800721 1.820693E-4
5.0803187 1.862495E-4
5.0805653 1.905539E-4
5.0808119 1.939188E-4
5.0810585 1.955410E-4
5.0813051 1.960797E-4
5.0815517 1.963350E-4
5.0817983 1.963026E-4
5.0820449 1.951024E-4
5.0822915 1.918242E-4
5.0825381 1.878929E-4
5.0827847 1.852412E-4
5.0830313 1.854621E-4
5.0832778 1.876448E-4
5.0835244 1.908423E-4
5.0837710 1.943456E-4
5.0840176 1.980120E-4
5.0842642 2.016080E-4
5.0845108 2.045009E-4
5.0847574 2.059972E-4
5.0850040 2.055878E-4
5.0852506 2.036513E-4
5.0854972 2.005726E-4
5.0857438 1.970688E-4
5.0859904 1.946602E-4
5.0862370 1.951007E-4
5.0864836 1.976881E-4
5.0867301 2.002776E-4
5.0869767 2.007841E-4
5.0872233 1.999958E-4
5.0874699 1.989030E-4
5.0877165 1.983538E-4
5.0879631 1.986908E-4
5.0882097 2.005938E-4
5.0884563 2.033723E-4
5.0887029 2.051732E-4
5.0889495 2.039908E-4
5.0891961 2.012536E-4
5.0894427 1.990526E-4
5.0896893 1.990920E-4
5.0899358 2.000844E-4
5.0901824 2.008337E-4
5.0904290 2.007529E-4
5.0906756 2.002198E-4
5.0909222 1.995209E-4
5.0911688 1.984457E-4
5.0914154 1.966806E-4
5.0916620 1.940194E-4
5.0919086 1.913892E-4
5.0921552 1.897250E-4
5.0924018 1.895597E-4
5.0926484 1.904905E-4
5.0928950 1.921725E-4
5.0931416 1.941790E-4
5.0933881 1.960605E-4
5.0936347 1.974239E-4
5.0938813 1.978427E-4
5.0941279 1.968570E-4
5.0943745 1.945060E-4
5.0946211 1.926733E-4
5.0948677 1.934388E-4
5.0951143 1.963791E-4
5.0953609 1.991863E-4
5.0956075 1.996092E-4
5.0958541 1.984769E-4
5.0961007 1.970486E-4
5.0963473 1.963774E-4
5.0965938 1.965475E-4
5.0968404 1.979020E-4
5.0970870 1.999862E-4
5.0973336 2.014311E-4
5.0975802 2.006629E-4
5.0978268 1.986978E-4
5.0980734 1.972763E-4
5.0983200 1.979208E-4
5.0985666 1.989953E-4
5.0988132 1.987718E-4
5.0990598 1.968493E-4
5.0993064 1.955137E-4
5.0995530 1.970166E-4
5.0997996 2.004869E-4
5.1000461 2.037383E-4
5.1002927 2.047959E-4
5.1005393 2.042632E-4
5.1007859 2.028244E-4
5.1010325 2.011148E-4
5.1012791 1.994786E-4
5.1015257 1.984465E-4
5.1017723 1.980838E-4
5.1020189 1.981314E-4
5.1022655 1.982529E-4
5.1025121 1.987869E-4
5.1027587 2.001126E-4
5.1030053 2.023640E-4
5.1032519 2.046249E-4
5.1034984 2.060282E-4
5.1037450 2.061661E-4
5.1039916 2.051505E-4
5.1042382 2.030850E-4
5.1044848 2.002554E-4
5.1047314 1.970204E-4
5.1049780 1.937605E-4
5.1052246 1.912919E-4
5.1054712 1.905362E-4
5.1057178 1.914531E-4
5.1059644 1.924376E-4
5.1062110 1.917409E-4
5.1064576 1.901358E-4
5.1067041 1.892754E-4
5.1069507 1.906049E-4
5.1071973 1.931873E-4
5.1074439 1.960600E-4
5.1076905 1.984205E-4
5.1079371 2.000019E-4
5.1081837 2.004585E-4
5.1084303 1.997359E-4
5.1086769 1.979740E-4
5.1089235 1.952842E-4
5.1091701 1.925981E-4
5.1094167 1.910091E-4
5.1096633 1.911264E-4
5.1099099 1.913074E-4
5.1101564 1.897112E-4
5.1104030 1.867837E-4
5.1106496 1.849221E-4
5.1108962 1.865684E-4
5.1111428 1.900151E-4
5.1113894 1.927937E-4
5.1116360 1.929633E-4
5.1118826 1.922662E-4
5.1121292 1.922983E-4
5.1123758 1.936603E-4
5.1126224 1.954442E-4
5.1128690 1.970000E-4
5.1131156 1.979667E-4
5.1133621 1.980756E-4
5.1136087 1.970921E-4
5.1138553 1.954613E-4
5.1141019 1.936833E-4
5.1143485 1.921810E-4
5.1145951 1.911210E-4
5.1148417 1.906800E-4
5.1150883 1.909577E-4
5.1153349 1.919847E-4
5.1155815 1.937521E-4
5.1158281 1.958614E-4
5.1160747 1.978233E-4
5.1163213 1.992733E-4
5.1165679 2.004359E-4
5.1168144 2.017027E-4
5.1170610 2.024579E-4
5.1173076 2.014147E-4
5.1175542 1.972456E-4
5.1178008 1.915982E-4
5.1180474 1.866144E-4
5.1182940 1.839664E-4
5.1185406 1.826030E-4
5.1187872 1.815467E-4
5.1190338 1.804967E-4
5.1192804 1.800350E-4
5.1195270 1.806285E-4
5.1197736 1.818366E-4
5.1200202 1.830117E-4
5.1202667 1.836173E-4
5.1205133 1.842420E-4
5.1207599 1.854784E-4
5.1210065 1.875439E-4
5.1212531 1.899181E-4
5.1214997 1.922007E-4
5.1217463 1.941479E-4
5.1219929 1.955885E-4
5.1222395 1.963005E-4
5.1224861 1.970408E-4
5.1227327 1.986616E-4
5.1229793 2.014617E-4
5.1232259 2.041294E-4
5.1234724 2.054413E-4
5.1237190 2.051504E-4
5.1239656 2.036705E-4
5.1242122 2.013430E-4
5.1244588 1.987564E-4
5.1247054 1.965789E-4
5.1249520 1.953264E-4
5.1251986 1.947693E-4
5.1254452 1.946672E-4
5.1256918 1.948589E-4
5.1259384 1.952867E-4
5.1261850 1.958507E-4
5.1264316 1.963278E-4
5.1266782 1.964875E-4
5.1269247 1.961556E-4
5.1271713 1.953844E-4
5.1274179 1.942333E-4
5.1276645 1.928512E-4
5.1279111 1.914991E-4
5.1281577 1.904501E-4
5.1284043 1.897601E-4
5.1286509 1.893752E-4
5.1288975 1.891874E-4
5.1291441 1.893185E-4
5.1293907 1.899760E-4
5.1296373 1.909014E-4
5.1298839 1.906511E-4
5.1301304 1.876189E-4
5.1303770 1.828105E-4
5.1306236 1.785887E-4
5.1308702 1.772235E-4
5.1311168 1.779208E-4
5.1313634 1.796245E-4
5.1316100 1.814036E-4
5.1318566 1.829380E-4
5.1321032 1.835986E-4
5.1323498 1.836965E-4
5.1325964 1.843261E-4
5.1328430 1.866922E-4
5.1330896 1.897951E-4
5.1333362 1.922584E-4
5.1335827 1.930196E-4
5.1338293 1.931940E-4
5.1340759 1.938750E-4
5.1343225 1.953247E-4
5.1345691 1.966120E-4
5.1348157 1.968366E-4
5.1350623 1.964600E-4
5.1353089 1.962985E-4
5.1355555 1.970298E-4
5.1358021 1.977320E-4
5.1360487 1.975660E-4
5.1362953 1.960013E-4
5.1365419 1.931363E-4
5.1367885 1.886948E-4
5.1370350 1.842398E-4
5.1372816 1.820718E-4
5.1375282 1.844598E-4
5.1377748 1.888022E-4
5.1380214 1.920718E-4
5.1382680 1.923000E-4
5.1385146 1.912252E-4
5.1387612 1.902700E-4
5.1390078 1.899371E-4
5.1392544 1.900123E-4
5.1395010 1.905202E-4
5.1397476 1.909394E-4
5.1399942 1.906216E-4
5.1402407 1.891362E-4
5.1404873 1.874341E-4
5.1407339 1.865152E-4
5.1409805 1.865377E-4
5.1412271 1.866517E-4
5.1414737 1.859704E-4
5.1417203 1.851980E-4
5.1419669 1.853540E-4
5.1422135 1.872168E-4
5.1424601 1.898286E-4
5.1427067 1.923306E-4
5.1429533 1.938579E-4
5.1431999 1.936156E-4
5.1434465 1.906526E-4
5.1436930 1.859509E-4
5.1439396 1.812496E-4
5.1441862 1.782137E-4
5.1444328 1.770175E-4
5.1446794 1.777097E-4
5.1449260 1.801136E-4
5.1451726 1.837473E-4
5.1454192 1.881378E-4
5.1456658 1.922217E-4
5.1459124 1.946785E-4
5.1461590 1.943217E-4
5.1464056 1.915959E-4
5.1466522 1.871637E-4
5.1468987 1.819709E-4
5.1471453 1.782154E-4
5.1473919 1.784247E-4
5.1476385 1.822049E-4
5.1478851 1.863040E-4
5.1481317 1.874091E-4
5.1483783 1.866258E-4
5.1486249 1.858871E-4
5.1488715 1.867756E-4
5.1491181 1.884720E-4
5.1493647 1.904455E-4
5.1496113 1.920684E-4
5.1498579 1.926140E-4
5.1501045 1.909991E-4
5.1503510 1.886866E-4
5.1505976 1.879278E-4
5.1508442 1.907605E-4
5.1510908 1.950633E-4
5.1513374 1.985780E-4
5.1515840 1.999400E-4
5.1518306 2.000478E-4
5.1520772 1.995246E-4
5.1523238 1.988405E-4
5.1525704 1.983775E-4
5.1528170 1.985346E-4
5.1530636 1.995273E-4
5.1533102 2.015330E-4
5.1535568 2.044074E-4
5.1538033 2.069120E-4
5.1540499 2.077453E-4
5.1542965 2.067710E-4
5.1545431 2.048730E-4
5.1547897 2.029541E-4
5.1550363 2.009872E-4
5.1552829 1.988134E-4
5.1555295 1.964093E-4
5.1557761 1.947983E-4
5.1560227 1.949829E-4
5.1562693 1.969449E-4
5.1565159 1.993446E-4
5.1567625 2.009564E-4
5.1570090 2.014092E-4
5.1572556 2.005954E-4
5.1575022 1.984531E-4
5.1577488 1.960212E-4
5.1579954 1.944566E-4
5.1582420 1.942768E-4
5.1584886 1.946731E-4
5.1587352 1.949170E-4
5.1589818 1.947795E-4
5.1592284 1.942687E-4
5.1594750 1.933826E-4
5.1597216 1.920239E-4
5.1599682 1.901239E-4
5.1602148 1.878253E-4
5.1604613 1.858601E-4
5.1607079 1.850047E-4
5.1609545 1.853305E-4
5.1612011 1.863897E-4
5.1614477 1.876978E-4
5.1616943 1.895358E-4
5.1619409 1.922266E-4
5.1621875 1.959119E-4
5.1624341 2.000431E-4
5.1626807 2.041153E-4
5.1629273 2.076195E-4
5.1631739 2.100928E-4
5.1634205 2.111293E-4
5.1636670 2.106471E-4
5.1639136 2.086938E-4
5.1641602 2.054306E-4
5.1644068 2.019412E-4
5.1646534 1.993856E-4
5.1649000 1.982351E-4
5.1651466 1.977665E-4
5.1653932 1.972862E-4
5.1656398 1.967132E-4
5.1658864 1.961860E-4
5.1661330 1.957916E-4
5.1663796 1.953150E-4
5.1666262 1.945678E-4
5.1668728 1.934863E-4
5.1671193 1.922811E-4
5.1673659 1.910917E-4
5.1676125 1.902154E-4
5.1678591 1.900124E-4
5.1681057 1.908558E-4
5.1683523 1.921197E-4
5.1685989 1.930530E-4
5.1688455 1.931046E-4
5.1690921 1.927096E-4
5.1693387 1.923455E-4
5.1695853 1.920027E-4
5.1698319 1.912110E-4
5.1700785 1.894133E-4
5.1703251 1.877306E-4
5.1705716 1.875601E-4
5.1708182 1.899301E-4
5.1710648 1.931414E-4
5.1713114 1.955007E-4
5.1715580 1.961528E-4
5.1718046 1.955640E-4
5.1720512 1.940697E-4
5.1722978 1.919315E-4
5.1725444 1.894360E-4
5.1727910 1.869152E-4
5.1730376 1.850100E-4
5.1732842 1.843573E-4
5.1735308 1.851527E-4
5.1737773 1.866742E-4
5.1740239 1.882271E-4
5.1742705 1.894538E-4
5.1745171 1.901911E-4
5.1747637 1.902419E-4
5.1750103 1.899020E-4
5.1752569 1.896051E-4
5.1755035 1.896233E-4
5.1757501 1.893447E-4
5.1759967 1.879549E-4
5.1762433 1.862538E-4
5.1764899 1.862465E-4
5.1767365 1.899810E-4
5.1769831 1.954302E-4
5.1772296 1.999264E-4
5.1774762 2.013251E-4
5.1777228 2.009650E-4
5.1779694 2.001099E-4
5.1782160 1.992811E-4
5.1784626 1.979715E-4
5.1787092 1.957842E-4
5.1789558 1.934551E-4
5.1792024 1.919732E-4
5.1794490 1.921242E-4
5.1796956 1.931168E-4
5.1799422 1.941438E-4
5.1801888 1.946030E-4
5.1804353 1.943837E-4
5.1806819 1.933171E-4
5.1809285 1.915173E-4
5.1811751 1.892654E-4
5.1814217 1.868506E-4
5.1816683 1.850978E-4
5.1819149 1.848218E-4
5.1821615 1.864548E-4
5.1824081 1.893885E-4
5.1826547 1.931592E-4
5.1829013 1.967781E-4
5.1831479 1.989876E-4
5.1833945 1.985097E-4
5.1836411 1.963002E-4
5.1838876 1.936681E-4
5.1841342 1.917426E-4
5.1843808 1.903361E-4
5.1846274 1.893234E-4
5.1848740 1.888586E-4
5.1851206 1.893823E-4
5.1853672 1.912399E-4
5.1856138 1.939410E-4
5.1858604 1.967950E-4
5.1861070 1.991511E-4
5.1863536 2.003757E-4
5.1866002 1.998073E-4
5.1868468 1.974908E-4
5.1870934 1.945620E-4
5.1873399 1.921636E-4
5.1875865 1.906194E-4
5.1878331 1.899118E-4
5.1880797 1.899872E-4
5.1883263 1.908683E-4
5.1885729 1.925733E-4
5.1888195 1.948123E-4
5.1890661 1.965179E-4
5.1893127 1.964718E-4
5.1895593 1.952660E-4
5.1898059 1.944835E-4
5.1900525 1.956262E-4
5.1902991 1.979867E-4
5.1905456 2.006894E-4
5.1907922 2.029216E-4
5.1910388 2.041094E-4
5.1912854 2.035454E-4
5.1915320 2.015002E-4
5.1917786 1.990829E-4
5.1920252 1.972509E-4
5.1922718 1.967192E-4
5.1925184 1.981471E-4
5.1927650 2.018493E-4
5.1930116 2.052659E-4
5.1932582 2.056742E-4
5.1935048 2.024571E-4
5.1937514 1.980204E-4
5.1939979 1.946643E-4
5.1942445 1.923315E-4
5.1944911 1.902818E-4
5.1947377 1.879589E-4
5.1949843 1.856288E-4
5.1952309 1.833651E-4
5.1954775 1.815681E-4
5.1957241 1.814577E-4
5.1959707 1.844689E-4
5.1962173 1.894025E-4
5.1964639 1.937781E-4
5.1967105 1.952093E-4
5.1969571 1.947897E-4
5.1972036 1.938684E-4
5.1974502 1.934107E-4
5.1976968 1.927809E-4
5.1979434 1.916319E-4
5.1981900 1.898158E-4
5.1984366 1.873572E-4
5.1986832 1.841360E-4
5.1989298 1.811382E-4
5.1991764 1.795272E-4
5.1994230 1.801294E-4
5.1996696 1.818342E-4
5.1999162 1.834712E-4
5.2001628 1.847237E-4
5.2004094 1.863534E-4
5.2006559 1.890496E-4
5.2009025 1.921895E-4
5.2011491 1.948495E-4
5.2013957 1.962737E-4
5.2016423 1.964739E-4
5.2018889 1.954027E-4
5.2021355 1.934271E-4
5.2023821 1.916406E-4
5.2026287 1.912754E-4
5.2028753 1.919911E-4
5.2031219 1.927853E-4
5.2033685 1.926834E-4
5.2036151 1.923259E-4
5.2038617 1.924256E-4
5.2041082 1.932973E-4
5.2043548 1.939873E-4
5.2046014 1.935321E-4
5.2048480 1.922019E-4
5.2050946 1.910461E-4
5.2053412 1.911494E-4
5.2055878 1.917004E-4
5.2058344 1.916546E-4
5.2060810 1.903825E-4
5.2063276 1.894062E-4
5.2065742 1.901363E-4
5.2068208 1.928117E-4
5.2070674 1.964539E-4
5.2073139 2.002819E-4
5.2075605 2.034187E-4
5.2078071 2.049565E-4
5.2080537 2.041899E-4
5.2083003 2.022341E-4
5.2085469 2.003261E-4
5.2087935 1.989590E-4
5.2090401 1.972913E-4
5.2092867 1.945519E-4
5.2095333 1.912752E-4
5.2097799 1.884186E-4
5.2100265 1.868198E-4
5.2102731 1.862185E-4
5.2105197 1.863062E-4
5.2107662 1.868380E-4
5.2110128 1.878323E-4
5.2112594 1.892453E-4
5.2115060 1.908113E-4
5.2117526 1.921652E-4
5.2119992 1.929869E-4
5.2122458 1.932039E-4
5.2124924 1.928029E-4
5.2127390 1.918744E-4
5.2129856 1.907841E-4
5.2132322 1.898942E-4
5.2134788 1.895127E-4
5.2137254 1.898650E-4
5.2139719 1.911650E-4
5.2142185 1.931759E-4
5.2144651 1.955432E-4
5.2147117 1.978946E-4
5.2149583 1.998114E-4
5.2152049 2.008220E-4
5.2154515 2.008385E-4
5.2156981 2.003126E-4
5.2159447 1.997818E-4
5.2161913 1.989791E-4
5.2164379 1.974540E-4
5.2166845 1.948963E-4
5.2169311 1.918767E-4
5.2171777 1.888694E-4
5.2174242 1.865461E-4
5.2176708 1.859950E-4
5.2179174 1.884404E-4
5.2181640 1.928776E-4
5.2184106 1.972978E-4
5.2186572 1.998503E-4
5.2189038 2.003825E-4
5.2191504 1.987692E-4
5.2193970 1.954946E-4
5.2196436 1.930277E-4
5.2198902 1.941415E-4
5.2201368 1.982397E-4
5.2203834 2.022818E-4
5.2206300 2.033797E-4
5.2208765 2.018334E-4
5.2211231 1.983893E-4
5.2213697 1.938542E-4
5.2216163 1.893650E-4
5.2218629 1.863483E-4
5.2221095 1.850492E-4
5.2223561 1.842770E-4
5.2226027 1.827425E-4
5.2228493 1.813087E-4
5.2230959 1.812871E-4
5.2233425 1.836745E-4
5.2235891 1.876853E-4
5.2238357 1.926442E-4
5.2240822 1.975772E-4
5.2243288 2.010719E-4
5.2245754 2.015442E-4
5.2248220 1.996704E-4
5.2250686 1.970575E-4
5.2253152 1.952674E-4
5.2255618 1.941926E-4
5.2258084 1.936976E-4
5.2260550 1.936381E-4
5.2263016 1.939389E-4
5.2265482 1.944224E-4
5.2267948 1.949587E-4
5.2270414 1.954601E-4
5.2272880 1.958199E-4
5.2275345 1.961339E-4
5.2277811 1.965581E-4
5.2280277 1.971932E-4
5.2282743 1.977103E-4
5.2285209 1.976300E-4
5.2287675 1.973255E-4
5.2290141 1.979842E-4
5.2292607 2.009900E-4
5.2295073 2.045234E-4
5.2297539 2.061212E-4
5.2300005 2.038543E-4
5.2302471 2.003354E-4
5.2304937 1.981762E-4
5.2307402 1.983390E-4
5.2309868 1.990213E-4
5.2312334 1.987609E-4
5.2314800 1.973706E-4
5.2317266 1.950865E-4
5.2319732 1.920732E-4
5.2322198 1.895165E-4
5.2324664 1.886919E-4
5.2327130 1.902032E-4
5.2329596 1.930040E-4
5.2332062 1.960814E-4
5.2334528 1.988895E-4
5.2336994 2.011567E-4
5.2339460 2.026088E-4
5.2341925 2.027449E-4
5.2344391 2.011777E-4
5.2346857 1.978667E-4
5.2349323 1.936203E-4
5.2351789 1.890245E-4
5.2354255 1.853735E-4
5.2356721 1.844096E-4
5.2359187 1.880434E-4
5.2361653 1.939878E-4
5.2364119 1.991343E-4
5.2366585 2.009578E-4
5.2369051 2.011334E-4
5.2371517 2.012489E-4
5.2373983 2.018293E-4
5.2376448 2.018473E-4
5.2378914 2.004676E-4
5.2381380 1.982598E-4
5.2383846 1.961585E-4
5.2386312 1.949698E-4
5.2388778 1.940891E-4
5.2391244 1.929120E-4
5.2393710 1.911639E-4
5.2396176 1.892957E-4
5.2398642 1.875828E-4
5.2401108 1.864245E-4
5.2403574 1.862506E-4
5.2406040 1.875411E-4
5.2408505 1.892378E-4
5.2410971 1.901026E-4
5.2413437 1.895284E-4
5.2415903 1.890662E-4
5.2418369 1.902979E-4
5.2420835 1.930397E-4
5.2423301 1.958310E-4
5.2425767 1.972272E-4
5.2428233 1.980679E-4
5.2430699 1.994767E-4
5.2433165 2.021925E-4
5.2435631 2.049373E-4
5.2438097 2.065222E-4
5.2440563 2.065613E-4
5.2443028 2.056499E-4
5.2445494 2.044297E-4
5.2447960 2.026714E-4
5.2450426 1.999654E-4
5.2452892 1.960612E-4
5.2455358 1.930234E-4
5.2457824 1.930029E-4
5.2460290 1.963780E-4
5.2462756 2.003767E-4
5.2465222 2.023764E-4
5.2467688 2.022211E-4
5.2470154 2.007330E-4
5.2472620 1.986017E-4
5.2475085 1.969104E-4
5.2477551 1.969369E-4
5.2480017 1.992081E-4
5.2482483 2.021308E-4
5.2484949 2.039902E-4
5.2487415 2.049779E-4
5.2489881 2.064243E-4
5.2492347 2.095307E-4
5.2494813 2.132431E-4
5.2497279 2.163556E-4
5.2499745 2.178762E-4
5.2502211 2.174415E-4
5.2504677 2.144793E-4
5.2507143 2.097045E-4
5.2509608 2.050235E-4
5.2512074 2.024041E-4
5.2514540 2.014398E-4
5.2517006 2.012458E-4
5.2519472 2.010361E-4
5.2521938 2.008155E-4
5.2524404 2.003615E-4
5.2526870 1.998669E-4
5.2529336 2.001589E-4
5.2531802 2.023034E-4
5.2534268 2.050929E-4
5.2536734 2.066307E-4
5.2539200 2.052057E-4
5.2541666 2.028476E-4
5.2544131 2.017150E-4
5.2546597 2.028972E-4
5.2549063 2.048928E-4
5.2551529 2.064404E-4
5.2553995 2.071462E-4
5.2556461 2.070983E-4
5.2558927 2.063322E-4
5.2561393 2.049311E-4
5.2563859 2.030086E-4
5.2566325 2.008337E-4
5.2568791 1.992454E-4
5.2571257 1.992303E-4
5.2573723 2.003925E-4
5.2576188 2.012450E-4
5.2578654 2.003730E-4
5.2581120 1.983767E-4
5.2583586 1.961328E-4
5.2586052 1.944906E-4
5.2588518 1.946722E-4
5.2590984 1.980911E-4
5.2593450 2.043707E-4
5.2595916 2.108673E-4
5.2598382 2.149371E-4
5.2600848 2.166500E-4
5.2603314 2.168381E-4
5.2605780 2.162574E-4
5.2608246 2.150965E-4
5.2610711 2.137636E-4
5.2613177 2.123531E-4
5.2615643 2.102533E-4
5.2618109 2.067467E-4
5.2620575 2.025919E-4
5.2623041 1.991704E-4
5.2625507 1.977406E-4
5.2627973 1.979627E-4
5.2630439 1.993425E-4
5.2632905 2.013853E-4
5.2635371 2.038628E-4
5.2637837 2.065994E-4
5.2640303 2.088708E-4
5.2642768 2.096584E-4
5.2645234 2.079099E-4
5.2647700 2.052096E-4
5.2650166 2.034896E-4
5.2652632 2.042069E-4
5.2655098 2.063032E-4
5.2657564 2.088803E-4
5.2660030 2.111481E-4
5.2662496 2.125484E-4
5.2664962 2.124330E-4
5.2667428 2.110479E-4
5.2669894 2.088821E-4
5.2672360 2.064621E-4
5.2674826 2.047967E-4
5.2677291 2.049964E-4
5.2679757 2.071817E-4
5.2682223 2.098436E-4
5.2684689 2.114691E-4
5.2687155 2.120322E-4
5.2689621 2.120839E-4
